marker_id_original	marker_id	marker_name	genetic_chr	cM	tableS4_seqid_v403	tableS4_start_v403	tableS4_end_v403	marker_type	attributes	chr	pos	num_mismatch	multimap	source	chr_agrees
solcap_stsnp_c1_6704	solcap_snp_c1_6704	solcap_stsnp_c1_6704	chr01	8.698	ST4.03ch01	2957398	2957398	SNP	ID=solcap_stsnp_c1_6704;Note=type: New OPA;Name=solcap_stsnp_c1_6704; Note=Genetic position = Chr01 8.698 cM	chr01	2967161	0	N	solcap_69k	True
solcap_stsnp_c1_6708	solcap_snp_c1_6708	solcap_stsnp_c1_6708	chr01	11.907	ST4.03ch01	3224553	3224553	SNP	ID=solcap_stsnp_c1_6708;Note=type: New OPA;Name=solcap_stsnp_c1_6708; Note=Genetic position = Chr01 11.907 cM	chr01	3231168	0	N	solcap_69k	True
solcap_stsnp_c1_15142	solcap_snp_c1_15142	solcap_stsnp_c1_15142	chr01	15.567	ST4.03ch01	4310143	4310143	SNP	ID=solcap_stsnp_c1_15142;Note=type: New OPA;Name=solcap_stsnp_c1_15142; Note=Genetic position = Chr01 15.567 cM	chr01	4644404	0	N	solcap_69k	True
solcap_stsnp_c1_6110	solcap_snp_c1_6110	solcap_stsnp_c1_6110	chr01	15.768	ST4.03ch01	3713077	3713077	SNP	ID=solcap_stsnp_c1_6110;Note=type: New OPA;Name=solcap_stsnp_c1_6110; Note=Genetic position = Chr01 15.768 cM	chr01	3694828	0	N	solcap_69k	True
solcap_stsnp_c1_15714	solcap_snp_c1_15714	solcap_stsnp_c1_15714	chr01	23.267	ST4.03ch01	39325733	39325733	SNP	ID=solcap_stsnp_c1_15714;Note=type: New OPA;Name=solcap_stsnp_c1_15714; Note=Genetic position = Chr01 23.267 cM	chr01	34774889	0	N	solcap_69k	True
solcap_stsnp_c1_14565	solcap_snp_c1_14565	solcap_stsnp_c1_14565	chr01	27.244	ST4.03ch01	44395738	44395738	SNP	ID=solcap_stsnp_c1_14565;Note=type: New OPA;Name=solcap_stsnp_c1_14565; Note=Genetic position = Chr01 27.244 cM	chr01	54738958	0	N	solcap_69k	True
solcap_stsnp_c1_806	solcap_snp_c1_806	solcap_stsnp_c1_806	chr01	27.828	ST4.03ch01	58566960	58566960	SNP	ID=solcap_stsnp_c1_806;Note=type: New OPA;Name=solcap_stsnp_c1_806; Note=Genetic position = Chr01 27.828 cM	chr01	60207942	0	N	solcap_69k	True
solcap_stsnp_c1_6607	solcap_snp_c1_6607	solcap_stsnp_c1_6607	chr01	28.149	ST4.03ch01	64430817	64430817	SNP	ID=solcap_stsnp_c1_6607;Note=type: New OPA;Name=solcap_stsnp_c1_6607; Note=Genetic position = Chr01 28.149 cM	chr01	62731262	0	N	solcap_69k	True
solcap_stsnp_c1_13685	solcap_snp_c1_13685	solcap_stsnp_c1_13685	chr01	34.892	ST4.03ch01	64120558	64120558	SNP	ID=solcap_stsnp_c1_13685;Note=type: New OPA;Name=solcap_stsnp_c1_13685; Note=Genetic position = Chr01 34.892 cM	chr01	65627217	0	N	solcap_69k	True
solcap_stsnp_c1_12109	solcap_snp_c1_12109	solcap_stsnp_c1_12109	chr01	35.392	ST4.03ch01	62803084	62803084	SNP	ID=solcap_stsnp_c1_12109;Note=type: New OPA;Name=solcap_stsnp_c1_12109; Note=Genetic position = Chr01 35.392 cM	chr01	64336038	0	N	solcap_69k	True
solcap_stsnp_c1_4754	solcap_snp_c1_4754	solcap_stsnp_c1_4754	chr01	38.902	ST4.03ch01	66339796	66339796	SNP	ID=solcap_stsnp_c1_4754;Note=type: New OPA;Name=solcap_stsnp_c1_4754; Note=Genetic position = Chr01 38.902 cM	chr01	67733812	0	N	solcap_69k	True
solcap_stsnp_c1_4765	solcap_snp_c1_4765	solcap_stsnp_c1_4765	chr01	38.905	ST4.03ch01	66413929	66413929	SNP	ID=solcap_stsnp_c1_4765;Note=type: New OPA;Name=solcap_stsnp_c1_4765; Note=Genetic position = Chr01 38.905 cM	chr01	67805574	0	N	solcap_69k	True
solcap_stsnp_c1_14297	solcap_snp_c1_14297	solcap_stsnp_c1_14297	chr01	38.926	ST4.03ch01	64361950	64361950	SNP	ID=solcap_stsnp_c1_14297;Note=type: New OPA;Name=solcap_stsnp_c1_14297; Note=Genetic position = Chr01 38.926 cM	chr01	65854890	0	N	solcap_69k	True
solcap_stsnp_c1_11230	solcap_snp_c1_11230	solcap_stsnp_c1_11230	chr01	40.083	ST4.03ch01	66577014	66577014	SNP	ID=solcap_stsnp_c1_11230;Note=type: New OPA;Name=solcap_stsnp_c1_11230; Note=Genetic position = Chr01 40.083 cM	chr01	67932856	0	N	solcap_69k	True
solcap_stsnp_c1_4710	solcap_snp_c1_4710	solcap_stsnp_c1_4710	chr01	41.733	ST4.03ch01	65806975	65806975	SNP	ID=solcap_stsnp_c1_4710;Note=type: New OPA;Name=solcap_stsnp_c1_4710; Note=Genetic position = Chr01 41.733 cM	chr01	67271838	0	N	solcap_69k	True
solcap_stsnp_c1_4402	solcap_snp_c1_4402	solcap_stsnp_c1_4402	chr01	42.021	ST4.03ch01	65274601	65274601	SNP	ID=solcap_stsnp_c1_4402;Note=type: New OPA;Name=solcap_stsnp_c1_4402; Note=Genetic position = Chr01 42.021 cM	chr01	66757200	0	N	solcap_69k	True
solcap_stsnp_c1_5760	solcap_snp_c1_5760	solcap_stsnp_c1_5760	chr01	46.775	ST4.03ch01	69918875	69918875	SNP	ID=solcap_stsnp_c1_5760;Note=type: New OPA;Name=solcap_stsnp_c1_5760; Note=Genetic position = Chr01 46.775 cM	chr01	71116443	0	N	solcap_69k	True
solcap_stsnp_c1_3845	solcap_snp_c1_3845	solcap_stsnp_c1_3845	chr01	50.623	ST4.03ch01	72070782	72070782	SNP	ID=solcap_stsnp_c1_3845;Note=type: New OPA;Name=solcap_stsnp_c1_3845; Note=Genetic position = Chr01 50.623 cM	chr01	73171679	0	N	solcap_69k	True
solcap_stsnp_c1_6295	solcap_snp_c1_6295	solcap_stsnp_c1_6295	chr01	56.522	ST4.03ch01	73384602	73384602	SNP	ID=solcap_stsnp_c1_6295;Note=type: New OPA;Name=solcap_stsnp_c1_6295; Note=Genetic position = Chr01 56.522 cM	chr01	74448862	0	N	solcap_69k	True
solcap_stsnp_c1_15573	solcap_snp_c1_15573	solcap_stsnp_c1_15573	chr01	57.545	ST4.03ch01	73880230	73880230	SNP	ID=solcap_stsnp_c1_15573;Note=type: New OPA;Name=solcap_stsnp_c1_15573; Note=Genetic position = Chr01 57.545 cM	chr01	74921059	0	N	solcap_69k	True
solcap_stsnp_c1_4586	solcap_snp_c1_4586	solcap_stsnp_c1_4586	chr01	59.529	ST4.03ch01	74179524	74179524	SNP	ID=solcap_stsnp_c1_4586;Note=type: New OPA;Name=solcap_stsnp_c1_4586; Note=Genetic position = Chr01 59.529 cM	chr01	75121299	0	N	solcap_69k	True
solcap_stsnp_c1_6269	solcap_snp_c1_6269	solcap_stsnp_c1_6269	chr01	59.934	ST4.03ch01	72837041	72837041	SNP	ID=solcap_stsnp_c1_6269;Note=type: New OPA;Name=solcap_stsnp_c1_6269; Note=Genetic position = Chr01 59.934 cM	chr01	73928936	0	N	solcap_69k	True
solcap_stsnp_c1_4607	solcap_snp_c1_4607	solcap_stsnp_c1_4607	chr01	61.148	ST4.03ch01	74335053	74335053	SNP	ID=solcap_stsnp_c1_4607;Note=type: New OPA;Name=solcap_stsnp_c1_4607; Note=Genetic position = Chr01 61.148 cM	chr01	75266586	0	N	solcap_69k	True
solcap_stsnp_c1_4604	solcap_snp_c1_4604	solcap_stsnp_c1_4604	chr01	61.635	ST4.03ch01	74257861	74257861	SNP	ID=solcap_stsnp_c1_4604;Note=type: New OPA;Name=solcap_stsnp_c1_4604; Note=Genetic position = Chr01 61.635 cM	chr01	75196506	0	N	solcap_69k	True
solcap_stsnp_c1_14093	solcap_snp_c1_14093	solcap_stsnp_c1_14093	chr01	62.3	ST4.03ch01	73743526	73743526	SNP	ID=solcap_stsnp_c1_14093;Note=type: New OPA;Name=solcap_stsnp_c1_14093; Note=Genetic position = Chr01 62.3 cM	chr01	74794275	0	N	solcap_69k	True
solcap_stsnp_c1_15429	solcap_snp_c1_15429	solcap_stsnp_c1_15429	chr01	63.763	ST4.03ch01	76207281	76207281	SNP	ID=solcap_stsnp_c1_15429;Note=type: New OPA;Name=solcap_stsnp_c1_15429; Note=Genetic position = Chr01 63.763 cM	chr01	77039028	0	N	solcap_69k	True
solcap_stsnp_c1_2501	solcap_snp_c1_2501	solcap_stsnp_c1_2501	chr01	75.174	ST4.03ch01	79276534	79276534	SNP	ID=solcap_stsnp_c1_2501;Note=type: New OPA;Name=solcap_stsnp_c1_2501; Note=Genetic position = Chr01 75.174 cM	chr01	79880009	0	N	solcap_69k	True
solcap_stsnp_c1_2517	solcap_snp_c1_2517	solcap_stsnp_c1_2517	chr01	76.519	ST4.03ch01	79481643	79481643	SNP	ID=solcap_stsnp_c1_2517;Note=type: New OPA;Name=solcap_stsnp_c1_2517; Note=Genetic position = Chr01 76.519 cM	chr01	80095734	0	N	solcap_69k	True
solcap_stsnp_c1_3281	solcap_snp_c1_3281	solcap_stsnp_c1_3281	chr01	78.463	ST4.03ch01	81598650	81598650	SNP	ID=solcap_stsnp_c1_3281;Note=type: New OPA;Name=solcap_stsnp_c1_3281; Note=Genetic position = Chr01 78.463 cM	chr01	82100630	0	N	solcap_69k	True
solcap_stsnp_c1_3297	solcap_snp_c1_3297	solcap_stsnp_c1_3297	chr01	81.408	ST4.03ch01	80945395	80945395	SNP	ID=solcap_stsnp_c1_3297;Note=type: New OPA;Name=solcap_stsnp_c1_3297; Note=Genetic position = Chr01 81.408 cM	chr01	81517833	0	N	solcap_69k	True
solcap_stsnp_c1_1652	solcap_snp_c1_1652	solcap_stsnp_c1_1652	chr01	81.476	ST4.03ch01	83457092	83457092	SNP	ID=solcap_stsnp_c1_1652;Note=type: New OPA;Name=solcap_stsnp_c1_1652; Note=Genetic position = Chr01 81.476 cM	chr01	83451642	0	N	solcap_69k	True
solcap_stsnp_c1_1724	solcap_snp_c1_1724	solcap_stsnp_c1_1724	chr01	81.579	ST4.03ch01	83502074	83502074	SNP	ID=solcap_stsnp_c1_1724;Note=type: New OPA;Name=solcap_stsnp_c1_1724; Note=Genetic position = Chr01 81.579 cM	chr01	83896183	0	N	solcap_69k	True
solcap_stsnp_c1_1748	solcap_snp_c1_1748	solcap_stsnp_c1_1748	chr01	82.017	ST4.03ch01	83705685	83705685	SNP	ID=solcap_stsnp_c1_1748;Note=type: New OPA;Name=solcap_stsnp_c1_1748; Note=Genetic position = Chr01 82.017 cM	chr01	84095795	0	N	solcap_69k	True
solcap_stsnp_c1_1731	solcap_snp_c1_1731	solcap_stsnp_c1_1731	chr01	82.021	ST4.03ch01	83593936	83593936	SNP	ID=solcap_stsnp_c1_1731;Note=type: New OPA;Name=solcap_stsnp_c1_1731; Note=Genetic position = Chr01 82.021 cM	chr01	83987313	0	N	solcap_69k	True
solcap_stsnp_c1_1577	solcap_snp_c1_1577	solcap_stsnp_c1_1577	chr01	82.023	ST4.03ch01	83756771	83756771	SNP	ID=solcap_stsnp_c1_1577;Note=type: New OPA;Name=solcap_stsnp_c1_1577; Note=Genetic position = Chr01 82.023 cM	chr01	84144580	0	N	solcap_69k	True
solcap_stsnp_c1_10893	solcap_snp_c1_10893	solcap_stsnp_c1_10893	chr01	83.125	ST4.03ch01	84487050	84487050	SNP	ID=solcap_stsnp_c1_10893;Note=type: New OPA;Name=solcap_stsnp_c1_10893; Note=Genetic position = Chr01 83.125 cM	chr01	84845644	0	N	solcap_69k	True
solcap_stsnp_c1_23	solcap_snp_c1_23	solcap_stsnp_c1_23	chr01	83.267	ST4.03ch01	85244059	85244059	SNP	ID=solcap_stsnp_c1_23;Note=type: New OPA;Name=solcap_stsnp_c1_23; Note=Genetic position = Chr01 83.267 cM	chr01	85589930	0	N	solcap_69k	True
solcap_stsnp_c1_14689	solcap_snp_c1_14689	solcap_stsnp_c1_14689	chr01	83.709	ST4.03ch01	86161359	86161359	SNP	ID=solcap_stsnp_c1_14689;Note=type: New OPA;Name=solcap_stsnp_c1_14689; Note=Genetic position = Chr01 83.709 cM	chr01	86449536	0	N	solcap_69k	True
solcap_stsnp_c1_5749	solcap_snp_c1_5749	solcap_stsnp_c1_5749	chr02	9.702	ST4.03ch02	20754871	20754871	SNP	ID=solcap_stsnp_c1_5749;Note=type: New OPA;Name=solcap_stsnp_c1_5749; Note=Genetic position = Chr02 9.702 cM	chr02	19873304	0	N	solcap_69k	True
solcap_stsnp_c1_5228	solcap_snp_c1_5228	solcap_stsnp_c1_5228	chr02	14.037	ST4.03ch02	14350758	14350758	SNP	ID=solcap_stsnp_c1_5228;Note=type: New OPA;Name=solcap_stsnp_c1_5228; Note=Genetic position = Chr02 14.037 cM	chr02	13854680	0	N	solcap_69k	True
solcap_stsnp_c1_9122	solcap_snp_c1_9122	solcap_stsnp_c1_9122	chr02	17.27	ST4.03ch02	19199038	19199038	SNP	ID=solcap_stsnp_c1_9122;Note=type: New OPA;Name=solcap_stsnp_c1_9122; Note=Genetic position = Chr02 17.27 cM	chr02	18485069	0	N	solcap_69k	True
solcap_stsnp_c1_16347	solcap_snp_c1_16347	solcap_stsnp_c1_16347	chr02	18.876	ST4.03ch02	22932497	22932497	SNP	ID=solcap_stsnp_c1_16347;Note=type: New OPA;Name=solcap_stsnp_c1_16347; Note=Genetic position = Chr02 18.876 cM	chr02	21965487	0	N	solcap_69k	True
solcap_stsnp_c1_9732	solcap_snp_c1_9732	solcap_stsnp_c1_9732	chr02	20.269	ST4.03ch02	22770204	22770204	SNP	ID=solcap_stsnp_c1_9732;Note=type: New OPA;Name=solcap_stsnp_c1_9732; Note=Genetic position = Chr02 20.269 cM	chr02	21808866	0	N	solcap_69k	True
solcap_stsnp_c1_9725	solcap_snp_c1_9725	solcap_stsnp_c1_9725	chr02	20.452	ST4.03ch02	22750065	22750065	SNP	ID=solcap_stsnp_c1_9725;Note=type: New OPA;Name=solcap_stsnp_c1_9725; Note=Genetic position = Chr02 20.452 cM	chr02	21788784	0	N	solcap_69k	True
solcap_stsnp_c1_11486	solcap_snp_c1_11486	solcap_stsnp_c1_11486	chr02	22.273	ST4.03ch02	26169748	26169748	SNP	ID=solcap_stsnp_c1_11486;Note=type: New OPA;Name=solcap_stsnp_c1_11486; Note=Genetic position = Chr02 22.273 cM	chr02	25017414	0	N	solcap_69k	True
solcap_stsnp_c1_9302	solcap_snp_c1_9302	solcap_stsnp_c1_9302	chr02	22.448	ST4.03ch02	26527354	26527354	SNP	ID=solcap_stsnp_c1_9302;Note=type: New OPA;Name=solcap_stsnp_c1_9302; Note=Genetic position = Chr02 22.448 cM	chr02	25370147	0	N	solcap_69k	True
solcap_stsnp_c1_15404	solcap_snp_c1_15404	solcap_stsnp_c1_15404	chr02	22.668	ST4.03ch02	24858189	24858189	SNP	ID=solcap_stsnp_c1_15404;Note=type: New OPA;Name=solcap_stsnp_c1_15404; Note=Genetic position = Chr02 22.668 cM	chr02	23885399	0	N	solcap_69k	True
solcap_stsnp_c1_9369	solcap_snp_c1_9369	solcap_stsnp_c1_9369	chr02	23.334	ST4.03ch02	26799085	26799085	SNP	ID=solcap_stsnp_c1_9369;Note=type: New OPA;Name=solcap_stsnp_c1_9369; Note=Genetic position = Chr02 23.334 cM	chr02	25639644	0	N	solcap_69k	True
solcap_stsnp_c1_9376	solcap_snp_c1_9376	solcap_stsnp_c1_9376	chr02	23.433	ST4.03ch02	26907575	26907575	SNP	ID=solcap_stsnp_c1_9376;Note=type: New OPA;Name=solcap_stsnp_c1_9376; Note=Genetic position = Chr02 23.433 cM	chr02	25706037	0	N	solcap_69k	True
solcap_stsnp_c1_13468	solcap_snp_c1_13468	solcap_stsnp_c1_13468	chr02	26.967	ST4.03ch02	27200020	27200020	SNP	ID=solcap_stsnp_c1_13468;Note=type: New OPA;Name=solcap_stsnp_c1_13468; Note=Genetic position = Chr02 26.967 cM	chr02	25999493	0	N	solcap_69k	True
solcap_stsnp_c1_16341	solcap_snp_c1_16341	solcap_stsnp_c1_16341	chr02	27.157	ST4.03ch02	29045616	29045616	SNP	ID=solcap_stsnp_c1_16341;Note=type: New OPA;Name=solcap_stsnp_c1_16341; Note=Genetic position = Chr02 27.157 cM	chr02	27646352	0	N	solcap_69k	True
solcap_stsnp_c1_16340	solcap_snp_c1_16340	solcap_stsnp_c1_16340	chr02	28.867	ST4.03ch02	29020687	29020687	SNP	ID=solcap_stsnp_c1_16340;Note=type: New OPA;Name=solcap_stsnp_c1_16340; Note=Genetic position = Chr02 28.867 cM	chr02	27620643	0	N	solcap_69k	True
solcap_stsnp_c1_5078	solcap_snp_c1_5078	solcap_stsnp_c1_5078	chr02	29.406	ST4.03ch02	28927255	28927255	SNP	ID=solcap_stsnp_c1_5078;Note=type: New OPA;Name=solcap_stsnp_c1_5078; Note=Genetic position = Chr02 29.406 cM	chr02	27527543	0	N	solcap_69k	True
solcap_stsnp_c1_13914	solcap_snp_c1_13914	solcap_stsnp_c1_13914	chr02	30.371	ST4.03ch02	30053177	30053177	SNP	ID=solcap_stsnp_c1_13914;Note=type: New OPA;Name=solcap_stsnp_c1_13914; Note=Genetic position = Chr02 30.371 cM	chr02	28582692	0	N	solcap_69k	True
solcap_stsnp_c1_13929	solcap_snp_c1_13929	solcap_stsnp_c1_13929	chr02	30.435	ST4.03ch02	29929027	29929027	SNP	ID=solcap_stsnp_c1_13929;Note=type: New OPA;Name=solcap_stsnp_c1_13929; Note=Genetic position = Chr02 30.435 cM	chr02	28460955	0	N	solcap_69k	True
solcap_stsnp_c1_16350	solcap_snp_c1_16350	solcap_stsnp_c1_16350	chr02	31.795	ST4.03ch02	30217175	30217175	SNP	ID=solcap_stsnp_c1_16350;Note=type: New OPA;Name=solcap_stsnp_c1_16350; Note=Genetic position = Chr02 31.795 cM	chr02	28703842	0	N	solcap_69k	True
solcap_stsnp_c1_13234	solcap_snp_c1_13234	solcap_stsnp_c1_13234	chr02	35.092	ST4.03ch02	31663570	31663570	SNP	ID=solcap_stsnp_c1_13234;Note=type: New OPA;Name=solcap_stsnp_c1_13234; Note=Genetic position = Chr02 35.092 cM	chr02	30080945	0	N	solcap_69k	True
solcap_stsnp_c1_11588	solcap_snp_c1_11588	solcap_stsnp_c1_11588	chr02	35.561	ST4.03ch02	32077377	32077377	SNP	ID=solcap_stsnp_c1_11588;Note=type: New OPA;Name=solcap_stsnp_c1_11588; Note=Genetic position = Chr02 35.561 cM	chr02	30450017	0	N	solcap_69k	True
solcap_stsnp_c1_14822	solcap_snp_c1_14822	solcap_stsnp_c1_14822	chr02	43.862	ST4.03ch02	35677298	35677298	SNP	ID=solcap_stsnp_c1_14822;Note=type: New OPA;Name=solcap_stsnp_c1_14822; Note=Genetic position = Chr02 43.862 cM	chr02	33716215	0	N	solcap_69k	True
solcap_stsnp_c1_5877	solcap_snp_c1_5877	solcap_stsnp_c1_5877	chr02	45.178	ST4.03ch02	36198536	36198536	SNP	ID=solcap_stsnp_c1_5877;Note=type: New OPA;Name=solcap_stsnp_c1_5877; Note=Genetic position = Chr02 45.178 cM	chr02	34203746	0	N	solcap_69k	True
solcap_stsnp_c1_16172	solcap_snp_c1_16172	solcap_stsnp_c1_16172	chr02	46.584	ST4.03ch02	37475092	37475092	SNP	ID=solcap_stsnp_c1_16172;Note=type: New OPA;Name=solcap_stsnp_c1_16172; Note=Genetic position = Chr02 46.584 cM	chr02	35468438	0	N	solcap_69k	True
solcap_stsnp_c1_12377	solcap_snp_c1_12377	solcap_stsnp_c1_12377	chr02	47.129	ST4.03ch02	37341815	37341815	SNP	ID=solcap_stsnp_c1_12377;Note=type: New OPA;Name=solcap_stsnp_c1_12377; Note=Genetic position = Chr02 47.129 cM	chr02	35334126	0	N	solcap_69k	True
solcap_stsnp_c1_5850	solcap_snp_c1_5850	solcap_stsnp_c1_5850	chr02	49.569	ST4.03ch02	36660072	36660072	SNP	ID=solcap_stsnp_c1_5850;Note=type: New OPA;Name=solcap_stsnp_c1_5850; Note=Genetic position = Chr02 49.569 cM	chr02	34661319	0	N	solcap_69k	True
solcap_stsnp_c1_7931	solcap_snp_c1_7931	solcap_stsnp_c1_7931	chr02	59.058	ST4.03ch02	41432006	41432006	SNP	ID=solcap_stsnp_c1_7931;Note=type: New OPA;Name=solcap_stsnp_c1_7931; Note=Genetic position = Chr02 59.058 cM	chr02	38479345	0	N	solcap_69k	True
solcap_stsnp_c1_7346	solcap_snp_c1_7346	solcap_stsnp_c1_7346	chr02	63.435	ST4.03ch02	42597150	42597150	SNP	ID=solcap_stsnp_c1_7346;Note=type: New OPA;Name=solcap_stsnp_c1_7346; Note=Genetic position = Chr02 63.435 cM	chr02	40296554	0	N	solcap_69k	True
solcap_stsnp_c1_8429	solcap_snp_c1_8429	solcap_stsnp_c1_8429	chr02	64.916	ST4.03ch02	43675446	43675446	SNP	ID=solcap_stsnp_c1_8429;Note=type: New OPA;Name=solcap_stsnp_c1_8429; Note=Genetic position = Chr02 64.916 cM	chr02	41240921	0	N	solcap_69k	True
solcap_stsnp_c1_8485	solcap_snp_c1_8485	solcap_stsnp_c1_8485	chr02	65.395	ST4.03ch02	44590397	44590397	SNP	ID=solcap_stsnp_c1_8485;Note=type: New OPA;Name=solcap_stsnp_c1_8485; Note=Genetic position = Chr02 65.395 cM	chr02	42131765	0	N	solcap_69k	True
solcap_stsnp_c1_8464	solcap_snp_c1_8464	solcap_stsnp_c1_8464	chr02	66.529	ST4.03ch02	44331700	44331700	SNP	ID=solcap_stsnp_c1_8464;Note=type: New OPA;Name=solcap_stsnp_c1_8464; Note=Genetic position = Chr02 66.529 cM	chr02	41878492	0	N	solcap_69k	True
solcap_stsnp_c1_12534	solcap_snp_c1_12534	solcap_stsnp_c1_12534	chr02	67.77	ST4.03ch02	45033905	45033905	SNP	ID=solcap_stsnp_c1_12534;Note=type: New OPA;Name=solcap_stsnp_c1_12534; Note=Genetic position = Chr02 67.77 cM	chr02	42567199	0	N	solcap_69k	True
solcap_stsnp_c1_7864	solcap_snp_c1_7864	solcap_stsnp_c1_7864	chr02	71.022	ST4.03ch02	46684930	46684930	SNP	ID=solcap_stsnp_c1_7864;Note=type: New OPA;Name=solcap_stsnp_c1_7864; Note=Genetic position = Chr02 71.022 cM	chr02	44199967	0	N	solcap_69k	True
solcap_stsnp_c1_14740	solcap_snp_c1_14740	solcap_stsnp_c1_14740	chr02	71.402	ST4.03ch02	46757863	46757863	SNP	ID=solcap_stsnp_c1_14740;Note=type: New OPA;Name=solcap_stsnp_c1_14740; Note=Genetic position = Chr02 71.402 cM	chr02	44271733	0	N	solcap_69k	True
solcap_stsnp_c1_10633	solcap_snp_c1_10633	solcap_stsnp_c1_10633	chr02	73.462	ST4.03ch02	47547061	47547061	SNP	ID=solcap_stsnp_c1_10633;Note=type: New OPA;Name=solcap_stsnp_c1_10633; Note=Genetic position = Chr02 73.462 cM	chr02	45046071	0	N	solcap_69k	True
solcap_stsnp_c1_13889	solcap_snp_c1_13889	solcap_stsnp_c1_13889	chr03	5.21	ST4.03ch03	2764068	2764068	SNP	ID=solcap_stsnp_c1_13889;Note=type: New OPA;Name=solcap_stsnp_c1_13889; Note=Genetic position = Chr03 5.21 cM	chr03	2851481	0	N	solcap_69k	True
solcap_stsnp_c1_14813	solcap_snp_c1_14813	solcap_stsnp_c1_14813	chr03	5.423	ST4.03ch03	2565354	2565354	SNP	ID=solcap_stsnp_c1_14813;Note=type: New OPA;Name=solcap_stsnp_c1_14813; Note=Genetic position = Chr03 5.423 cM	chr03	2647267	0	N	solcap_69k	True
solcap_stsnp_c1_10555	solcap_snp_c1_10555	solcap_stsnp_c1_10555	chr03	13.38	ST4.03ch03	13393873	13393873	SNP	ID=solcap_stsnp_c1_10555;Note=type: New OPA;Name=solcap_stsnp_c1_10555; Note=Genetic position = Chr03 13.38 cM	chr03	28208377	0	N	solcap_69k	True
solcap_stsnp_c1_10746	solcap_snp_c1_10746	solcap_stsnp_c1_10746	chr03	16.443	ST4.03ch03	17038501	17038501	SNP	ID=solcap_stsnp_c1_10746;Note=type: New OPA;Name=solcap_stsnp_c1_10746; Note=Genetic position = Chr03 16.443 cM	chr03	31640737	0	N	solcap_69k	True
solcap_stsnp_c1_11338	solcap_snp_c1_11338	solcap_stsnp_c1_11338	chr03	27.871	ST4.03ch03	40332683	40332683	SNP	ID=solcap_stsnp_c1_11338;Note=type: New OPA;Name=solcap_stsnp_c1_11338; Note=Genetic position = Chr03 27.871 cM	chr03	39577744	0	N	solcap_69k	True
solcap_stsnp_c1_6856	solcap_snp_c1_6856	solcap_stsnp_c1_6856	chr03	35.853	ST4.03ch03	42234330	42234330	SNP	ID=solcap_stsnp_c1_6856;Note=type: New OPA;Name=solcap_stsnp_c1_6856; Note=Genetic position = Chr03 35.853 cM	chr03	41247283	0	N	solcap_69k	True
solcap_stsnp_c1_6307	solcap_snp_c1_6307	solcap_stsnp_c1_6307	chr03	40.788	ST4.03ch03	48741845	48741845	SNP	ID=solcap_stsnp_c1_6307;Note=type: New OPA;Name=solcap_stsnp_c1_6307; Note=Genetic position = Chr03 40.788 cM	chr03	44060650	0	N	solcap_69k	True
solcap_stsnp_c1_6387	solcap_snp_c1_6387	solcap_stsnp_c1_6387	chr03	40.788	ST4.03ch03	45198260	45198260	SNP	ID=solcap_stsnp_c1_6387;Note=type: New OPA;Name=solcap_stsnp_c1_6387; Note=Genetic position = Chr03 40.788 cM	chr03	47802793	0	N	solcap_69k	True
solcap_stsnp_c1_4565	solcap_snp_c1_4565	solcap_stsnp_c1_4565	chr03	49.929	ST4.03ch03	53963674	53963674	SNP	ID=solcap_stsnp_c1_4565;Note=type: New OPA;Name=solcap_stsnp_c1_4565; Note=Genetic position = Chr03 49.929 cM	chr03	51716524	0	N	solcap_69k	True
solcap_stsnp_c1_14161	solcap_snp_c1_14161	solcap_stsnp_c1_14161	chr03	60.839	ST4.03ch03	54112707	54112707	SNP	ID=solcap_stsnp_c1_14161;Note=type: New OPA;Name=solcap_stsnp_c1_14161; Note=Genetic position = Chr03 60.839 cM	chr03	52713842	0	N	solcap_69k	True
solcap_stsnp_c1_14158	solcap_snp_c1_14158	solcap_stsnp_c1_14158	chr03	61.505	ST4.03ch03	53993257	53993257	SNP	ID=solcap_stsnp_c1_14158;Note=type: New OPA;Name=solcap_stsnp_c1_14158; Note=Genetic position = Chr03 61.505 cM	chr03	52594978	0	N	solcap_69k	True
solcap_stsnp_c1_7093	solcap_snp_c1_7093	solcap_stsnp_c1_7093	chr03	62.36	ST4.03ch03	54469120	54469120	SNP	ID=solcap_stsnp_c1_7093;Note=type: New OPA;Name=solcap_stsnp_c1_7093; Note=Genetic position = Chr03 62.36 cM	chr03	53054120	0	N	solcap_69k	True
solcap_stsnp_c1_86	solcap_snp_c1_86	solcap_stsnp_c1_86	chr03	69.398	ST4.03ch03	57978544	57978544	SNP	ID=solcap_stsnp_c1_86;Note=type: New OPA;Name=solcap_stsnp_c1_86; Note=Genetic position = Chr03 69.398 cM	chr03	56427199	0	N	solcap_69k	True
solcap_stsnp_c1_152	solcap_snp_c1_152	solcap_stsnp_c1_152	chr03	71.008	ST4.03ch03	58940134	58940134	SNP	ID=solcap_stsnp_c1_152;Note=type: New OPA;Name=solcap_stsnp_c1_152; Note=Genetic position = Chr03 71.008 cM	chr03	57408932	0	N	solcap_69k	True
solcap_stsnp_c1_27	solcap_snp_c1_27	solcap_stsnp_c1_27	chr03	71.2	ST4.03ch03	58654343	58654343	SNP	ID=solcap_stsnp_c1_27;Note=type: New OPA;Name=solcap_stsnp_c1_27; Note=Genetic position = Chr03 71.2 cM	chr03	57127483	0	N	solcap_69k	True
solcap_stsnp_c1_137	solcap_snp_c1_137	solcap_stsnp_c1_137	chr03	71.278	ST4.03ch03	59094965	59094965	SNP	ID=solcap_stsnp_c1_137;Note=type: New OPA;Name=solcap_stsnp_c1_137; Note=Genetic position = Chr03 71.278 cM	chr03	57560149	0	N	solcap_69k	True
solcap_stsnp_c1_155	solcap_snp_c1_155	solcap_stsnp_c1_155	chr03	71.514	ST4.03ch03	58855738	58855738	SNP	ID=solcap_stsnp_c1_155;Note=type: New OPA;Name=solcap_stsnp_c1_155; Note=Genetic position = Chr03 71.514 cM	chr03	57326019	0	N	solcap_69k	True
solcap_stsnp_c1_59	solcap_snp_c1_59	solcap_stsnp_c1_59	chr03	71.847	ST4.03ch03	58440752	58440752	SNP	ID=solcap_stsnp_c1_59;Note=type: New OPA;Name=solcap_stsnp_c1_59; Note=Genetic position = Chr03 71.847 cM	chr03	56912914	0	N	solcap_69k	True
solcap_stsnp_c1_3731	solcap_snp_c1_3731	solcap_stsnp_c1_3731	chr04	19.381	ST4.03ch04	6198955	6198955	SNP	ID=solcap_stsnp_c1_3731;Note=type: New OPA;Name=solcap_stsnp_c1_3731; Note=Genetic position = Chr04 19.381 cM	chr04	7127130	0	N	solcap_69k	True
solcap_stsnp_c1_3745	solcap_snp_c1_3745	solcap_stsnp_c1_3745	chr04	19.481	ST4.03ch04	6166320	6166320	SNP	ID=solcap_stsnp_c1_3745;Note=type: New OPA;Name=solcap_stsnp_c1_3745; Note=Genetic position = Chr04 19.481 cM	chr04	7094613	0	N	solcap_69k	True
solcap_stsnp_c1_14449	solcap_snp_c1_14449	solcap_stsnp_c1_14449	chr04	20.794	ST4.03ch04	7473690	7473690	SNP	ID=solcap_stsnp_c1_14449;Note=type: New OPA;Name=solcap_stsnp_c1_14449; Note=Genetic position = Chr04 20.794 cM	chr04	8195239	0	N	solcap_69k	True
solcap_stsnp_c1_11722	solcap_snp_c1_11722	solcap_stsnp_c1_11722	chr04	22.411	ST4.03ch04	7966312	7966312	SNP	ID=solcap_stsnp_c1_11722;Note=type: New OPA;Name=solcap_stsnp_c1_11722; Note=Genetic position = Chr04 22.411 cM	chr04	8703882	0	N	solcap_69k	True
solcap_stsnp_c1_8343	solcap_snp_c1_8343	solcap_stsnp_c1_8343	chr04	26.401	ST4.03ch04	9315476	9315476	SNP	ID=solcap_stsnp_c1_8343;Note=type: New OPA;Name=solcap_stsnp_c1_8343; Note=Genetic position = Chr04 26.401 cM	chr04	10586974	0	N	solcap_69k	True
solcap_stsnp_c1_3704	solcap_snp_c1_3704	solcap_stsnp_c1_3704	chr04	28.251	ST4.03ch04	7036157	7036157	SNP	ID=solcap_stsnp_c1_3704;Note=type: New OPA;Name=solcap_stsnp_c1_3704; Note=Genetic position = Chr04 28.251 cM	chr04	7824438	0	N	solcap_69k	True
solcap_stsnp_c1_11133	solcap_snp_c1_11133	solcap_stsnp_c1_11133	chr04	30.875	ST4.03ch04	11053641	11053641	SNP	ID=solcap_stsnp_c1_11133;Note=type: New OPA;Name=solcap_stsnp_c1_11133; Note=Genetic position = Chr04 30.875 cM	chr04	12347963	0	N	solcap_69k	True
solcap_stsnp_c1_12827	solcap_snp_c1_12827	solcap_stsnp_c1_12827	chr04	36.725	ST4.03ch04	18481454	18481454	SNP	ID=solcap_stsnp_c1_12827;Note=type: New OPA;Name=solcap_stsnp_c1_12827; Note=Genetic position = Chr04 36.725 cM	chr04	19302965	0	N	solcap_69k	True
solcap_stsnp_c1_11135	solcap_snp_c1_11135	solcap_stsnp_c1_11135	chr04	38.503	ST4.03ch04	11350257	11350257	SNP	ID=solcap_stsnp_c1_11135;Note=type: New OPA;Name=solcap_stsnp_c1_11135; Note=Genetic position = Chr04 38.503 cM	chr04	12644502	0	N	solcap_69k	True
solcap_stsnp_c1_14569	solcap_snp_c1_14569	solcap_stsnp_c1_14569	chr04	40.2	ST4.03ch04	34965195	34965195	SNP	ID=solcap_stsnp_c1_14569;Note=type: New OPA;Name=solcap_stsnp_c1_14569; Note=Genetic position = Chr04 40.2 cM	chr04	43525521	0	N	solcap_69k	True
solcap_stsnp_c1_3442	solcap_snp_c1_3442	solcap_stsnp_c1_3442	chr04	40.204	ST4.03ch04	34891686	34891686	SNP	ID=solcap_stsnp_c1_3442;Note=type: New OPA;Name=solcap_stsnp_c1_3442; Note=Genetic position = Chr04 40.204 cM	chr04	43447691	0	N	solcap_69k	True
solcap_stsnp_c1_5418	solcap_snp_c1_5418	solcap_stsnp_c1_5418	chr04	40.831	ST4.03ch04	48929200	48929200	SNP	ID=solcap_stsnp_c1_5418;Note=type: New OPA;Name=solcap_stsnp_c1_5418; Note=Genetic position = Chr04 40.831 cM	chr04	47269331	0	N	solcap_69k	True
solcap_stsnp_c1_15760	solcap_snp_c1_15760	solcap_stsnp_c1_15760	chr04	43.118	ST4.03ch04	52037629	52037629	SNP	ID=solcap_stsnp_c1_15760;Note=type: New OPA;Name=solcap_stsnp_c1_15760; Note=Genetic position = Chr04 43.118 cM	chr04	50227241	0	N	solcap_69k	True
solcap_stsnp_c1_16295	solcap_snp_c1_16295	solcap_stsnp_c1_16295	chr04	45.15	ST4.03ch04	52463994	52463994	SNP	ID=solcap_stsnp_c1_16295;Note=type: New OPA;Name=solcap_stsnp_c1_16295; Note=Genetic position = Chr04 45.15 cM	chr04	50674993	0	N	solcap_69k	True
solcap_stsnp_c1_15986	solcap_snp_c1_15986	solcap_stsnp_c1_15986	chr04	49.216	ST4.03ch04	54393863	54393863	SNP	ID=solcap_stsnp_c1_15986;Note=type: New OPA;Name=solcap_stsnp_c1_15986; Note=Genetic position = Chr04 49.216 cM	chr04	52541427	0	N	solcap_69k	True
solcap_stsnp_c1_15877	solcap_snp_c1_15877	solcap_stsnp_c1_15877	chr04	49.975	ST4.03ch04	54673969	54673969	SNP	ID=solcap_stsnp_c1_15877;Note=type: New OPA;Name=solcap_stsnp_c1_15877; Note=Genetic position = Chr04 49.975 cM	chr04	52773387	0	N	solcap_69k	True
solcap_stsnp_c1_10441	solcap_snp_c1_10441	solcap_stsnp_c1_10441	chr04	53.406	ST4.03ch04	58117285	58117285	SNP	ID=solcap_stsnp_c1_10441;Note=type: New OPA;Name=solcap_stsnp_c1_10441; Note=Genetic position = Chr04 53.406 cM	chr04	55864113	0	N	solcap_69k	True
solcap_stsnp_c1_10454	solcap_snp_c1_10454	solcap_stsnp_c1_10454	chr04	53.409	ST4.03ch04	58068136	58068136	SNP	ID=solcap_stsnp_c1_10454;Note=type: New OPA;Name=solcap_stsnp_c1_10454; Note=Genetic position = Chr04 53.409 cM	chr04	55814875	0	N	solcap_69k	True
solcap_stsnp_c1_10453	solcap_snp_c1_10453	solcap_stsnp_c1_10453	chr04	55.627	ST4.03ch04	58453468	58453468	SNP	ID=solcap_stsnp_c1_10453;Note=type: New OPA;Name=solcap_stsnp_c1_10453; Note=Genetic position = Chr04 55.627 cM	chr04	56199106	0	N	solcap_69k	True
solcap_stsnp_c1_11352	solcap_snp_c1_11352	solcap_stsnp_c1_11352	chr04	58.849	ST4.03ch04	61194011	61194011	SNP	ID=solcap_stsnp_c1_11352;Note=type: New OPA;Name=solcap_stsnp_c1_11352; Note=Genetic position = Chr04 58.849 cM	chr04	58823229	0	N	solcap_69k	True
solcap_stsnp_c1_11669	solcap_snp_c1_11669	solcap_stsnp_c1_11669	chr04	62.407	ST4.03ch04	63462226	63462226	SNP	ID=solcap_stsnp_c1_11669;Note=type: New OPA;Name=solcap_stsnp_c1_11669; Note=Genetic position = Chr04 62.407 cM	chr04	61042106	0	N	solcap_69k	True
solcap_stsnp_c1_11679	solcap_snp_c1_11679	solcap_stsnp_c1_11679	chr04	62.959	ST4.03ch04	63668872	63668872	SNP	ID=solcap_stsnp_c1_11679;Note=type: New OPA;Name=solcap_stsnp_c1_11679; Note=Genetic position = Chr04 62.959 cM	chr04	61195999	0	N	solcap_69k	True
solcap_stsnp_c1_9742	solcap_snp_c1_9742	solcap_stsnp_c1_9742	chr04	64.567	ST4.03ch04	62775677	62775677	SNP	ID=solcap_stsnp_c1_9742;Note=type: New OPA;Name=solcap_stsnp_c1_9742; Note=Genetic position = Chr04 64.567 cM	chr04	60379241	0	N	solcap_69k	True
solcap_stsnp_c1_6748	solcap_snp_c1_6748	solcap_stsnp_c1_6748	chr04	69.8	ST4.03ch04	70441799	70441799	SNP	ID=solcap_stsnp_c1_6748;Note=type: New OPA;Name=solcap_stsnp_c1_6748; Note=Genetic position = Chr04 69.8 cM	chr04	62391020	0	N	solcap_69k	True
solcap_stsnp_c1_8332	solcap_snp_c1_8332	solcap_stsnp_c1_8332	chr04	75.44	ST4.03ch04	66149485	66149485	SNP	ID=solcap_stsnp_c1_8332;Note=type: New OPA;Name=solcap_stsnp_c1_8332; Note=Genetic position = Chr04 75.44 cM	chr04	63428072	0	N	solcap_69k	True
solcap_stsnp_c1_13165	solcap_snp_c1_13165	solcap_stsnp_c1_13165	chr04	75.766	ST4.03ch04	66778241	66778241	SNP	ID=solcap_stsnp_c1_13165;Note=type: New OPA;Name=solcap_stsnp_c1_13165; Note=Genetic position = Chr04 75.766 cM	chr04	64032193	0	N	solcap_69k	True
solcap_stsnp_c1_9618	solcap_snp_c1_9618	solcap_stsnp_c1_9618	chr04	78.714	ST4.03ch04	67293626	67293626	SNP	ID=solcap_stsnp_c1_9618;Note=type: New OPA;Name=solcap_stsnp_c1_9618; Note=Genetic position = Chr04 78.714 cM	chr04	64477959	0	N	solcap_69k	True
solcap_stsnp_c1_15844	solcap_snp_c1_15844	solcap_stsnp_c1_15844	chr04	79.5	ST4.03ch04	67420038	67420038	SNP	ID=solcap_stsnp_c1_15844;Note=type: New OPA;Name=solcap_stsnp_c1_15844; Note=Genetic position = Chr04 79.5 cM	chr04	64598435	0	N	solcap_69k	True
solcap_stsnp_c1_16389	solcap_snp_c1_16389	solcap_stsnp_c1_16389	chr04	79.5	ST4.03ch04	67754403	67754403	SNP	ID=solcap_stsnp_c1_16389;Note=type: New OPA;Name=solcap_stsnp_c1_16389; Note=Genetic position = Chr04 79.5 cM	chr04	64846870	0	N	solcap_69k	True
solcap_stsnp_c1_13085	solcap_snp_c1_13085	solcap_stsnp_c1_13085	chr04	82.372	ST4.03ch04	68734083	68734083	SNP	ID=solcap_stsnp_c1_13085;Note=type: New OPA;Name=solcap_stsnp_c1_13085; Note=Genetic position = Chr04 82.372 cM	chr04	65797678	0	N	solcap_69k	True
solcap_stsnp_c1_4180	solcap_snp_c1_4180	solcap_stsnp_c1_4180	chr04	83.162	ST4.03ch04	69079236	69079236	SNP	ID=solcap_stsnp_c1_4180;Note=type: New OPA;Name=solcap_stsnp_c1_4180; Note=Genetic position = Chr04 83.162 cM	chr04	66123270	0	N	solcap_69k	True
solcap_stsnp_c1_10413	solcap_snp_c1_10413	solcap_stsnp_c1_10413	chr04	83.886	ST4.03ch04	68094967	68094967	SNP	ID=solcap_stsnp_c1_10413;Note=type: New OPA;Name=solcap_stsnp_c1_10413; Note=Genetic position = Chr04 83.886 cM	chr04	65177035	0	N	solcap_69k	True
solcap_stsnp_c1_3168	solcap_snp_c1_3168	solcap_stsnp_c1_3168	chr04	84.498	ST4.03ch04	68440055	68440055	SNP	ID=solcap_stsnp_c1_3168;Note=type: New OPA;Name=solcap_stsnp_c1_3168; Note=Genetic position = Chr04 84.498 cM	chr04	65513708	0	N	solcap_69k	True
solcap_stsnp_c1_4179	solcap_snp_c1_4179	solcap_stsnp_c1_4179	chr04	87.999	ST4.03ch04	69865339	69865339	SNP	ID=solcap_stsnp_c1_4179;Note=type: New OPA;Name=solcap_stsnp_c1_4179; Note=Genetic position = Chr04 87.999 cM	chr04	66814329	0	N	solcap_69k	True
solcap_stsnp_c1_4111	solcap_snp_c1_4111	solcap_stsnp_c1_4111	chr04	88.566	ST4.03ch04	69829790	69829790	SNP	ID=solcap_stsnp_c1_4111;Note=type: New OPA;Name=solcap_stsnp_c1_4111; Note=Genetic position = Chr04 88.566 cM	chr04	66783619	0	N	solcap_69k	True
solcap_stsnp_c1_10218	solcap_snp_c1_10218	solcap_stsnp_c1_10218	chr04	88.718	ST4.03ch04	70090208	70090208	SNP	ID=solcap_stsnp_c1_10218;Note=type: New OPA;Name=solcap_stsnp_c1_10218; Note=Genetic position = Chr04 88.718 cM	chr04	67037168	0	N	solcap_69k	True
solcap_stsnp_c1_10207	solcap_snp_c1_10207	solcap_stsnp_c1_10207	chr04	88.867	ST4.03ch04	70032110	70032110	SNP	ID=solcap_stsnp_c1_10207;Note=type: New OPA;Name=solcap_stsnp_c1_10207; Note=Genetic position = Chr04 88.867 cM	chr04	66981576	0	N	solcap_69k	True
solcap_stsnp_c1_10710	solcap_snp_c1_10710	solcap_stsnp_c1_10710	chr04	90.601	ST4.03ch04	70600509	70600509	SNP	ID=solcap_stsnp_c1_10710;Note=type: New OPA;Name=solcap_stsnp_c1_10710; Note=Genetic position = Chr04 90.601 cM	chr04	67538822	0	N	solcap_69k	True
solcap_stsnp_c1_10694	solcap_snp_c1_10694	solcap_stsnp_c1_10694	chr04	90.981	ST4.03ch04	70642454	70642454	SNP	ID=solcap_stsnp_c1_10694;Note=type: New OPA;Name=solcap_stsnp_c1_10694; Note=Genetic position = Chr04 90.981 cM	chr04	67580640	0	N	solcap_69k	True
solcap_stsnp_c1_13350	solcap_snp_c1_13350	solcap_stsnp_c1_13350	chr04	91.264	ST4.03ch04	70589264	70589264	SNP	ID=solcap_stsnp_c1_13350;Note=type: New OPA;Name=solcap_stsnp_c1_13350; Note=Genetic position = Chr04 91.264 cM	chr04	67527578	0	N	solcap_69k	True
solcap_stsnp_c1_10675	solcap_snp_c1_10675	solcap_stsnp_c1_10675	chr04	92.286	ST4.03ch04	70849404	70849404	SNP	ID=solcap_stsnp_c1_10675;Note=type: New OPA;Name=solcap_stsnp_c1_10675; Note=Genetic position = Chr04 92.286 cM	chr04	67782718	0	N	solcap_69k	True
solcap_stsnp_c1_3567	solcap_snp_c1_3567	solcap_stsnp_c1_3567	chr04	95.613	ST4.03ch04	71284964	71284964	SNP	ID=solcap_stsnp_c1_3567;Note=type: New OPA;Name=solcap_stsnp_c1_3567; Note=Genetic position = Chr04 95.613 cM	chr04	68210423	0	N	solcap_69k	True
solcap_stsnp_c1_3526	solcap_snp_c1_3526	solcap_stsnp_c1_3526	chr04	96.133	ST4.03ch04	71589190	71589190	SNP	ID=solcap_stsnp_c1_3526;Note=type: New OPA;Name=solcap_stsnp_c1_3526; Note=Genetic position = Chr04 96.133 cM	chr04	68509887	0	N	solcap_69k	True
solcap_stsnp_c1_3460	solcap_snp_c1_3460	solcap_stsnp_c1_3460	chr04	99.734	ST4.03ch04	72029728	72029728	SNP	ID=solcap_stsnp_c1_3460;Note=type: New OPA;Name=solcap_stsnp_c1_3460; Note=Genetic position = Chr04 99.734 cM	chr04	68943378	0	N	solcap_69k	True
solcap_stsnp_c1_15684	solcap_snp_c1_15684	solcap_stsnp_c1_15684	chr05	0.0	ST4.03ch05	1041105	1041105	SNP	ID=solcap_stsnp_c1_15684;Note=type: New OPA;Name=solcap_stsnp_c1_15684; Note=Genetic position = Chr05 0 cM	chr05	1135681	0	N	solcap_69k	True
solcap_stsnp_c1_7354	solcap_snp_c1_7354	solcap_stsnp_c1_7354	chr05	14.666	ST4.03ch05	4437785	4437785	SNP	ID=solcap_stsnp_c1_7354;Note=type: New OPA;Name=solcap_stsnp_c1_7354; Note=Genetic position = Chr05 14.666 cM	chr05	4389823	0	N	solcap_69k	True
solcap_stsnp_c1_15785	solcap_snp_c1_15785	solcap_stsnp_c1_15785	chr05	25.697	ST4.03ch05	7052194	7052194	SNP	ID=solcap_stsnp_c1_15785;Note=type: New OPA;Name=solcap_stsnp_c1_15785; Note=Genetic position = Chr05 25.697 cM	chr05	7316844	0	N	solcap_69k	True
solcap_stsnp_c1_11075	solcap_snp_c1_11075	solcap_stsnp_c1_11075	chr05	29.911	ST4.03ch05	8166560	8166560	SNP	ID=solcap_stsnp_c1_11075;Note=type: New OPA;Name=solcap_stsnp_c1_11075; Note=Genetic position = Chr05 29.911 cM	chr05	8385142	0	N	solcap_69k	True
solcap_stsnp_c1_11072	solcap_snp_c1_11072	solcap_stsnp_c1_11072	chr05	30.081	ST4.03ch05	8169193	8169193	SNP	ID=solcap_stsnp_c1_11072;Note=type: New OPA;Name=solcap_stsnp_c1_11072; Note=Genetic position = Chr05 30.081 cM	chr05	8386983	0	N	solcap_69k	True
solcap_stsnp_c1_11256	solcap_snp_c1_11256	solcap_stsnp_c1_11256	chr05	30.434	ST4.03ch05	7769482	7769482	SNP	ID=solcap_stsnp_c1_11256;Note=type: New OPA;Name=solcap_stsnp_c1_11256; Note=Genetic position = Chr05 30.434 cM	chr05	8024295	0	N	solcap_69k	True
solcap_stsnp_c1_11084	solcap_snp_c1_11084	solcap_stsnp_c1_11084	chr05	30.653	ST4.03ch05	8384233	8384233	SNP	ID=solcap_stsnp_c1_11084;Note=type: New OPA;Name=solcap_stsnp_c1_11084; Note=Genetic position = Chr05 30.653 cM	chr05	8602330	0	N	solcap_69k	True
solcap_stsnp_c1_6338	solcap_snp_c1_6338	solcap_stsnp_c1_6338	chr05	41.173	ST4.03ch05	19622602	19622602	SNP	ID=solcap_stsnp_c1_6338;Note=type: New OPA;Name=solcap_stsnp_c1_6338; Note=Genetic position = Chr05 41.173 cM	chr05	19583215	0	N	solcap_69k	True
solcap_stsnp_c1_12486	solcap_snp_c1_12486	solcap_stsnp_c1_12486	chr05	55.528	ST4.03ch05	49089754	49089754	SNP	ID=solcap_stsnp_c1_12486;Note=type: New OPA;Name=solcap_stsnp_c1_12486; Note=Genetic position = Chr05 55.528 cM	chr05	52206315	0	N	solcap_69k	True
solcap_stsnp_c1_3413	solcap_snp_c1_3413	solcap_stsnp_c1_3413	chr05	56.967	ST4.03ch05	48260244	48260244	SNP	ID=solcap_stsnp_c1_3413;Note=type: New OPA;Name=solcap_stsnp_c1_3413; Note=Genetic position = Chr05 56.967 cM	chr05	51470172	0	N	solcap_69k	True
solcap_stsnp_c1_1199	solcap_snp_c1_1199	solcap_stsnp_c1_1199	chr05	61.677	ST4.03ch05	52004790	52004790	SNP	ID=solcap_stsnp_c1_1199;Note=type: New OPA;Name=solcap_stsnp_c1_1199; Note=Genetic position = Chr05 61.677 cM	chr05	55169241	0	N	solcap_69k	True
solcap_stsnp_c1_9246	solcap_snp_c1_9246	solcap_stsnp_c1_9246	chr06	1.564	ST4.03ch06	619604	619604	SNP	ID=solcap_stsnp_c1_9246;Note=type: New OPA;Name=solcap_stsnp_c1_9246; Note=Genetic position = Chr06 1.564 cM	chr06	952101	0	N	solcap_69k	True
solcap_stsnp_c1_13631	solcap_snp_c1_13631	solcap_stsnp_c1_13631	chr06	3.779	ST4.03ch06	1898990	1898990	SNP	ID=solcap_stsnp_c1_13631;Note=type: New OPA;Name=solcap_stsnp_c1_13631; Note=Genetic position = Chr06 3.779 cM	chr06	2429309	0	N	solcap_69k	True
solcap_stsnp_c1_15546	solcap_snp_c1_15546	solcap_stsnp_c1_15546	chr06	5.93	ST4.03ch06	1807416	1807416	SNP	ID=solcap_stsnp_c1_15546;Note=type: New OPA;Name=solcap_stsnp_c1_15546; Note=Genetic position = Chr06 5.93 cM	chr06	2349513	0	N	solcap_69k	True
solcap_stsnp_c1_1574	solcap_snp_c1_1574	solcap_stsnp_c1_1574	chr06	10.048	ST4.03ch06	25513947	25513947	SNP	ID=solcap_stsnp_c1_1574;Note=type: New OPA;Name=solcap_stsnp_c1_1574; Note=Genetic position = Chr06 10.048 cM	chr06	26740064	0	N	solcap_69k	True
solcap_stsnp_c1_16621	solcap_snp_c1_16621	solcap_stsnp_c1_16621	chr06	10.048	ST4.03ch06	21067273	21067273	SNP	ID=solcap_stsnp_c1_16621;Note=type: New OPA;Name=solcap_stsnp_c1_16621; Note=Genetic position = Chr06 10.048 cM	chr06	22311521	0	N	solcap_69k	True
solcap_stsnp_c1_3690	solcap_snp_c1_3690	solcap_stsnp_c1_3690	chr06	11.745	ST4.03ch06	30469105	30469105	SNP	ID=solcap_stsnp_c1_3690;Note=type: New OPA;Name=solcap_stsnp_c1_3690; Note=Genetic position = Chr06 11.745 cM	chr06	31440571	0	N	solcap_69k	True
solcap_stsnp_c1_9854	solcap_snp_c1_9854	solcap_stsnp_c1_9854	chr06	13.254	ST4.03ch06	31631878	31631878	SNP	ID=solcap_stsnp_c1_9854;Note=type: New OPA;Name=solcap_stsnp_c1_9854; Note=Genetic position = Chr06 13.254 cM	chr06	32505188	0	N	solcap_69k	True
solcap_stsnp_c1_3692	solcap_snp_c1_3692	solcap_stsnp_c1_3692	chr06	14.191	ST4.03ch06	30648503	30648503	SNP	ID=solcap_stsnp_c1_3692;Note=type: New OPA;Name=solcap_stsnp_c1_3692; Note=Genetic position = Chr06 14.191 cM	chr06	31603941	0	N	solcap_69k	True
solcap_stsnp_c1_12691	solcap_snp_c1_12691	solcap_stsnp_c1_12691	chr06	18.79	ST4.03ch06	37867794	37867794	SNP	ID=solcap_stsnp_c1_12691;Note=type: New OPA;Name=solcap_stsnp_c1_12691; Note=Genetic position = Chr06 18.79 cM	chr06	38373978	0	N	solcap_69k	True
solcap_stsnp_c1_9977	solcap_snp_c1_9977	solcap_stsnp_c1_9977	chr06	21.601	ST4.03ch06	39125335	39125335	SNP	ID=solcap_stsnp_c1_9977;Note=type: New OPA;Name=solcap_stsnp_c1_9977; Note=Genetic position = Chr06 21.601 cM	chr06	39565020	0	N	solcap_69k	True
solcap_stsnp_c1_12700	solcap_snp_c1_12700	solcap_stsnp_c1_12700	chr06	26.692	ST4.03ch06	42838897	42838897	SNP	ID=solcap_stsnp_c1_12700;Note=type: New OPA;Name=solcap_stsnp_c1_12700; Note=Genetic position = Chr06 26.692 cM	chr06	43280390	0	N	solcap_69k	True
solcap_stsnp_c1_15368	solcap_snp_c1_15368	solcap_stsnp_c1_15368	chr06	38.833	ST4.03ch06	48433233	48433233	SNP	ID=solcap_stsnp_c1_15368;Note=type: New OPA;Name=solcap_stsnp_c1_15368; Note=Genetic position = Chr06 38.833 cM	chr06	48711146	0	N	solcap_69k	True
solcap_stsnp_c1_9450	solcap_snp_c1_9450	solcap_stsnp_c1_9450	chr06	39.705	ST4.03ch06	48637692	48637692	SNP	ID=solcap_stsnp_c1_9450;Note=type: New OPA;Name=solcap_stsnp_c1_9450; Note=Genetic position = Chr06 39.705 cM	chr06	48910377	0	N	solcap_69k	True
solcap_stsnp_c1_14891	solcap_snp_c1_14891	solcap_stsnp_c1_14891	chr06	41.998	ST4.03ch06	48802529	48802529	SNP	ID=solcap_stsnp_c1_14891;Note=type: New OPA;Name=solcap_stsnp_c1_14891; Note=Genetic position = Chr06 41.998 cM	chr06	49075146	0	N	solcap_69k	True
solcap_stsnp_c1_10650	solcap_snp_c1_10650	solcap_stsnp_c1_10650	chr06	45.148	ST4.03ch06	49501437	49501437	SNP	ID=solcap_stsnp_c1_10650;Note=type: New OPA;Name=solcap_stsnp_c1_10650; Note=Genetic position = Chr06 45.148 cM	chr06	49705566	0	N	solcap_69k	True
solcap_stsnp_c1_2059	solcap_snp_c1_2059	solcap_stsnp_c1_2059	chr06	47.03	ST4.03ch06	50217473	50217473	SNP	ID=solcap_stsnp_c1_2059;Note=type: New OPA;Name=solcap_stsnp_c1_2059; Note=Genetic position = Chr06 47.03 cM	chr06	50445762	0	N	solcap_69k	True
solcap_stsnp_c1_2104	solcap_snp_c1_2104	solcap_stsnp_c1_2104	chr06	49.367	ST4.03ch06	50712481	50712481	SNP	ID=solcap_stsnp_c1_2104;Note=type: New OPA;Name=solcap_stsnp_c1_2104; Note=Genetic position = Chr06 49.367 cM	chr06	50917006	0	N	solcap_69k	True
solcap_stsnp_c1_2967	solcap_snp_c1_2967	solcap_stsnp_c1_2967	chr06	53.795	ST4.03ch06	52237562	52237562	SNP	ID=solcap_stsnp_c1_2967;Note=type: New OPA;Name=solcap_stsnp_c1_2967; Note=Genetic position = Chr06 53.795 cM	chr06	52334463	0	N	solcap_69k	True
solcap_stsnp_c1_3007	solcap_snp_c1_3007	solcap_stsnp_c1_3007	chr06	56.733	ST4.03ch06	52531445	52531445	SNP	ID=solcap_stsnp_c1_3007;Note=type: New OPA;Name=solcap_stsnp_c1_3007; Note=Genetic position = Chr06 56.733 cM	chr06	52623052	0	N	solcap_69k	True
solcap_stsnp_c1_7690	solcap_snp_c1_7690	solcap_stsnp_c1_7690	chr06	62.205	ST4.03ch06	54814887	54814887	SNP	ID=solcap_stsnp_c1_7690;Note=type: New OPA;Name=solcap_stsnp_c1_7690; Note=Genetic position = Chr06 62.205 cM	chr06	54781274	0	N	solcap_69k	True
solcap_stsnp_c1_7681	solcap_snp_c1_7681	solcap_stsnp_c1_7681	chr06	62.481	ST4.03ch06	54711868	54711868	SNP	ID=solcap_stsnp_c1_7681;Note=type: New OPA;Name=solcap_stsnp_c1_7681; Note=Genetic position = Chr06 62.481 cM	chr06	54680829	0	N	solcap_69k	True
solcap_stsnp_c1_8659	solcap_snp_c1_8659	solcap_stsnp_c1_8659	chr06	64.186	ST4.03ch06	56645417	56645417	SNP	ID=solcap_stsnp_c1_8659;Note=type: New OPA;Name=solcap_stsnp_c1_8659; Note=Genetic position = Chr06 64.186 cM	chr06	56414140	0	N	solcap_69k	True
solcap_stsnp_c1_14796	solcap_snp_c1_14796	solcap_stsnp_c1_14796	chr06	65.312	ST4.03ch06	57150369	57150369	SNP	ID=solcap_stsnp_c1_14796;Note=type: New OPA;Name=solcap_stsnp_c1_14796; Note=Genetic position = Chr06 65.312 cM	chr06	56910485	0	N	solcap_69k	True
solcap_stsnp_c1_14917	solcap_snp_c1_14917	solcap_stsnp_c1_14917	chr06	65.315	ST4.03ch06	56908573	56908573	SNP	ID=solcap_stsnp_c1_14917;Note=type: New OPA;Name=solcap_stsnp_c1_14917; Note=Genetic position = Chr06 65.315 cM	chr06	56675891	0	N	solcap_69k	True
solcap_stsnp_c1_12088	solcap_snp_c1_12088	solcap_stsnp_c1_12088	chr06	65.327	ST4.03ch06	57338343	57338343	SNP	ID=solcap_stsnp_c1_12088;Note=type: New OPA;Name=solcap_stsnp_c1_12088; Note=Genetic position = Chr06 65.327 cM	chr06	57097701	0	N	solcap_69k	True
solcap_stsnp_c1_12101	solcap_snp_c1_12101	solcap_stsnp_c1_12101	chr06	65.335	ST4.03ch06	57210742	57210742	SNP	ID=solcap_stsnp_c1_12101;Note=type: New OPA;Name=solcap_stsnp_c1_12101; Note=Genetic position = Chr06 65.335 cM	chr06	56970498	0	N	solcap_69k	True
solcap_stsnp_c1_14920	solcap_snp_c1_14920	solcap_stsnp_c1_14920	chr06	65.401	ST4.03ch06	56983782	56983782	SNP	ID=solcap_stsnp_c1_14920;Note=type: New OPA;Name=solcap_stsnp_c1_14920; Note=Genetic position = Chr06 65.401 cM	chr06	56749446	0	N	solcap_69k	True
solcap_stsnp_c1_3074	solcap_snp_c1_3074	solcap_stsnp_c1_3074	chr06	65.943	ST4.03ch06	57581258	57581258	SNP	ID=solcap_stsnp_c1_3074;Note=type: New OPA;Name=solcap_stsnp_c1_3074; Note=Genetic position = Chr06 65.943 cM	chr06	57334590	0	N	solcap_69k	True
solcap_stsnp_c1_3130	solcap_snp_c1_3130	solcap_stsnp_c1_3130	chr06	69.041	ST4.03ch06	57870264	57870264	SNP	ID=solcap_stsnp_c1_3130;Note=type: New OPA;Name=solcap_stsnp_c1_3130; Note=Genetic position = Chr06 69.041 cM	chr06	57561751	0	N	solcap_69k	True
solcap_stsnp_c1_3091	solcap_snp_c1_3091	solcap_stsnp_c1_3091	chr06	70.516	ST4.03ch06	58373079	58373079	SNP	ID=solcap_stsnp_c1_3091;Note=type: New OPA;Name=solcap_stsnp_c1_3091; Note=Genetic position = Chr06 70.516 cM	chr06	58017580	0	N	solcap_69k	True
solcap_stsnp_c1_11523	solcap_snp_c1_11523	solcap_stsnp_c1_11523	chr07	0.0	ST4.03ch07	588227	588227	SNP	ID=solcap_stsnp_c1_11523;Note=type: New OPA;Name=solcap_stsnp_c1_11523; Note=Genetic position = Chr07 0 cM	chr07	707517	0	N	solcap_69k	True
solcap_stsnp_c1_13671	solcap_snp_c1_13671	solcap_stsnp_c1_13671	chr07	2.659	ST4.03ch07	568317	568317	SNP	ID=solcap_stsnp_c1_13671;Note=type: New OPA;Name=solcap_stsnp_c1_13671; Note=Genetic position = Chr07 2.659 cM	chr07	687291	0	N	solcap_69k	True
solcap_stsnp_c1_13563	solcap_snp_c1_13563	solcap_stsnp_c1_13563	chr07	3.231	ST4.03ch07	1908011	1908011	SNP	ID=solcap_stsnp_c1_13563;Note=type: New OPA;Name=solcap_stsnp_c1_13563; Note=Genetic position = Chr07 3.231 cM	chr07	1964588	0	N	solcap_69k	True
solcap_stsnp_c1_8163	solcap_snp_c1_8163	solcap_stsnp_c1_8163	chr07	4.562	ST4.03ch07	2586450	2586450	SNP	ID=solcap_stsnp_c1_8163;Note=type: New OPA;Name=solcap_stsnp_c1_8163; Note=Genetic position = Chr07 4.562 cM	chr07	2550535	0	N	solcap_69k	True
solcap_stsnp_c1_13776	solcap_snp_c1_13776	solcap_stsnp_c1_13776	chr07	8.714	ST4.03ch07	4159979	4159979	SNP	ID=solcap_stsnp_c1_13776;Note=type: New OPA;Name=solcap_stsnp_c1_13776; Note=Genetic position = Chr07 8.714 cM	chr07	3960282	0	N	solcap_69k	True
solcap_stsnp_c1_10985	solcap_snp_c1_10985	solcap_stsnp_c1_10985	chr07	8.738	ST4.03ch07	3588118	3588118	SNP	ID=solcap_stsnp_c1_10985;Note=type: New OPA;Name=solcap_stsnp_c1_10985; Note=Genetic position = Chr07 8.738 cM	chr07	3407150	0	N	solcap_69k	True
solcap_stsnp_c1_10959	solcap_snp_c1_10959	solcap_stsnp_c1_10959	chr07	9.087	ST4.03ch07	3477893	3477893	SNP	ID=solcap_stsnp_c1_10959;Note=type: New OPA;Name=solcap_stsnp_c1_10959; Note=Genetic position = Chr07 9.087 cM	chr07	3303107	0	N	solcap_69k	True
solcap_stsnp_c1_11935	solcap_snp_c1_11935	solcap_stsnp_c1_11935	chr07	11.434	ST4.03ch07	6466545	6466545	SNP	ID=solcap_stsnp_c1_11935;Note=type: New OPA;Name=solcap_stsnp_c1_11935; Note=Genetic position = Chr07 11.434 cM	chr07	6096223	0	N	solcap_69k	True
solcap_stsnp_c1_480	solcap_snp_c1_480	solcap_stsnp_c1_480	chr07	17.656	ST4.03ch07	36868686	36868686	SNP	ID=solcap_stsnp_c1_480;Note=type: New OPA;Name=solcap_stsnp_c1_480; Note=Genetic position = Chr07 17.656 cM	chr07	38834428	0	N	solcap_69k	True
solcap_stsnp_c1_513	solcap_snp_c1_513	solcap_stsnp_c1_513	chr07	17.66	ST4.03ch07	35757925	35757925	SNP	ID=solcap_stsnp_c1_513;Note=type: New OPA;Name=solcap_stsnp_c1_513; Note=Genetic position = Chr07 17.66 cM	chr07	37737782	0	N	solcap_69k	True
solcap_stsnp_c1_2672	solcap_snp_c1_2672	solcap_stsnp_c1_2672	chr07	17.964	ST4.03ch07	34754163	34754163	SNP	ID=solcap_stsnp_c1_2672;Note=type: New OPA;Name=solcap_stsnp_c1_2672; Note=Genetic position = Chr07 17.964 cM	chr07	36788141	0	N	solcap_69k	True
solcap_stsnp_c1_499	solcap_snp_c1_499	solcap_stsnp_c1_499	chr07	18.719	ST4.03ch07	37222437	37222437	SNP	ID=solcap_stsnp_c1_499;Note=type: New OPA;Name=solcap_stsnp_c1_499; Note=Genetic position = Chr07 18.719 cM	chr07	39206389	0	N	solcap_69k	True
solcap_stsnp_c1_15703	solcap_snp_c1_15703	solcap_stsnp_c1_15703	chr07	20.061	ST4.03ch07	40014790	40014790	SNP	ID=solcap_stsnp_c1_15703;Note=type: New OPA;Name=solcap_stsnp_c1_15703; Note=Genetic position = Chr07 20.061 cM	chr07	41802263	0	N	solcap_69k	True
solcap_stsnp_c1_1547	solcap_snp_c1_1547	solcap_stsnp_c1_1547	chr07	20.081	ST4.03ch07	38879205	38879205	SNP	ID=solcap_stsnp_c1_1547;Note=type: New OPA;Name=solcap_stsnp_c1_1547; Note=Genetic position = Chr07 20.081 cM	chr07	40931544	0	N	solcap_69k	True
solcap_stsnp_c1_3157	solcap_snp_c1_3157	solcap_stsnp_c1_3157	chr07	23.718	ST4.03ch07	41024627	41024627	SNP	ID=solcap_stsnp_c1_3157;Note=type: New OPA;Name=solcap_stsnp_c1_3157; Note=Genetic position = Chr07 23.718 cM	chr07	42805703	0	N	solcap_69k	True
solcap_stsnp_c1_3164	solcap_snp_c1_3164	solcap_stsnp_c1_3164	chr07	24.555	ST4.03ch07	41144119	41144119	SNP	ID=solcap_stsnp_c1_3164;Note=type: New OPA;Name=solcap_stsnp_c1_3164; Note=Genetic position = Chr07 24.555 cM	chr07	42924498	0	N	solcap_69k	True
solcap_stsnp_c1_14131	solcap_snp_c1_14131	solcap_stsnp_c1_14131	chr07	25.019	ST4.03ch07	41535900	41535900	SNP	ID=solcap_stsnp_c1_14131;Note=type: New OPA;Name=solcap_stsnp_c1_14131; Note=Genetic position = Chr07 25.019 cM	chr07	43259765	0	N	solcap_69k	True
solcap_stsnp_c1_7378	solcap_snp_c1_7378	solcap_stsnp_c1_7378	chr07	26.06	ST4.03ch07	42672779	42672779	SNP	ID=solcap_stsnp_c1_7378;Note=type: New OPA;Name=solcap_stsnp_c1_7378; Note=Genetic position = Chr07 26.06 cM	chr07	44340304	0	N	solcap_69k	True
solcap_stsnp_c1_7505	solcap_snp_c1_7505	solcap_stsnp_c1_7505	chr07	26.686	ST4.03ch07	41886603	41886603	SNP	ID=solcap_stsnp_c1_7505;Note=type: New OPA;Name=solcap_stsnp_c1_7505; Note=Genetic position = Chr07 26.686 cM	chr07	43596257	0	N	solcap_69k	True
solcap_stsnp_c1_11480	solcap_snp_c1_11480	solcap_stsnp_c1_11480	chr07	33.209	ST4.03ch07	44417406	44417406	SNP	ID=solcap_stsnp_c1_11480;Note=type: New OPA;Name=solcap_stsnp_c1_11480; Note=Genetic position = Chr07 33.209 cM	chr07	45917172	0	N	solcap_69k	True
solcap_stsnp_c1_7986	solcap_snp_c1_7986	solcap_stsnp_c1_7986	chr07	43.254	ST4.03ch07	47557387	47557387	SNP	ID=solcap_stsnp_c1_7986;Note=type: New OPA;Name=solcap_stsnp_c1_7986; Note=Genetic position = Chr07 43.254 cM	chr07	48814328	0	N	solcap_69k	True
solcap_stsnp_c1_10457	solcap_snp_c1_10457	solcap_stsnp_c1_10457	chr07	44.577	ST4.03ch07	49665986	49665986	SNP	ID=solcap_stsnp_c1_10457;Note=type: New OPA;Name=solcap_stsnp_c1_10457; Note=Genetic position = Chr07 44.577 cM	chr07	50710645	0	N	solcap_69k	True
solcap_stsnp_c1_9894	solcap_snp_c1_9894	solcap_stsnp_c1_9894	chr07	50.116	ST4.03ch07	51072311	51072311	SNP	ID=solcap_stsnp_c1_9894;Note=type: New OPA;Name=solcap_stsnp_c1_9894; Note=Genetic position = Chr07 50.116 cM	chr07	52098992	0	N	solcap_69k	True
solcap_stsnp_c1_8687	solcap_snp_c1_8687	solcap_stsnp_c1_8687	chr07	50.491	ST4.03ch07	51525589	51525589	SNP	ID=solcap_stsnp_c1_8687;Note=type: New OPA;Name=solcap_stsnp_c1_8687; Note=Genetic position = Chr07 50.491 cM	chr07	52498605	0	N	solcap_69k	True
solcap_stsnp_c1_8704	solcap_snp_c1_8704	solcap_stsnp_c1_8704	chr07	53.523	ST4.03ch07	51997428	51997428	SNP	ID=solcap_stsnp_c1_8704;Note=type: New OPA;Name=solcap_stsnp_c1_8704; Note=Genetic position = Chr07 53.523 cM	chr07	52974360	0	N	solcap_69k	True
solcap_stsnp_c1_4045	solcap_snp_c1_4045	solcap_stsnp_c1_4045	chr07	56.745	ST4.03ch07	52826938	52826938	SNP	ID=solcap_stsnp_c1_4045;Note=type: New OPA;Name=solcap_stsnp_c1_4045; Note=Genetic position = Chr07 56.745 cM	chr07	53799659	0	N	solcap_69k	True
solcap_stsnp_c1_8815	solcap_snp_c1_8815	solcap_stsnp_c1_8815	chr07	63.806	ST4.03ch07	55754417	55754417	SNP	ID=solcap_stsnp_c1_8815;Note=type: New OPA;Name=solcap_stsnp_c1_8815; Note=Genetic position = Chr07 63.806 cM	chr07	56651862	0	N	solcap_69k	True
solcap_stsnp_c1_7740	solcap_snp_c1_7740	solcap_stsnp_c1_7740	chr08	10.679	ST4.03ch08	3575848	3575848	SNP	ID=solcap_stsnp_c1_7740;Note=type: New OPA;Name=solcap_stsnp_c1_7740; Note=Genetic position = Chr08 10.679 cM	chr08	4092287	0	N	solcap_69k	True
solcap_stsnp_c1_10248	solcap_snp_c1_10248	solcap_stsnp_c1_10248	chr08	12.496	ST4.03ch08	3773576	3773576	SNP	ID=solcap_stsnp_c1_10248;Note=type: New OPA;Name=solcap_stsnp_c1_10248; Note=Genetic position = Chr08 12.496 cM	chr08	4596385	0	N	solcap_69k	True
solcap_stsnp_c1_8381	solcap_snp_c1_8381	solcap_stsnp_c1_8381	chr08	15.476	ST4.03ch08	5482413	5482413	SNP	ID=solcap_stsnp_c1_8381;Note=type: New OPA;Name=solcap_stsnp_c1_8381; Note=Genetic position = Chr08 15.476 cM	chr08	6321786	0	N	solcap_69k	True
solcap_stsnp_c1_15451	solcap_snp_c1_15451	solcap_stsnp_c1_15451	chr08	16.102	ST4.03ch08	7440493	7440493	SNP	ID=solcap_stsnp_c1_15451;Note=type: New OPA;Name=solcap_stsnp_c1_15451; Note=Genetic position = Chr08 16.102 cM	chr08	8091997	0	N	solcap_69k	True
solcap_stsnp_c1_14167	solcap_snp_c1_14167	solcap_stsnp_c1_14167	chr08	17.856	ST4.03ch08	7796733	7796733	SNP	ID=solcap_stsnp_c1_14167;Note=type: New OPA;Name=solcap_stsnp_c1_14167; Note=Genetic position = Chr08 17.856 cM	chr08	8472056	0	N	solcap_69k	True
solcap_stsnp_c1_6262	solcap_snp_c1_6262	solcap_stsnp_c1_6262	chr08	19.828	ST4.03ch08	20584401	20584401	SNP	ID=solcap_stsnp_c1_6262;Note=type: New OPA;Name=solcap_stsnp_c1_6262; Note=Genetic position = Chr08 19.828 cM	chr08	30025471	0	N	solcap_69k	True
solcap_stsnp_c1_9824	solcap_snp_c1_9824	solcap_stsnp_c1_9824	chr08	25.092	ST4.03ch08	34577448	34577448	SNP	ID=solcap_stsnp_c1_9824;Note=type: New OPA;Name=solcap_stsnp_c1_9824; Note=Genetic position = Chr08 25.092 cM	chr08	38130833	0	N	solcap_69k	True
solcap_stsnp_c1_11720	solcap_snp_c1_11720	solcap_stsnp_c1_11720	chr08	25.817	ST4.03ch08	35418204	35418204	SNP	ID=solcap_stsnp_c1_11720;Note=type: New OPA;Name=solcap_stsnp_c1_11720; Note=Genetic position = Chr08 25.817 cM	chr08	38961474	0	N	solcap_69k	True
solcap_stsnp_c1_9821	solcap_snp_c1_9821	solcap_stsnp_c1_9821	chr08	25.921	ST4.03ch08	34744066	34744066	SNP	ID=solcap_stsnp_c1_9821;Note=type: New OPA;Name=solcap_stsnp_c1_9821; Note=Genetic position = Chr08 25.921 cM	chr08	38300248	0	N	solcap_69k	True
solcap_stsnp_c1_14109	solcap_snp_c1_14109	solcap_stsnp_c1_14109	chr08	27.618	ST4.03ch08	40060217	40060217	SNP	ID=solcap_stsnp_c1_14109;Note=type: New OPA;Name=solcap_stsnp_c1_14109; Note=Genetic position = Chr08 27.618 cM	chr08	43117840	0	N	solcap_69k	True
solcap_stsnp_c1_12166	solcap_snp_c1_12166	solcap_stsnp_c1_12166	chr08	29.081	ST4.03ch08	41635071	41635071	SNP	ID=solcap_stsnp_c1_12166;Note=type: New OPA;Name=solcap_stsnp_c1_12166; Note=Genetic position = Chr08 29.081 cM	chr08	44459370	0	N	solcap_69k	True
solcap_stsnp_c1_6029	solcap_snp_c1_6029	solcap_stsnp_c1_6029	chr08	37.056	ST4.03ch08	43364866	43364866	SNP	ID=solcap_stsnp_c1_6029;Note=type: New OPA;Name=solcap_stsnp_c1_6029; Note=Genetic position = Chr08 37.056 cM	chr08	45919434	0	N	solcap_69k	True
solcap_stsnp_c1_5094	solcap_snp_c1_5094	solcap_stsnp_c1_5094	chr08	38.252	ST4.03ch08	45264835	45264835	SNP	ID=solcap_stsnp_c1_5094;Note=type: New OPA;Name=solcap_stsnp_c1_5094; Note=Genetic position = Chr08 38.252 cM	chr08	47690843	0	N	solcap_69k	True
solcap_stsnp_c1_8296	solcap_snp_c1_8296	solcap_stsnp_c1_8296	chr08	59.685	ST4.03ch08	53823572	53823572	SNP	ID=solcap_stsnp_c1_8296;Note=type: New OPA;Name=solcap_stsnp_c1_8296; Note=Genetic position = Chr08 59.685 cM	chr08	56271396	0	N	solcap_69k	True
solcap_stsnp_c1_5485	solcap_snp_c1_5485	solcap_stsnp_c1_5485	chr08	62.25	ST4.03ch08	54751329	54751329	SNP	ID=solcap_stsnp_c1_5485;Note=type: New OPA;Name=solcap_stsnp_c1_5485; Note=Genetic position = Chr08 62.25 cM	chr08	57177168	0	N	solcap_69k	True
solcap_stsnp_c1_5509	solcap_snp_c1_5509	solcap_stsnp_c1_5509	chr08	62.253	ST4.03ch08	54850467	54850467	SNP	ID=solcap_stsnp_c1_5509;Note=type: New OPA;Name=solcap_stsnp_c1_5509; Note=Genetic position = Chr08 62.253 cM	chr08	57274863	0	N	solcap_69k	True
solcap_stsnp_c1_5532	solcap_snp_c1_5532	solcap_stsnp_c1_5532	chr08	63.404	ST4.03ch08	54936660	54936660	SNP	ID=solcap_stsnp_c1_5532;Note=type: New OPA;Name=solcap_stsnp_c1_5532; Note=Genetic position = Chr08 63.404 cM	chr08	57358335	0	N	solcap_69k	True
solcap_stsnp_c1_5612	solcap_snp_c1_5612	solcap_stsnp_c1_5612	chr08	64.377	ST4.03ch08	55365435	55365435	SNP	ID=solcap_stsnp_c1_5612;Note=type: New OPA;Name=solcap_stsnp_c1_5612; Note=Genetic position = Chr08 64.377 cM	chr08	57771519	0	N	solcap_69k	True
solcap_stsnp_c1_5605	solcap_snp_c1_5605	solcap_stsnp_c1_5605	chr08	64.687	ST4.03ch08	55277958	55277958	SNP	ID=solcap_stsnp_c1_5605;Note=type: New OPA;Name=solcap_stsnp_c1_5605; Note=Genetic position = Chr08 64.687 cM	chr08	57690192	0	N	solcap_69k	True
solcap_stsnp_c1_5166	solcap_snp_c1_5166	solcap_stsnp_c1_5166	chr08	65.698	ST4.03ch08	56026923	56026923	SNP	ID=solcap_stsnp_c1_5166;Note=type: New OPA;Name=solcap_stsnp_c1_5166; Note=Genetic position = Chr08 65.698 cM	chr08	58422287	0	N	solcap_69k	True
solcap_stsnp_c1_14376	solcap_snp_c1_14376	solcap_stsnp_c1_14376	chr09	4.927	ST4.03ch09	817955	817955	SNP	ID=solcap_stsnp_c1_14376;Note=type: New OPA;Name=solcap_stsnp_c1_14376; Note=Genetic position = Chr09 4.927 cM	chr09	831875	0	N	solcap_69k	True
solcap_stsnp_c1_1426	solcap_snp_c1_1426	solcap_stsnp_c1_1426	chr09	20.566	ST4.03ch09	4373995	4373995	SNP	ID=solcap_stsnp_c1_1426;Note=type: New OPA;Name=solcap_stsnp_c1_1426; Note=Genetic position = Chr09 20.566 cM	chr09	4114138	0	N	solcap_69k	True
solcap_stsnp_c1_8209	solcap_snp_c1_8209	solcap_stsnp_c1_8209	chr09	39.514	ST4.03ch09	21578970	21578970	SNP	ID=solcap_stsnp_c1_8209;Note=type: New OPA;Name=solcap_stsnp_c1_8209; Note=Genetic position = Chr09 39.514 cM	chr09	46801848	0	N	solcap_69k	True
solcap_stsnp_c1_2319	solcap_snp_c1_2319	solcap_stsnp_c1_2319	chr09	39.625	ST4.03ch09	39333997	39333997	SNP	ID=solcap_stsnp_c1_2319;Note=type: New OPA;Name=solcap_stsnp_c1_2319; Note=Genetic position = Chr09 39.625 cM	chr09	34137871	0	N	solcap_69k	True
solcap_stsnp_c1_12794	solcap_snp_c1_12794	solcap_stsnp_c1_12794	chr09	45.609	ST4.03ch09	47545577	47545577	SNP	ID=solcap_stsnp_c1_12794;Note=type: New OPA;Name=solcap_stsnp_c1_12794; Note=Genetic position = Chr09 45.609 cM	chr09	54181202	0	N	solcap_69k	True
solcap_stsnp_c1_12802	solcap_snp_c1_12802	solcap_stsnp_c1_12802	chr09	45.817	ST4.03ch09	47662364	47662364	SNP	ID=solcap_stsnp_c1_12802;Note=type: New OPA;Name=solcap_stsnp_c1_12802; Note=Genetic position = Chr09 45.817 cM	chr09	54297084	0	N	solcap_69k	True
solcap_stsnp_c1_6181	solcap_snp_c1_6181	solcap_stsnp_c1_6181	chr09	46.593	ST4.03ch09	48171616	48171616	SNP	ID=solcap_stsnp_c1_6181;Note=type: New OPA;Name=solcap_stsnp_c1_6181; Note=Genetic position = Chr09 46.593 cM	chr09	54815626	0	N	solcap_69k	True
solcap_stsnp_c1_16459	solcap_snp_c1_16459	solcap_stsnp_c1_16459	chr09	50.736	ST4.03ch09	49537802	49537802	SNP	ID=solcap_stsnp_c1_16459;Note=type: New OPA;Name=solcap_stsnp_c1_16459; Note=Genetic position = Chr09 50.736 cM	chr09	56104281	0	N	solcap_69k	True
solcap_stsnp_c1_13514	solcap_snp_c1_13514	solcap_stsnp_c1_13514	chr09	51.48	ST4.03ch09	48627701	48627701	SNP	ID=solcap_stsnp_c1_13514;Note=type: New OPA;Name=solcap_stsnp_c1_13514; Note=Genetic position = Chr09 51.48 cM	chr09	55253949	0	N	solcap_69k	True
solcap_stsnp_c1_11692	solcap_snp_c1_11692	solcap_stsnp_c1_11692	chr09	54.987	ST4.03ch09	49981471	49981471	SNP	ID=solcap_stsnp_c1_11692;Note=type: New OPA;Name=solcap_stsnp_c1_11692; Note=Genetic position = Chr09 54.987 cM	chr09	56552391	0	N	solcap_69k	True
solcap_stsnp_c1_11691	solcap_snp_c1_11691	solcap_stsnp_c1_11691	chr09	55.203	ST4.03ch09	49984816	49984816	SNP	ID=solcap_stsnp_c1_11691;Note=type: New OPA;Name=solcap_stsnp_c1_11691; Note=Genetic position = Chr09 55.203 cM	chr09	56555736	0	N	solcap_69k	True
solcap_stsnp_c1_15363	solcap_snp_c1_15363	solcap_stsnp_c1_15363	chr09	55.642	ST4.03ch09	50471688	50471688	SNP	ID=solcap_stsnp_c1_15363;Note=type: New OPA;Name=solcap_stsnp_c1_15363; Note=Genetic position = Chr09 55.642 cM	chr09	56953438	0	N	solcap_69k	True
solcap_stsnp_c1_13519	solcap_snp_c1_13519	solcap_stsnp_c1_13519	chr09	56.142	ST4.03ch09	48726726	48726726	SNP	ID=solcap_stsnp_c1_13519;Note=type: New OPA;Name=solcap_stsnp_c1_13519; Note=Genetic position = Chr09 56.142 cM	chr09	55353103	0	N	solcap_69k	True
solcap_stsnp_c1_11906	solcap_snp_c1_11906	solcap_stsnp_c1_11906	chr09	58.667	ST4.03ch09	51184363	51184363	SNP	ID=solcap_stsnp_c1_11906;Note=type: New OPA;Name=solcap_stsnp_c1_11906; Note=Genetic position = Chr09 58.667 cM	chr09	57976818	0	N	solcap_69k	True
solcap_stsnp_c1_12054	solcap_snp_c1_12054	solcap_stsnp_c1_12054	chr09	60.697	ST4.03ch09	52192393	52192393	SNP	ID=solcap_stsnp_c1_12054;Note=type: New OPA;Name=solcap_stsnp_c1_12054; Note=Genetic position = Chr09 60.697 cM	chr09	58912293	0	N	solcap_69k	True
solcap_stsnp_c1_1419	solcap_snp_c1_1419	solcap_stsnp_c1_1419	chr09	61.222	ST4.03ch09	51583177	51583177	SNP	ID=solcap_stsnp_c1_1419;Note=type: New OPA;Name=solcap_stsnp_c1_1419; Note=Genetic position = Chr09 61.222 cM	chr09	58329653	0	N	solcap_69k	True
solcap_stsnp_c1_1401	solcap_snp_c1_1401	solcap_stsnp_c1_1401	chr09	61.264	ST4.03ch09	51667526	51667526	SNP	ID=solcap_stsnp_c1_1401;Note=type: New OPA;Name=solcap_stsnp_c1_1401; Note=Genetic position = Chr09 61.264 cM	chr09	58413779	0	N	solcap_69k	True
solcap_stsnp_c1_6937	solcap_snp_c1_6937	solcap_stsnp_c1_6937	chr09	65.375	ST4.03ch09	54320106	54320106	SNP	ID=solcap_stsnp_c1_6937;Note=type: New OPA;Name=solcap_stsnp_c1_6937; Note=Genetic position = Chr09 65.375 cM	chr09	60883822	0	N	solcap_69k	True
solcap_stsnp_c1_6941	solcap_snp_c1_6941	solcap_stsnp_c1_6941	chr09	65.671	ST4.03ch09	54464052	54464052	SNP	ID=solcap_stsnp_c1_6941;Note=type: New OPA;Name=solcap_stsnp_c1_6941; Note=Genetic position = Chr09 65.671 cM	chr09	61013927	0	N	solcap_69k	True
solcap_stsnp_c1_8939	solcap_snp_c1_8939	solcap_stsnp_c1_8939	chr09	66.664	ST4.03ch09	55239607	55239607	SNP	ID=solcap_stsnp_c1_8939;Note=type: New OPA;Name=solcap_stsnp_c1_8939; Note=Genetic position = Chr09 66.664 cM	chr09	61762534	0	N	solcap_69k	True
solcap_stsnp_c1_6949	solcap_snp_c1_6949	solcap_stsnp_c1_6949	chr09	66.79	ST4.03ch09	54546257	54546257	SNP	ID=solcap_stsnp_c1_6949;Note=type: New OPA;Name=solcap_stsnp_c1_6949; Note=Genetic position = Chr09 66.79 cM	chr09	61110298	0	N	solcap_69k	True
solcap_stsnp_c1_8955	solcap_snp_c1_8955	solcap_stsnp_c1_8955	chr09	70.956	ST4.03ch09	55561008	55561008	SNP	ID=solcap_stsnp_c1_8955;Note=type: New OPA;Name=solcap_stsnp_c1_8955; Note=Genetic position = Chr09 70.956 cM	chr09	62033713	0	N	solcap_69k	True
solcap_stsnp_c1_6586	solcap_snp_c1_6586	solcap_stsnp_c1_6586	chr09	72.562	ST4.03ch09	56510511	56510511	SNP	ID=solcap_stsnp_c1_6586;Note=type: New OPA;Name=solcap_stsnp_c1_6586; Note=Genetic position = Chr09 72.562 cM	chr09	62885757	0	N	solcap_69k	True
solcap_stsnp_c1_12726	solcap_snp_c1_12726	solcap_stsnp_c1_12726	chr09	75.748	ST4.03ch09	57751201	57751201	SNP	ID=solcap_stsnp_c1_12726;Note=type: New OPA;Name=solcap_stsnp_c1_12726; Note=Genetic position = Chr09 75.748 cM	chr09	64007875	0	N	solcap_69k	True
solcap_stsnp_c1_913	solcap_snp_c1_913	solcap_stsnp_c1_913	chr09	76.93	ST4.03ch09	58290581	58290581	SNP	ID=solcap_stsnp_c1_913;Note=type: New OPA;Name=solcap_stsnp_c1_913; Note=Genetic position = Chr09 76.93 cM	chr09	64428872	0	N	solcap_69k	True
solcap_stsnp_c1_900	solcap_snp_c1_900	solcap_stsnp_c1_900	chr09	79.161	ST4.03ch09	58704357	58704357	SNP	ID=solcap_stsnp_c1_900;Note=type: New OPA;Name=solcap_stsnp_c1_900; Note=Genetic position = Chr09 79.161 cM	chr09	64828084	0	N	solcap_69k	True
solcap_stsnp_c1_6619	solcap_snp_c1_6619	solcap_stsnp_c1_6619	chr09	82.423	ST4.03ch09	60101725	60101725	SNP	ID=solcap_stsnp_c1_6619;Note=type: New OPA;Name=solcap_stsnp_c1_6619; Note=Genetic position = Chr09 82.423 cM	chr09	66300693	0	N	solcap_69k	True
solcap_stsnp_c1_6621	solcap_snp_c1_6621	solcap_stsnp_c1_6621	chr09	82.536	ST4.03ch09	60121835	60121835	SNP	ID=solcap_stsnp_c1_6621;Note=type: New OPA;Name=solcap_stsnp_c1_6621; Note=Genetic position = Chr09 82.536 cM	chr09	66320339	0	N	solcap_69k	True
solcap_stsnp_c1_10582	solcap_snp_c1_10582	solcap_stsnp_c1_10582	chr09	86.542	ST4.03ch09	60571740	60571740	SNP	ID=solcap_stsnp_c1_10582;Note=type: New OPA;Name=solcap_stsnp_c1_10582; Note=Genetic position = Chr09 86.542 cM	chr09	66778416	0	N	solcap_69k	True
solcap_stsnp_c1_8547	solcap_snp_c1_8547	solcap_stsnp_c1_8547	chr09	86.621	ST4.03ch09	61241394	61241394	SNP	ID=solcap_stsnp_c1_8547;Note=type: New OPA;Name=solcap_stsnp_c1_8547; Note=Genetic position = Chr09 86.621 cM	chr09	67360701	0	N	solcap_69k	True
solcap_stsnp_c1_10580	solcap_snp_c1_10580	solcap_stsnp_c1_10580	chr09	87.866	ST4.03ch09	60570402	60570402	SNP	ID=solcap_stsnp_c1_10580;Note=type: New OPA;Name=solcap_stsnp_c1_10580; Note=Genetic position = Chr09 87.866 cM	chr09	66777078	0	N	solcap_69k	True
solcap_stsnp_c1_305	solcap_snp_c1_305	solcap_stsnp_c1_305	chr10	2.595	ST4.03ch10	339062	339062	SNP	ID=solcap_stsnp_c1_305;Note=type: New OPA;Name=solcap_stsnp_c1_305; Note=Genetic position = Chr10 2.595 cM	chr10	291396	0	N	solcap_69k	True
solcap_stsnp_c1_261	solcap_snp_c1_261	solcap_stsnp_c1_261	chr10	6.575	ST4.03ch10	1699433	1699433	SNP	ID=solcap_stsnp_c1_261;Note=type: New OPA;Name=solcap_stsnp_c1_261; Note=Genetic position = Chr10 6.575 cM	chr10	1614384	0	N	solcap_69k	True
solcap_stsnp_c1_289	solcap_snp_c1_289	solcap_stsnp_c1_289	chr10	8.962	ST4.03ch10	2468562	2468562	SNP	ID=solcap_stsnp_c1_289;Note=type: New OPA;Name=solcap_stsnp_c1_289; Note=Genetic position = Chr10 8.962 cM	chr10	2346214	0	N	solcap_69k	True
solcap_stsnp_c1_272	solcap_snp_c1_272	solcap_stsnp_c1_272	chr10	9.56	ST4.03ch10	1922202	1922202	SNP	ID=solcap_stsnp_c1_272;Note=type: New OPA;Name=solcap_stsnp_c1_272; Note=Genetic position = Chr10 9.56 cM	chr10	1826253	0	N	solcap_69k	True
solcap_stsnp_c1_1	solcap_snp_c1_1	solcap_stsnp_c1_1	chr10	20.137	ST4.03ch10	33993379	33993379	SNP	ID=solcap_stsnp_c1_1;Note=type: New OPA;Name=solcap_stsnp_c1_1; Note=Genetic position = Chr10 20.137 cM	chr10	29688859	0	N	solcap_69k	True
solcap_stsnp_c1_5	solcap_snp_c1_5	solcap_stsnp_c1_5	chr10	21.352	ST4.03ch10	32869283	32869283	SNP	ID=solcap_stsnp_c1_5;Note=type: New OPA;Name=solcap_stsnp_c1_5; Note=Genetic position = Chr10 21.352 cM	chr10	30749475	0	N	solcap_69k	True
solcap_stsnp_c1_14047	solcap_snp_c1_14047	solcap_stsnp_c1_14047	chr10	22.556	ST4.03ch10	20040041	20040041	SNP	ID=solcap_stsnp_c1_14047;Note=type: New OPA;Name=solcap_stsnp_c1_14047; Note=Genetic position = Chr10 22.556 cM	chr10	6642729	0	N	solcap_69k	True
solcap_stsnp_c1_3055	solcap_snp_c1_3055	solcap_stsnp_c1_3055	chr10	23.048	ST4.03ch10	29814382	29814382	SNP	ID=solcap_stsnp_c1_3055;Note=type: New OPA;Name=solcap_stsnp_c1_3055; Note=Genetic position = Chr10 23.048 cM	chr10	36968160	0	N	solcap_69k	True
solcap_stsnp_c1_7	solcap_snp_c1_7	solcap_stsnp_c1_7	chr10	23.528	ST4.03ch10	32251718	32251718	SNP	ID=solcap_stsnp_c1_7;Note=type: New OPA;Name=solcap_stsnp_c1_7; Note=Genetic position = Chr10 23.528 cM	chr10	31387549	0	N	solcap_69k	True
solcap_stsnp_c1_3057	solcap_snp_c1_3057	solcap_stsnp_c1_3057	chr10	25.672	ST4.03ch10	28438797	28438797	SNP	ID=solcap_stsnp_c1_3057;Note=type: New OPA;Name=solcap_stsnp_c1_3057; Note=Genetic position = Chr10 25.672 cM	chr10	35603439	0	N	solcap_69k	True
solcap_stsnp_c1_14465	solcap_snp_c1_14465	solcap_stsnp_c1_14465	chr10	26.604	ST4.03ch10	45347792	45347792	SNP	ID=solcap_stsnp_c1_14465;Note=type: New OPA;Name=solcap_stsnp_c1_14465; Note=Genetic position = Chr10 26.604 cM	chr10	45867762	0	N	solcap_69k	True
solcap_stsnp_c1_11408	solcap_snp_c1_11408	solcap_stsnp_c1_11408	chr10	26.728	ST4.03ch10	43758532	43758532	SNP	ID=solcap_stsnp_c1_11408;Note=type: New OPA;Name=solcap_stsnp_c1_11408; Note=Genetic position = Chr10 26.728 cM	chr10	44301243	0	N	solcap_69k	True
solcap_stsnp_c1_12035	solcap_snp_c1_12035	solcap_stsnp_c1_12035	chr10	27.672	ST4.03ch10	45888736	45888736	SNP	ID=solcap_stsnp_c1_12035;Note=type: New OPA;Name=solcap_stsnp_c1_12035; Note=Genetic position = Chr10 27.672 cM	chr10	46391532	0	N	solcap_69k	True
solcap_stsnp_c1_16004	solcap_snp_c1_16004	solcap_stsnp_c1_16004	chr10	36.298	ST4.03ch10	47538553	47538553	SNP	ID=solcap_stsnp_c1_16004;Note=type: New OPA;Name=solcap_stsnp_c1_16004; Note=Genetic position = Chr10 36.298 cM	chr10	48174762	0	N	solcap_69k	True
solcap_stsnp_c1_14606	solcap_snp_c1_14606	solcap_stsnp_c1_14606	chr10	37.794	ST4.03ch10	48376904	48376904	SNP	ID=solcap_stsnp_c1_14606;Note=type: New OPA;Name=solcap_stsnp_c1_14606; Note=Genetic position = Chr10 37.794 cM	chr10	49233562	0	N	solcap_69k	True
solcap_stsnp_c1_9498	solcap_snp_c1_9498	solcap_stsnp_c1_9498	chr10	45.883	ST4.03ch10	51153536	51153536	SNP	ID=solcap_stsnp_c1_9498;Note=type: New OPA;Name=solcap_stsnp_c1_9498; Note=Genetic position = Chr10 45.883 cM	chr10	52087178	0	N	solcap_69k	True
solcap_stsnp_c1_15222	solcap_snp_c1_15222	solcap_stsnp_c1_15222	chr10	46.077	ST4.03ch10	52168250	52168250	SNP	ID=solcap_stsnp_c1_15222;Note=type: New OPA;Name=solcap_stsnp_c1_15222; Note=Genetic position = Chr10 46.077 cM	chr10	53051560	0	N	solcap_69k	True
solcap_stsnp_c1_15216	solcap_snp_c1_15216	solcap_stsnp_c1_15216	chr10	47.01	ST4.03ch10	52262080	52262080	SNP	ID=solcap_stsnp_c1_15216;Note=type: New OPA;Name=solcap_stsnp_c1_15216; Note=Genetic position = Chr10 47.01 cM	chr10	53142228	0	N	solcap_69k	True
solcap_stsnp_c1_10324	solcap_snp_c1_10324	solcap_stsnp_c1_10324	chr10	50.273	ST4.03ch10	54389816	54389816	SNP	ID=solcap_stsnp_c1_10324;Note=type: New OPA;Name=solcap_stsnp_c1_10324; Note=Genetic position = Chr10 50.273 cM	chr10	55254858	0	N	solcap_69k	True
solcap_stsnp_c1_12656	solcap_snp_c1_12656	solcap_stsnp_c1_12656	chr10	57.235	ST4.03ch10	56677034	56677034	SNP	ID=solcap_stsnp_c1_12656;Note=type: New OPA;Name=solcap_stsnp_c1_12656; Note=Genetic position = Chr10 57.235 cM	chr10	57502157	0	N	solcap_69k	True
solcap_stsnp_c1_9069	solcap_snp_c1_9069	solcap_stsnp_c1_9069	chr10	57.701	ST4.03ch10	56513750	56513750	SNP	ID=solcap_stsnp_c1_9069;Note=type: New OPA;Name=solcap_stsnp_c1_9069; Note=Genetic position = Chr10 57.701 cM	chr10	57342715	0	N	solcap_69k	True
solcap_stsnp_c1_12614	solcap_snp_c1_12614	solcap_stsnp_c1_12614	chr10	58.919	ST4.03ch10	56762745	56762745	SNP	ID=solcap_stsnp_c1_12614;Note=type: New OPA;Name=solcap_stsnp_c1_12614; Note=Genetic position = Chr10 58.919 cM	chr10	57586970	0	N	solcap_69k	True
solcap_stsnp_c1_7206	solcap_snp_c1_7206	solcap_stsnp_c1_7206	chr10	62.297	ST4.03ch10	57553566	57553566	SNP	ID=solcap_stsnp_c1_7206;Note=type: New OPA;Name=solcap_stsnp_c1_7206; Note=Genetic position = Chr10 62.297 cM	chr10	58324929	0	N	solcap_69k	True
solcap_stsnp_c1_8814	solcap_snp_c1_8814	solcap_stsnp_c1_8814	chr10	68.865	ST4.03ch10	58485780	58485780	SNP	ID=solcap_stsnp_c1_8814;Note=type: New OPA;Name=solcap_stsnp_c1_8814; Note=Genetic position = Chr10 68.865 cM	chr10	59248708	0	N	solcap_69k	True
solcap_stsnp_c1_11111	solcap_snp_c1_11111	solcap_stsnp_c1_11111	chr11	0.759	ST4.03ch11	1788796	1788796	SNP	ID=solcap_stsnp_c1_11111;Note=type: New OPA;Name=solcap_stsnp_c1_11111; Note=Genetic position = Chr11 0.759 cM	chr11	2579325	0	N	solcap_69k	True
solcap_stsnp_c1_2189	solcap_snp_c1_2189	solcap_stsnp_c1_2189	chr11	3.765	ST4.03ch11	2511414	2511414	SNP	ID=solcap_stsnp_c1_2189;Note=type: New OPA;Name=solcap_stsnp_c1_2189; Note=Genetic position = Chr11 3.765 cM	chr11	3258263	0	N	solcap_69k	True
solcap_stsnp_c1_2311	solcap_snp_c1_2311	solcap_stsnp_c1_2311	chr11	4.712	ST4.03ch11	2969989	2969989	SNP	ID=solcap_stsnp_c1_2311;Note=type: New OPA;Name=solcap_stsnp_c1_2311; Note=Genetic position = Chr11 4.712 cM	chr11	3695457	0	N	solcap_69k	True
solcap_stsnp_c1_2221	solcap_snp_c1_2221	solcap_stsnp_c1_2221	chr11	5.452	ST4.03ch11	3582609	3582609	SNP	ID=solcap_stsnp_c1_2221;Note=type: New OPA;Name=solcap_stsnp_c1_2221; Note=Genetic position = Chr11 5.452 cM	chr11	4242408	0	N	solcap_69k	True
solcap_stsnp_c1_4358	solcap_snp_c1_4358	solcap_stsnp_c1_4358	chr11	7.188	ST4.03ch11	389661	389661	SNP	ID=solcap_stsnp_c1_4358;Note=type: New OPA;Name=solcap_stsnp_c1_4358; Note=Genetic position = Chr11 7.188 cM	chr11	675706	0	N	solcap_69k	True
solcap_stsnp_c1_6633	solcap_snp_c1_6633	solcap_stsnp_c1_6633	chr11	8.301	ST4.03ch11	5263076	5263076	SNP	ID=solcap_stsnp_c1_6633;Note=type: New OPA;Name=solcap_stsnp_c1_6633; Note=Genetic position = Chr11 8.301 cM	chr11	6166561	0	N	solcap_69k	True
solcap_stsnp_c1_6643	solcap_snp_c1_6643	solcap_stsnp_c1_6643	chr11	9.381	ST4.03ch11	5515254	5515254	SNP	ID=solcap_stsnp_c1_6643;Note=type: New OPA;Name=solcap_stsnp_c1_6643; Note=Genetic position = Chr11 9.381 cM	chr11	6413576	0	N	solcap_69k	True
solcap_stsnp_c1_2132	solcap_snp_c1_2132	solcap_stsnp_c1_2132	chr11	12.567	ST4.03ch11	2848337	2848337	SNP	ID=solcap_stsnp_c1_2132;Note=type: New OPA;Name=solcap_stsnp_c1_2132; Note=Genetic position = Chr11 12.567 cM	chr11	3575362	0	N	solcap_69k	True
solcap_stsnp_c1_2254	solcap_snp_c1_2254	solcap_stsnp_c1_2254	chr11	15.715	ST4.03ch11	3288879	3288879	SNP	ID=solcap_stsnp_c1_2254;Note=type: New OPA;Name=solcap_stsnp_c1_2254; Note=Genetic position = Chr11 15.715 cM	chr11	4000873	0	N	solcap_69k	True
solcap_stsnp_c1_16309	solcap_snp_c1_16309	solcap_stsnp_c1_16309	chr11	17.585	ST4.03ch11	4666456	4666456	SNP	ID=solcap_stsnp_c1_16309;Note=type: New OPA;Name=solcap_stsnp_c1_16309; Note=Genetic position = Chr11 17.585 cM	chr11	5321940	0	N	solcap_69k	True
solcap_stsnp_c1_4012	solcap_snp_c1_4012	solcap_stsnp_c1_4012	chr11	26.204	ST4.03ch11	8059092	8059092	SNP	ID=solcap_stsnp_c1_4012;Note=type: New OPA;Name=solcap_stsnp_c1_4012; Note=Genetic position = Chr11 26.204 cM	chr11	8901167	0	N	solcap_69k	True
solcap_stsnp_c1_4009	solcap_snp_c1_4009	solcap_stsnp_c1_4009	chr11	26.74	ST4.03ch11	8279431	8279431	SNP	ID=solcap_stsnp_c1_4009;Note=type: New OPA;Name=solcap_stsnp_c1_4009; Note=Genetic position = Chr11 26.74 cM	chr11	9118092	0	N	solcap_69k	True
solcap_stsnp_c1_3996	solcap_snp_c1_3996	solcap_stsnp_c1_3996	chr11	27.637	ST4.03ch11	8660284	8660284	SNP	ID=solcap_stsnp_c1_3996;Note=type: New OPA;Name=solcap_stsnp_c1_3996; Note=Genetic position = Chr11 27.637 cM	chr11	9491422	0	N	solcap_69k	True
solcap_stsnp_c1_4359	solcap_snp_c1_4359	solcap_stsnp_c1_4359	chr11	36.859	ST4.03ch11	35737669	35737669	SNP	ID=solcap_stsnp_c1_4359;Note=type: New OPA;Name=solcap_stsnp_c1_4359; Note=Genetic position = Chr11 36.859 cM	chr11	37615241	0	N	solcap_69k	True
solcap_stsnp_c1_872	solcap_snp_c1_872	solcap_stsnp_c1_872	chr11	37.27	ST4.03ch11	17223119	17223119	SNP	ID=solcap_stsnp_c1_872;Note=type: New OPA;Name=solcap_stsnp_c1_872; Note=Genetic position = Chr11 37.27 cM	chr11	16224599	0	N	solcap_69k	True
solcap_stsnp_c1_4818	solcap_snp_c1_4818	solcap_stsnp_c1_4818	chr11	44.569	ST4.03ch11	38528580	38528580	SNP	ID=solcap_stsnp_c1_4818;Note=type: New OPA;Name=solcap_stsnp_c1_4818; Note=Genetic position = Chr11 44.569 cM	chr11	40128268	0	N	solcap_69k	True
solcap_stsnp_c1_6959	solcap_snp_c1_6959	solcap_stsnp_c1_6959	chr11	47.372	ST4.03ch11	40688589	40688589	SNP	ID=solcap_stsnp_c1_6959;Note=type: New OPA;Name=solcap_stsnp_c1_6959; Note=Genetic position = Chr11 47.372 cM	chr11	42186332	0	N	solcap_69k	True
solcap_stsnp_c1_6971	solcap_snp_c1_6971	solcap_stsnp_c1_6971	chr11	47.907	ST4.03ch11	40966771	40966771	SNP	ID=solcap_stsnp_c1_6971;Note=type: New OPA;Name=solcap_stsnp_c1_6971; Note=Genetic position = Chr11 47.907 cM	chr11	42408537	0	N	solcap_69k	True
solcap_stsnp_c1_1300	solcap_snp_c1_1300	solcap_stsnp_c1_1300	chr11	48.053	ST4.03ch11	39238993	39238993	SNP	ID=solcap_stsnp_c1_1300;Note=type: New OPA;Name=solcap_stsnp_c1_1300; Note=Genetic position = Chr11 48.053 cM	chr11	40806074	0	N	solcap_69k	True
solcap_stsnp_c1_6967	solcap_snp_c1_6967	solcap_stsnp_c1_6967	chr11	50.616	ST4.03ch11	40777221	40777221	SNP	ID=solcap_stsnp_c1_6967;Note=type: New OPA;Name=solcap_stsnp_c1_6967; Note=Genetic position = Chr11 50.616 cM	chr11	42273649	0	N	solcap_69k	True
solcap_stsnp_c1_4908	solcap_snp_c1_4908	solcap_stsnp_c1_4908	chr11	53.049	ST4.03ch11	42278644	42278644	SNP	ID=solcap_stsnp_c1_4908;Note=type: New OPA;Name=solcap_stsnp_c1_4908; Note=Genetic position = Chr11 53.049 cM	chr11	43731390	0	N	solcap_69k	True
solcap_stsnp_c1_4929	solcap_snp_c1_4929	solcap_stsnp_c1_4929	chr11	53.299	ST4.03ch11	41592085	41592085	SNP	ID=solcap_stsnp_c1_4929;Note=type: New OPA;Name=solcap_stsnp_c1_4929; Note=Genetic position = Chr11 53.299 cM	chr11	43021081	0	N	solcap_69k	True
solcap_stsnp_c1_4911	solcap_snp_c1_4911	solcap_stsnp_c1_4911	chr11	53.878	ST4.03ch11	42274809	42274809	SNP	ID=solcap_stsnp_c1_4911;Note=type: New OPA;Name=solcap_stsnp_c1_4911; Note=Genetic position = Chr11 53.878 cM	chr11	43727992	0	N	solcap_69k	True
solcap_stsnp_c1_15798	solcap_snp_c1_15798	solcap_stsnp_c1_15798	chr11	56.684	ST4.03ch11	42975265	42975265	SNP	ID=solcap_stsnp_c1_15798;Note=type: New OPA;Name=solcap_stsnp_c1_15798; Note=Genetic position = Chr11 56.684 cM	chr11	44454708	0	N	solcap_69k	True
solcap_stsnp_c1_11568	solcap_snp_c1_11568	solcap_stsnp_c1_11568	chr11	58.097	ST4.03ch11	44062079	44062079	SNP	ID=solcap_stsnp_c1_11568;Note=type: New OPA;Name=solcap_stsnp_c1_11568; Note=Genetic position = Chr11 58.097 cM	chr11	45525054	0	N	solcap_69k	True
solcap_stsnp_c1_12902	solcap_snp_c1_12902	solcap_stsnp_c1_12902	chr11	61.922	ST4.03ch11	44338817	44338817	SNP	ID=solcap_stsnp_c1_12902;Note=type: New OPA;Name=solcap_stsnp_c1_12902; Note=Genetic position = Chr11 61.922 cM	chr11	45740690	0	N	solcap_69k	True
solcap_stsnp_c1_8495	solcap_snp_c1_8495	solcap_stsnp_c1_8495	chr12	27.502	ST4.03ch12	10560077	10560077	SNP	ID=solcap_stsnp_c1_8495;Note=type: New OPA;Name=solcap_stsnp_c1_8495; Note=Genetic position = Chr12 27.502 cM	chr12	49357724	0	N	solcap_69k	True
solcap_stsnp_c1_14454	solcap_snp_c1_14454	solcap_stsnp_c1_14454	chr12	28.975	ST4.03ch12	9183274	9183274	SNP	ID=solcap_stsnp_c1_14454;Note=type: New OPA;Name=solcap_stsnp_c1_14454; Note=Genetic position = Chr12 28.975 cM	chr12	50680228	0	N	solcap_69k	True
solcap_stsnp_c1_9741	solcap_snp_c1_9741	solcap_stsnp_c1_9741	chr12	40.012	ST4.03ch12	55182926	55182926	SNP	ID=solcap_stsnp_c1_9741;Note=type: New OPA;Name=solcap_stsnp_c1_9741; Note=Genetic position = Chr12 40.012 cM	chr12	6017006	0	N	solcap_69k	True
solcap_stsnp_c1_7491	solcap_snp_c1_7491	solcap_stsnp_c1_7491	chr12	44.555	ST4.03ch12	53755787	53755787	SNP	ID=solcap_stsnp_c1_7491;Note=type: New OPA;Name=solcap_stsnp_c1_7491; Note=Genetic position = Chr12 44.555 cM	chr12	7297924	0	N	solcap_69k	True
solcap_stsnp_c1_2713	solcap_snp_c1_2713	solcap_stsnp_c1_2713	chr12	50.571	ST4.03ch12	57202531	57202531	SNP	ID=solcap_stsnp_c1_2713;Note=type: New OPA;Name=solcap_stsnp_c1_2713; Note=Genetic position = Chr12 50.571 cM	chr12	4098875	0	N	solcap_69k	True
solcap_stsnp_c1_2775	solcap_snp_c1_2775	solcap_stsnp_c1_2775	chr12	60.796	ST4.03ch12	57883176	57883176	SNP	ID=solcap_stsnp_c1_2775;Note=type: New OPA;Name=solcap_stsnp_c1_2775; Note=Genetic position = Chr12 60.796 cM	chr12	3430218	0	N	solcap_69k	True
solcap_stsnp_c1_2733	solcap_snp_c1_2733	solcap_stsnp_c1_2733	chr12	60.994	ST4.03ch12	57645115	57645115	SNP	ID=solcap_stsnp_c1_2733;Note=type: New OPA;Name=solcap_stsnp_c1_2733; Note=Genetic position = Chr12 60.994 cM	chr12	3663191	0	N	solcap_69k	True
solcap_stsnp_c1_1948	solcap_snp_c1_1948	solcap_stsnp_c1_1948	chr12	66.841	ST4.03ch12	59631381	59631381	SNP	ID=solcap_stsnp_c1_1948;Note=type: New OPA;Name=solcap_stsnp_c1_1948; Note=Genetic position = Chr12 66.841 cM	chr12	1781003	0	N	solcap_69k	True
solcap_stsnp_c1_1958	solcap_snp_c1_1958	solcap_stsnp_c1_1958	chr12	69.512	ST4.03ch12	60814894	60814894	SNP	ID=solcap_stsnp_c1_1958;Note=type: New OPA;Name=solcap_stsnp_c1_1958; Note=Genetic position = Chr12 69.512 cM	chr12	568082	0	N	solcap_69k	True
solcap_stsnp_c1_16130	solcap_snp_c1_16130	solcap_stsnp_c1_16130	chr12	69.698	ST4.03ch12	61145303	61145303	SNP	ID=solcap_stsnp_c1_16130;Note=type: New OPA;Name=solcap_stsnp_c1_16130; Note=Genetic position = Chr12 69.698 cM	chr12	261416	0	N	solcap_69k	True
