chr	pos	cM	marker_id
1	10901156	0.33	CaSNP3291
1	10992087	0.44	CaSNP2427
1	11106617	0.54	CaSNP5094
1	11157191	0.61	CaTSNP8258
1	11169456	0.63	CaTSNP7867
1	11242388	0.63	CaTSNP8749
1	12226818	0.65	CaTSNP6417
1	12253532	0.65	CaTSNP7896
1	12273617	0.68	CaTSNP7388
1	12290640	0.68	CaTSNP7214
1	12305802	0.93	CaTSNP8012
1	12382449	1.10	CaTSNP7715
1	12431209	6.53	CaTSNP8929
1	12518739	6.56	CaTSNP8742
1	12732612	7.18	CaTSNP7165
1	12814412	7.23	CaTSNP8866
1	12834057	7.66	CaTSNP6913
1	12963689	9.25	CaTSNP6348
1	13167681	9.40	CaTSNP6520
1	13500778	10.64	CaTSNP8352
1	13537207	12.45	CaSNP3439
1	13609969	13.13	CaSNP2105
1	13684144	13.59	CaSNP3072
1	14257311	16.25	CaTSNP8835
1	14713070	16.80	CaTSNP7534
1	14734426	17.27	CaTSNP6597
1	14801406	18.37	CaTSNP7876
1	15147941	18.80	CaTSNP8538
1	15378692	18.90	CaTSNP7888
1	15530962	19.79	CaSNP2779
1	15742743	20.18	CaSNP3851
1	15987017	20.71	CaTSNP8646
1	16062829	21.32	CaTSNP6106
1	16077015	22.33	CaSNP4132
1	16208216	23.58	CaSNP3457
1	16379480	25.49	CaSNP2132
1	16514998	25.49	CaSNP2426
1	16711917	26.25	CaSNP3847
1	18085383	27.12	CaTSNP6117
1	18111969	27.44	CaTSNP7953
1	18288435	27.55	CaTSNP8995
1	18458610	27.78	CaSNP3925
1	18501551	27.78	CaSNP2910
1	18702433	28.21	CaSNP4970
1	18754892	28.50	CaSNP4040
1	18941706	28.86	CaSNP2241
1	19002283	28.91	CaSNP3275
1	19034134	28.97	CaSNP3940
1	19164976	29.22	CaSNP3844
1	19254795	29.22	CaSNP3779
1	19348852	29.22	CaSNP3152
1	19440308	29.22	CaSNP4824
1	21591117	29.59	CaSNP5064
1	22446968	29.60	CaSNP2759
1	22578477	29.60	CaSNP2290
1	22700949	29.61	CaSNP2503
1	23339194	29.61	CaSNP2518
1	23677570	29.61	CaSNP4412
1	24136861	29.61	CaSNP3300
1	24221491	29.61	CaSNP2948
1	24475150	29.61	CaSNP4616
1	27197417	29.61	CaSNP3712
1	27694731	29.61	CaSNP2864
1	27860652	29.61	CaSNP5061
1	28030797	29.61	CaSNP4466
1	28088501	29.61	CaSNP3099
1	28151984	29.61	CaSNP3044
1	28535153	29.61	CaSNP2878
1	28561982	29.61	CaSNP4289
1	29624574	29.61	CaSNP3877
1	31984500	29.61	CaSNP2546
1	33159845	29.61	CaSNP4256
1	34250039	29.61	CaSNP2847
1	34377708	29.61	CaSNP3920
1	34843998	29.61	CaSNP2776
1	34934915	29.61	CaSNP3909
1	35057752	29.61	CaSNP2704
1	37693379	29.61	CaSNP5071
1	38034727	29.61	CaSNP2833
1	39201542	29.61	CaSNP5003
1	39339529	29.61	CaSNP4737
1	39664201	29.62	CaSNP2820
1	40016445	29.62	CaSNP3191
1	40362409	29.62	CaSNP2754
1	42137711	29.63	CaSNP2545
1	42288607	29.65	CaSNP2462
1	43070685	29.66	CaSNP3428
1	43596403	30.06	CaSNP3329
1	43755287	30.44	CaSNP3441
1	43883535	30.44	CaSNP2397
1	43992423	31.12	CaSNP1992
1	44070145	31.13	CaSNP3896
1	46941875	31.51	CaTSNP7614
1	46959505	31.51	CaTSNP7784
1	47091614	31.64	CaSNP2414
1	47909166	32.29	CaSNP3302
1	47996410	32.29	CaSNP2285
1	48084065	32.74	CaSNP2479
1	48154538	33.52	CaTSNP8386
1	48195174	33.90	CaTSNP6986
1	48305112	34.15	CaTSNP7916
1	48336170	34.15	CaTSNP6878
2	10284110	54.35	CaTSNP7098
2	10375932	54.51	CaTSNP6624
2	10613738	54.51	CaTSNP6636
2	10637628	54.51	CaTSNP7963
2	10746769	55.39	CaSNP5109
2	11250742	55.39	CaSNP3067
2	12075930	55.55	CaSNP4333
2	12227206	55.57	CaSNP3367
2	12280995	55.63	CaSNP5096
2	12409304	55.72	CaSNP4712
2	12630194	56.46	CaTSNP6789
2	12768694	56.68	CaSNP4951
2	13082921	56.83	CaSNP2120
2	13220541	56.91	CaSNP3964
2	13437554	57.08	CaSNP2685
2	13746922	57.08	CaSNP2764
2	14120759	57.08	CaSNP2211
2	15173635	57.08	CaSNP4275
2	15431598	57.08	CaSNP3420
2	15688657	57.08	CaSNP4738
2	15825051	57.08	CaSNP5085
2	16165210	57.08	CaSNP4428
2	16287265	58.61	CaSNP2452
2	16417113	58.61	CaSNP3820
2	17019023	58.61	CaSNP3845
2	17150362	58.61	CaSNP2886
2	17476090	58.61	CaSNP3733
2	17656849	58.64	CaSNP2302
2	17800249	58.65	CaSNP3006
2	17901757	58.65	CaSNP3866
2	18718925	58.65	CaSNP3913
2	19576598	58.65	CaSNP4675
2	20349102	58.65	CaSNP2581
2	20552035	58.65	CaSNP2939
2	21458658	58.65	CaSNP2836
2	21920476	58.65	CaSNP3354
2	22164208	58.65	CaSNP4853
2	22342487	58.65	CaSNP3169
2	23308406	58.65	CaSNP3422
2	23886175	58.65	CaSNP2377
2	24203587	59.21	CaSNP2570
2	24708274	59.21	CaSNP2307
2	25510302	59.21	CaSNP2605
2	27305215	62.25	CaSNP2733
2	27437109	62.62	CaSNP3627
2	27701715	62.62	CaSNP2491
2	27832214	63.2	CaSNP2005
2	27978419	63.36	CaSNP2475
2	28553143	63.78	CaSNP4122
2	29006462	63.8	CaSNP5093
2	29107924	64.12	CaSNP3825
2	29301283	64.18	CaSNP4869
2	29623123	64.21	CaSNP4860
2	29945903	64.22	CaSNP5086
2	30046488	64.29	CaTSNP6269
2	30505340	64.66	CaTSNP6833
2	30734017	64.68	CaTSNP6092
2	30950287	64.74	CaTSNP8855
2	31088778	64.78	CaSNP3986
2	31324127	64.82	CaSNP2012
2	32121136	64.92	CaTSNP8516
2	32325653	64.93	CaSNP3658
2	32407084	65.08	CaSNP2673
3	828899	3.58	CaSNP2890
3	1299208	3.59	CaSNP4105
3	1693988	3.59	CaSNP4517
3	2008998	3.59	CaSNP3423
3	2060361	3.63	CaSNP4627
3	6315229	3.63	CaSNP2884
3	6423509	3.63	CaSNP3276
3	6510416	3.63	CaSNP4702
3	8720066	3.63	CaSNP4173
3	8800638	3.63	CaSNP2662
3	9438091	3.63	CaSNP4414
3	9879210	3.63	CaSNP3116
3	10109359	3.64	CaSNP4365
3	10435672	3.64	CaSNP3834
3	10613650	3.64	CaSNP2703
3	11224427	3.64	CaSNP4013
3	11341908	3.64	CaSNP3832
3	11824677	3.65	CaSNP3107
3	12381450	3.65	CaSNP2606
3	12599850	3.65	CaSNP3762
3	13401828	3.65	CaSNP3983
3	15287355	3.65	CaSNP3138
3	16373719	3.65	CaSNP3050
3	17004808	3.65	CaSNP3282
3	17554654	3.65	CaSNP4188
3	17859177	3.65	CaSNP4672
3	18351012	3.65	CaSNP3767
3	18384807	3.65	CaSNP4657
3	18481937	3.65	CaSNP3317
3	19542422	3.65	CaSNP3040
3	19857344	3.75	CaTSNP8112
3	20027407	5.32	CaSNP2676
3	20241823	5.36	CaSNP2896
3	20292686	5.36	CaSNP3404
3	20558219	5.36	CaSNP3225
3	20754915	5.36	CaSNP4080
3	20831082	5.36	CaSNP2269
3	20880703	5.64	CaTSNP6327
3	21046195	6.14	CaTSNP9141
3	21100219	6.22	CaTSNP7012
3	21293559	6.72	CaTSNP6157
3	21443302	6.72	CaTSNP8911
3	21627537	6.94	CaTSNP8022
3	21866214	7.38	CaSNP4235
3	22002732	8.32	CaTSNP8034
3	22060199	8.35	CaTSNP7106
3	22186514	8.92	CaTSNP8698
3	22545229	9.22	CaSNP4156
3	22767386	9.22	CaSNP4030
3	23205154	9.30	CaTSNP8950
3	23216312	9.42	CaTSNP6984
3	23277775	9.55	CaSNP3290
3	23344730	10.00	CaSNP2207
3	23527652	10.23	CaSNP2882
3	23633796	10.23	CaSNP2543
3	23665596	10.23	CaSNP2633
3	23763954	10.55	CaTSNP7742
3	23823713	10.55	CaTSNP8827
3	23979388	11.03	CaTSNP7721
3	24089458	11.38	CaTSNP7586
3	24113161	12.19	CaTSNP6884
3	24427203	12.19	CaTSNP8798
3	24465790	12.36	CaTSNP9049
3	24502905	12.40	CaTSNP6143
3	25010127	12.64	CaSNP3575
3	25268008	13.25	CaTSNP8096
3	25527800	14.11	CaTSNP8761
3	25531646	14.11	CaTSNP7673
3	25537529	14.11	CaTSNP7891
3	25565991	14.28	CaTSNP6621
3	25700745	15.86	CaSNP2130
3	25869669	15.86	CaSNP2556
3	26135519	17.30	CaTSNP8587
3	26317322	17.95	CaTSNP7321
3	26449675	17.97	CaTSNP6560
3	26576095	18.08	CaSNP3411
3	26606831	18.27	CaTSNP6562
3	26616909	18.27	CaTSNP7037
3	26624264	18.27	CaTSNP8205
3	26631074	18.36	CaSNP2090
3	26638330	18.75	CaTSNP9103
3	26647946	18.75	CaTSNP8633
3	26733435	18.75	CaTSNP8817
3	26869761	18.75	CaTSNP6826
3	26948613	19.24	CaTSNP8597
3	27282207	19.46	CaSNP3383
3	27605849	21.64	CaTSNP7160
3	27621211	21.66	CaTSNP6990
3	27680598	22.05	CaTSNP7651
3	27885431	22.18	CaTSNP8406
3	27980630	22.31	CaTSNP7924
3	28352086	22.31	CaTSNP6977
3	28555738	22.36	CaTSNP6961
3	28752586	23.19	CaTSNP8279
3	28765496	23.19	CaTSNP7865
3	28877736	23.23	CaSNP4389
3	28905523	24.17	CaTSNP8799
3	29063089	24.32	CaTSNP9134
3	29411644	25.13	CaTSNP9122
3	29509323	25.13	CaTSNP8689
3	29611504	25.70	CaTSNP8910
3	29868911	28.28	CaTSNP8590
3	29882931	28.34	CaTSNP8873
3	29904469	28.34	CaTSNP6647
3	29974535	28.39	CaTSNP6774
3	30206436	29.65	CaSNP2875
3	30348312	29.90	CaTSNP9130
3	30376280	29.92	CaTSNP8760
3	30480260	29.94	CaTSNP6061
3	30732721	30.71	CaTSNP6914
3	30772566	30.76	CaTSNP7083
3	30898080	30.81	CaTSNP9129
3	30933008	31.14	CaTSNP9072
3	30933752	31.14	CaTSNP8537
3	31011665	31.65	CaSNP4484
3	31091875	31.70	CaTSNP6997
3	31113388	31.72	CaTSNP6744
3	31269143	31.79	CaSNP2983
3	31696648	32.19	CaTSNP6022
3	31759172	32.42	CaTSNP6154
3	31976621	32.93	CaSNP2088
3	32367238	33.30	CaSNP2932
3	32478836	33.44	CaTSNP6442
3	32552332	33.44	CaTSNP8967
3	32662014	33.44	CaTSNP8202
3	32701478	33.49	CaTSNP8909
3	32708184	33.49	CaTSNP9119
3	32719518	33.49	CaTSNP9004
3	32900387	33.96	CaTSNP7536
3	33074672	34.29	CaTSNP8018
3	33178290	34.43	CaTSNP7314
3	34247468	34.65	CaTSNP7990
3	34281185	35.22	CaTSNP6567
3	34326428	35.22	CaTSNP7652
3	34691672	35.22	CaTSNP7639
3	34697829	35.22	CaTSNP6504
3	34730089	35.24	CaTSNP8727
3	34781006	35.24	CaTSNP6929
3	34876346	35.24	CaTSNP8067
3	35210676	35.24	CaTSNP7041
3	35233918	35.24	CaTSNP8238
3	35294419	35.24	CaTSNP6910
3	35350842	35.32	CaTSNP7827
3	35491088	35.95	CaTSNP7079
3	35565710	35.95	CaTSNP8358
3	35779828	35.95	CaTSNP8515
3	35946994	36.03	CaTSNP8981
3	36134519	36.38	CaTSNP6578
3	36154881	36.38	CaTSNP6384
3	36229800	36.42	CaTSNP8289
3	36310708	36.64	CaTSNP7822
3	36394119	36.70	CaTSNP6834
3	36710786	36.86	CaTSNP6021
3	36733211	37.47	CaTSNP7883
3	36809852	37.47	CaTSNP6876
3	36816174	37.49	CaTSNP6658
3	36821248	37.52	CaTSNP7951
3	37068012	39.93	CaTSNP8345
3	37101409	40.02	CaTSNP8581
3	37306231	40.26	CaTSNP8064
3	37326294	40.37	CaTSNP6717
3	37606276	40.67	CaSNP2166
3	37636787	40.79	CaSNP2522
3	37759615	41.64	CaTSNP9113
3	37859308	42.09	CaTSNP7301
3	38019193	42.22	CaTSNP6288
3	38069576	42.22	CaTSNP7456
3	38186146	42.58	CaTSNP7433
3	38236132	42.61	CaTSNP6184
3	38275684	43.33	CaTSNP8191
3	38314783	43.33	CaTSNP8777
3	38479118	43.60	CaTSNP7493
3	38608750	43.91	CaTSNP6037
3	38620703	44.07	CaTSNP6392
3	38969128	44.30	CaSNP3052
3	38994554	44.70	CaSNP3400
3	39065480	45.29	CaTSNP7672
3	39095025	45.68	CaTSNP7546
3	39201568	48.58	CaSNP2042
3	39242332	49.19	CaTSNP8104
3	39242524	49.19	CaTSNP8002
3	39352622	49.21	CaTSNP6601
3	39472421	49.33	CaTSNP7207
3	39556535	50.49	CaTSNP6635
3	39620262	52.83	CaTSNP8584
3	39631016	52.83	CaTSNP7519
3	39728462	53.03	CaTSNP8602
4	6727702	0.0	CaSNP1922
4	6955006	1.0	CaSNP5082
4	7440484	1.1	CaSNP3928
4	7521027	1.1	CaSNP3453
4	7529170	2.7	CaTSNP8783
4	7698727	2.7	CaTSNP7987
4	7799445	2.7	CaTSNP7495
4	7918893	2.7	CaTSNP7450
4	7960768	2.9	CaTSNP6107
4	8025609	2.9	CaTSNP9152
4	8082112	2.9	CaTSNP8605
4	8149106	2.9	CaTSNP6218
4	8299239	3.0	CaTSNP7436
4	8306799	3.0	CaTSNP6808
4	8349804	3.0	CaTSNP7425
4	8512666	3.0	CaTSNP7832
4	8703213	3.0	CaTSNP7449
4	8874787	3.0	CaTSNP8149
4	9291162	3.1	CaTSNP7348
4	9402324	3.4	CaTSNP6718
4	9429927	3.9	CaSNP3670
4	9622320	3.9	CaSNP1935
4	9666335	4.0	CaSNP2429
4	9742064	4.0	CaTSNP6887
4	9920305	4.3	CaTSNP7148
4	9978339	4.8	CaSNP2806
4	10079426	13.4	CaTSNP6481
4	10099553	13.4	CaTSNP8186
4	10182266	13.4	CaTSNP6499
4	10361694	13.4	CaTSNP6016
4	10366376	13.4	CaTSNP8392
4	10553223	14.0	CaTSNP7701
4	10747423	14.0	CaTSNP7868
4	10832420	14.0	CaTSNP6639
4	10893209	14.1	CaTSNP6187
4	11040400	14.1	CaTSNP7227
4	11053295	14.1	CaTSNP8042
4	11233316	14.1	CaTSNP6466
4	11284856	14.1	CaTSNP8941
4	11309479	14.1	CaTSNP6420
4	11628123	14.1	CaTSNP8214
4	11645018	14.2	CaTSNP7882
4	11724029	14.2	CaTSNP8572
4	11746078	14.2	CaTSNP6919
4	11857563	14.2	CaTSNP7200
4	12175417	14.5	CaTSNP7235
4	12237490	14.5	CaTSNP7142
4	12329402	14.5	CaTSNP8250
4	12360762	16.2	CaSNP3103
4	12449342	16.3	CaSNP4534
4	13035842	16.4	CaSNP4609
4	14304250	16.5	CaSNP4344
4	14889251	16.8	CaSNP3210
4	15024229	16.9	CaSNP2879
4	15211908	17.2	CaSNP3953
4	15297000	17.3	CaSNP2384
4	15370598	17.3	CaSNP2714
4	15472838	17.3	CaSNP2436
4	15585871	17.4	CaSNP3029
4	15695738	17.4	CaTSNP6439
4	15703070	18.0	CaSNP2527
4	15771060	18.0	CaSNP3771
4	16029358	18.1	CaSNP2184
4	16215775	18.1	CaTSNP7635
4	16461950	18.2	CaTSNP7260
4	16469251	18.2	CaTSNP6058
4	16511309	18.2	CaTSNP8677
4	16624156	18.2	CaTSNP8319
4	16773022	20.1	CaTSNP8227
4	16809411	20.1	CaTSNP6807
4	17004363	20.5	CaTSNP7448
4	17040415	20.5	CaTSNP8391
4	17191562	20.7	CaTSNP6453
4	17237249	20.7	CaTSNP6289
4	17343722	21.85	CaTSNP6872
4	17427412	21.91	CaTSNP6134
4	17472799	21.98	CaTSNP8438
4	17612136	21.98	CaTSNP9037
4	17639530	21.98	CaTSNP6136
4	17641902	22.97	CaSNP2178
4	17967438	23.18	CaTSNP7638
4	18550605	23.63	CaTSNP6893
4	18904053	23.65	CaTSNP8145
4	18943490	23.73	CaTSNP8460
4	18999985	23.78	CaTSNP8755
4	19261278	23.78	CaTSNP6537
4	19590707	24.42	CaTSNP6101
4	20223032	24.62	CaTSNP6832
4	20309151	25.01	CaTSNP7862
4	20310322	25.02	CaTSNP6030
4	20349469	25.24	CaTSNP6551
4	20619830	25.24	CaTSNP6328
4	21696164	25.24	CaTSNP6599
4	23053878	25.35	CaTSNP6231
4	23644754	27.18	CaSNP3862
4	23681318	27.18	CaSNP3398
4	23920600	27.21	CaSNP1952
4	24119185	27.23	CaSNP3097
4	24645101	27.23	CaSNP4150
4	24747896	27.23	CaSNP2749
4	26033409	27.23	CaSNP5138
4	26082648	27.23	CaSNP5009
4	26230515	27.23	CaSNP4108
4	26648412	27.23	CaSNP3635
4	28300265	27.23	CaSNP3425
4	28792125	27.23	CaSNP4971
4	29697363	27.23	CaSNP4141
4	29749793	27.23	CaSNP4697
4	29960366	27.34	CaSNP4660
4	30328416	27.5	CaSNP2231
4	30652762	27.56	CaSNP3380
4	31012470	27.58	CaSNP3854
4	31734364	28.56	CaSNP3655
4	31892775	28.75	CaSNP2195
4	32249892	28.76	CaSNP3923
4	32682175	28.8	CaSNP3408
4	32779717	28.84	CaSNP3904
4	35045650	29.19	CaSNP2771
4	35128877	29.2	CaSNP4682
4	35719216	29.75	CaSNP4093
4	37104198	30.1	CaSNP3033
4	37152765	30.26	CaTSNP6191
4	37418734	30.26	CaTSNP6109
4	37936355	30.73	CaTSNP8109
4	38159348	30.78	CaTSNP7552
4	38302326	31.25	CaTSNP6431
4	39048316	32.81	CaTSNP6810
4	39714707	33.89	CaTSNP6075
4	39743621	34.05	CaSNP3338
4	40002306	34.05	CaSNP4085
4	40246687	34.2	CaTSNP8321
4	40272569	34.33	CaSNP3390
4	40311741	34.54	CaSNP4694
4	40597111	38.5	CaTSNP8063
4	40599200	38.78	CaSNP3754
4	40750555	40.05	CaSNP4058
4	40907303	40.24	CaSNP4665
4	40925598	40.24	CaSNP3168
4	41193684	40.26	CaTSNP8338
4	41319315	41.11	CaTSNP8328
4	41378228	41.11	CaTSNP7754
4	41391305	41.11	CaTSNP8665
4	41405332	41.2	CaTSNP8470
4	41602942	41.27	CaTSNP6441
4	41629064	41.27	CaTSNP8974
4	41861988	42.39	CaTSNP8208
4	41932075	42.43	CaTSNP7294
4	41986493	42.44	CaTSNP7647
4	42044821	43.31	CaTSNP8325
4	43676569	43.36	CaTSNP7958
4	43829029	43.84	CaTSNP9124
4	43890554	44.53	CaTSNP6091
4	43980771	44.83	CaTSNP7419
4	44186432	44.93	CaTSNP8555
4	44205388	45.08	CaTSNP6497
4	44249365	45.08	CaTSNP6948
4	44316250	45.44	CaTSNP6340
4	44393382	46.11	CaTSNP8943
4	44558618	46.88	CaTSNP7600
4	44940553	50.87	CaTSNP7522
4	45010587	50.99	CaSNP2921
4	45188962	51.0	CaTSNP6097
4	45265979	51.14	CaSNP4990
4	45320026	51.96	CaSNP3826
4	45342521	51.98	CaTSNP6737
4	45802419	54.03	CaSNP3274
4	45894294	54.05	CaTSNP8517
4	45945955	55.1	CaSNP2196
4	46075875	55.1	CaSNP3078
4	46260761	55.26	CaSNP2387
4	46287303	55.49	CaTSNP8539
4	47190290	57.9	CaTSNP7703
4	47217431	57.96	CaTSNP8763
4	47326319	59.13	CaTSNP8318
4	47564821	59.81	CaTSNP6376
4	47609130	61.77	CaTSNP8690
4	48109095	61.77	CaTSNP6530
4	48124926	61.77	CaTSNP6622
4	48142963	61.77	CaTSNP8934
4	48301581	62.18	CaTSNP7790
4	48331180	62.18	CaTSNP6015
4	48652394	63.36	CaTSNP6521
4	48980027	63.56	CaTSNP7197
4	49050322	63.98	CaTSNP8099
4	49079193	64.01	CaTSNP6860
4	49105962	64.55	CaSNP3571
5	3221843	56.13	CaSNP4901
5	4449401	56.24	CaSNP3675
5	4873216	56.24	CaSNP3614
5	5055650	56.24	CaSNP4106
5	7440461	56.24	CaSNP2922
5	7472503	56.29	CaTSNP8876
5	8778080	58.09	CaSNP4603
5	8946218	58.09	CaSNP2874
5	9150393	58.09	CaSNP2298
5	11767327	58.1	CaSNP3567
5	11856070	58.14	CaSNP4307
5	11990690	58.14	CaSNP1978
5	12228518	58.17	CaSNP2860
5	12244614	58.31	CaTSNP8618
5	12331974	58.36	CaSNP4112
5	27332122	58.89	CaSNP2793
5	27476784	58.89	CaSNP2074
5	27553657	58.9	CaSNP2877
5	27749408	59.3	CaSNP2158
5	27874484	59.37	CaTSNP8121
5	28116189	59.41	CaSNP2218
5	28157752	59.87	CaTSNP8613
5	28329522	59.92	CaTSNP7036
5	28362695	60.42	CaSNP2435
5	28459690	60.55	CaSNP2824
5	28540828	60.77	CaTSNP8905
5	28746543	61.02	CaSNP2028
5	28916874	61.08	CaTSNP6903
5	28944731	61.65	CaSNP4064
5	29261519	62.33	CaSNP1927
5	29342997	62.68	CaSNP2110
5	29598509	62.82	CaTSNP8397
5	29808202	63.45	CaTSNP9089
5	38701146	63.45	CaTSNP8834
5	38899814	64.18	CaTSNP9017
5	38996220	65.5	CaTSNP7666
5	39116248	65.7	CaSNP4430
5	39660394	66.39	CaSNP3989
5	39717637	66.41	CaSNP2549
5	39867993	66.61	CaTSNP6524
5	40061937	66.61	CaTSNP8853
5	40077397	66.61	CaTSNP6823
5	40293309	66.89	CaSNP3401
5	40466123	67.07	CaTSNP6509
5	40639266	67.07	CaTSNP6067
5	40710746	67.58	CaTSNP7549
5	40720920	67.74	CaTSNP8680
5	40824230	67.85	CaTSNP8658
5	41027386	67.93	CaTSNP8506
5	41481699	69.45	CaSNP2092
5	41740861	69.45	CaSNP2144
5	41771235	69.47	CaSNP4340
5	41886276	69.5	CaSNP4024
5	42023373	69.52	CaTSNP8848
5	42053213	69.55	CaTSNP6192
5	42099239	69.55	CaTSNP8805
5	42127522	69.55	CaTSNP6628
5	42262008	69.55	CaTSNP6150
5	42376972	69.81	CaSNP3030
5	42431576	69.9	CaSNP3252
5	42614073	69.91	CaTSNP8765
5	42667091	69.91	CaTSNP6239
5	42744658	70.06	CaTSNP8830
5	43064783	70.23	CaSNP2473
5	43081134	70.54	CaTSNP8668
5	43113758	70.54	CaTSNP8412
5	43299885	70.54	CaTSNP8040
5	43384949	70.54	CaTSNP6510
5	43406976	70.54	CaTSNP7094
5	43416683	70.59	CaTSNP6556
5	43498668	70.59	CaTSNP6287
5	43512445	70.59	CaTSNP7553
5	43522161	70.63	CaTSNP8623
5	43835587	71.05	CaTSNP6937
5	43952418	71.05	CaTSNP7772
5	44071545	71.12	CaTSNP8754
5	44125085	71.48	CaTSNP6581
5	44278982	71.77	CaTSNP8450
5	44321203	71.88	CaTSNP7700
5	44569205	71.88	CaTSNP7628
5	44671255	72.85	CaSNP2174
5	44889036	72.97	CaTSNP6068
5	44934008	73.07	CaTSNP8661
5	44980020	73.15	CaTSNP8871
5	45144843	74.59	CaSNP2825
5	45168495	74.74	CaTSNP6554
5	45341407	76.41	CaTSNP8595
5	45360528	76.41	CaTSNP8212
5	45400765	76.41	CaTSNP8252
5	45526413	76.41	CaTSNP7966
5	45539591	76.41	CaTSNP8168
5	45599210	77.29	CaTSNP7853
5	45661109	77.79	CaTSNP6175
5	45661172	77.79	CaTSNP8530
5	45674572	77.79	CaTSNP6290
5	45747498	77.79	CaTSNP7172
5	45858277	77.79	CaTSNP6612
5	45955887	77.79	CaTSNP9042
5	46038732	77.79	CaTSNP6661
5	46138920	77.79	CaTSNP7973
5	46260822	77.79	CaTSNP9014
5	46369652	77.89	CaTSNP8117
5	46585174	78.32	CaTSNP7852
5	46613843	78.32	CaTSNP8867
5	46737675	78.78	CaTSNP6490
5	46766322	78.78	CaTSNP9157
5	46790016	78.78	CaTSNP8283
5	46854957	78.84	CaTSNP9050
5	46932024	78.95	CaTSNP7021
5	47059187	79.6	CaTSNP7396
5	47217167	80.79	CaTSNP6430
5	47325430	80.94	CaTSNP6483
5	47358486	81.2	CaTSNP6536
5	47482147	81.83	CaTSNP8889
5	47537312	81.86	CaTSNP8923
5	47591066	81.9	CaTSNP6215
5	47795579	82.35	CaTSNP7695
5	47941783	83.33	CaTSNP8925
5	48006806	84.73	CaTSNP7420
5	48118179	85.92	CaSNP2357
6	2117976	48.61	CaTSNP9115
6	2258466	48.73	CaTSNP9158
6	2294842	48.82	CaTSNP6708
6	2320997	48.84	CaTSNP6732
6	2379161	49.19	CaTSNP6804
6	2461408	49.41	CaTSNP6189
6	2601034	49.66	CaTSNP8334
6	2771070	50.01	CaTSNP8154
6	2802942	50.11	CaTSNP6861
6	2835916	50.24	CaTSNP8933
6	2851686	50.3	CaTSNP7126
6	3010702	50.89	CaTSNP7981
6	3303437	51.16	CaSNP2659
6	3720161	51.76	CaSNP4663
6	3843578	53.52	CaSNP1923
6	4681686	65.92	CaSNP2769
6	5440691	67.06	CaTSNP7353
6	5518028	67.09	CaTSNP8816
6	5565556	67.16	CaTSNP8485
6	5586894	67.25	CaTSNP8829
6	5760689	67.29	CaSNP4154
6	6142003	67.36	CaTSNP9032
6	6191629	67.45	CaTSNP8550
6	6246748	67.45	CaTSNP7851
6	6345924	67.66	CaSNP2017
6	6563269	68.86	CaTSNP8487
6	6773754	69.22	CaTSNP8379
6	6817579	69.33	CaTSNP8653
6	6877925	69.46	CaTSNP8907
6	6900929	69.55	CaTSNP8979
6	6943708	69.74	CaSNP4574
6	6958590	69.83	CaSNP5065
6	7417336	70.72	CaTSNP7825
6	7531148	71.19	CaTSNP7274
6	7773917	71.37	CaSNP4519
6	7984456	71.44	CaSNP3515
6	8056943	71.44	CaSNP1960
6	8366551	72.27	CaTSNP7939
6	8396387	72.44	CaTSNP8927
6	8658208	72.47	CaTSNP6320
6	8691714	72.49	CaTSNP7472
6	8801956	73.82	CaSNP4615
6	9108559	74.52	CaSNP4018
6	9354864	74.58	CaSNP2977
6	9410386	75.91	CaTSNP8545
6	9458704	75.91	CaTSNP6354
6	9716082	75.97	CaTSNP7972
6	9746282	75.97	CaTSNP7850
6	9994202	75.97	CaTSNP6407
6	10150724	75.99	CaTSNP6750
6	10888233	76.04	CaTSNP8285
6	10889399	76.04	CaTSNP8292
6	11285661	76.21	CaSNP2497
6	13763186	82.6	CaSNP2323
6	13901769	82.6	CaSNP2938
6	14103435	82.6	CaSNP1969
6	14254394	82.6	CaSNP2257
6	14678926	82.6	CaSNP1993
6	15024269	82.6	CaSNP2058
6	15267321	82.62	CaTSNP8341
6	15340040	82.62	CaTSNP8495
6	16138805	82.7	CaSNP1961
6	16562200	82.76	CaTSNP8718
6	16649345	82.8	CaTSNP7158
6	16726257	82.8	CaTSNP8364
6	16742640	82.8	CaTSNP8712
6	17254358	82.85	CaTSNP8964
6	18317359	84.22	CaSNP3207
6	18443959	84.34	CaTSNP7364
6	18455084	84.34	CaTSNP8355
6	18561861	84.65	CaTSNP8989
6	18853049	87.94	CaTSNP8987
6	18956194	88.07	CaTSNP6591
6	19198953	88.07	CaTSNP6166
6	19259996	88.07	CaTSNP8172
6	19263370	88.31	CaTSNP7838
6	19467583	88.51	CaTSNP6178
6	19527363	88.51	CaTSNP6229
6	19556291	89.3	CaSNP2661
6	19675057	89.33	CaTSNP6620
6	20614591	89.39	CaTSNP6256
6	20998659	89.43	CaTSNP7779
6	21063518	89.52	CaTSNP7593
6	21183288	89.52	CaTSNP7052
6	21279321	89.58	CaSNP4037
6	21554454	89.63	CaSNP2142
6	21674185	89.88	CaSNP2499
6	21893466	89.93	CaSNP2590
6	21939159	90.23	CaTSNP7099
6	21984145	90.23	CaTSNP8514
6	22087244	90.44	CaSNP3552
6	22133906	90.49	CaSNP3325
6	22203284	90.6	CaTSNP8779
6	22217104	90.6	CaTSNP7487
6	22358458	90.6	CaTSNP6824
6	22372894	90.62	CaTSNP7745
6	23017416	92.54	CaTSNP9105
6	23145038	92.62	CaTSNP7949
6	23190959	92.92	CaSNP2031
6	23361525	93.06	CaTSNP6433
6	23380313	93.1	CaTSNP6669
6	23405510	93.1	CaTSNP8344
6	23513953	93.35	CaTSNP7934
6	23603887	93.44	CaTSNP7625
6	23931168	93.44	CaTSNP6627
6	24346894	93.47	CaSNP1976
6	24374595	93.49	CaTSNP6403
6	24456965	93.53	CaTSNP8016
6	24586465	93.83	CaTSNP6828
6	24653901	94.48	CaSNP2788
6	24663559	94.48	CaSNP4708
6	29962287	94.92	CaSNP3764
6	30109931	95.12	CaSNP3538
6	30303758	95.13	CaSNP3528
6	30417459	95.13	CaTSNP6437
6	30674109	95.15	CaTSNP9011
6	30930887	95.18	CaSNP2247
6	31013014	95.22	CaSNP2416
6	31252924	95.25	CaSNP2441
6	31345230	95.26	CaSNP3041
6	31475466	95.26	CaSNP4382
6	32034989	95.26	CaSNP3007
6	33621308	95.28	CaSNP3031
6	34720031	95.29	CaSNP3640
6	34823355	95.29	CaSNP3596
6	34975530	95.29	CaSNP2297
6	35754945	95.36	CaSNP5089
6	36092554	95.4	CaTSNP8337
6	36370898	95.44	CaSNP3494
6	37356861	95.44	CaSNP4198
6	37661643	95.44	CaSNP3112
6	37730761	95.44	CaSNP4495
6	39324408	95.44	CaSNP4684
6	39616537	95.44	CaSNP2468
6	40095283	95.44	CaSNP3678
6	40140648	95.44	CaSNP3482
6	40496349	95.44	CaSNP3870
6	41684260	95.44	CaSNP3262
6	43950779	95.46	CaTSNP7167
6	47377340	95.46	CaSNP2355
6	47433325	95.46	CaTSNP6645
6	48163226	95.46	CaTSNP8511
6	49102487	95.46	CaTSNP8918
6	49232571	95.47	CaTSNP8638
6	49332612	95.47	CaTSNP7948
6	49521559	95.47	CaTSNP8635
6	49959730	95.47	CaTSNP6615
6	50708491	95.47	CaTSNP7485
6	51015628	95.47	CaTSNP8861
7	4470378	7.19	CaTSNP7930
7	4487561	7.19	CaTSNP6963
7	4567493	7.19	CaTSNP7438
7	4573620	7.19	CaTSNP8254
7	4598778	7.20	CaTSNP6374
7	4725727	7.28	CaTSNP9047
7	9806368	10.59	CaTSNP7760
7	9813520	10.66	CaTSNP8418
7	9999718	11.14	CaTSNP6001
7	10047534	11.14	CaTSNP6418
7	10091466	11.14	CaTSNP6829
7	10137398	13.14	CaTSNP7123
7	10151974	13.16	CaTSNP7615
7	10387862	14.46	CaTSNP7326
7	10410636	14.99	CaTSNP7134
7	10465387	16.84	CaTSNP6366
7	10475705	16.84	CaTSNP7369
7	10721449	17.26	CaTSNP6550
7	10746128	17.33	CaTSNP8682
7	10862985	17.34	CaTSNP6488
7	11546155	17.67	CaTSNP6379
7	11767905	17.77	CaTSNP8984
7	11891141	17.92	CaTSNP9018
7	11945520	18.13	CaTSNP7044
7	12045254	18.24	CaTSNP8536
7	12124805	19.94	CaSNP2183
7	12392031	20.68	CaSNP2216
7	12750326	22.89	CaTSNP8780
7	12763999	24.21	CaSNP3247
7	12843482	24.37	CaTSNP8216
7	13031914	25.76	CaSNP3260
7	13066248	26.35	CaSNP3046
7	13217887	26.37	CaSNP2265
7	13484767	26.54	CaTSNP6286
7	13580973	26.56	CaTSNP6757
7	14235912	26.57	CaSNP3664
7	14628797	26.73	CaTSNP6981
7	14685034	26.85	CaTSNP7479
7	14770876	27.53	CaSNP2365
7	15148687	27.62	CaTSNP7344
7	15399507	28.01	CaTSNP6856
7	15593019	28.73	CaSNP4028
7	15655107	30.96	CaSNP4849
7	16133153	31.18	CaSNP5095
7	16200842	31.47	CaSNP5070
7	16306034	31.47	CaSNP5153
7	16331069	31.50	CaSNP2238
7	16594608	31.56	CaSNP2665
7	17689381	32.37	CaSNP4870
7	17830927	32.81	CaSNP3016
7	18146691	33.38	CaSNP5146
7	18535395	33.38	CaSNP4893
7	18989077	33.42	CaSNP2301
7	19472987	33.43	CaSNP3585
7	19482726	33.43	CaSNP4921
7	19566698	33.43	CaSNP3058
7	19614203	33.47	CaSNP3287
7	19845312	33.48	CaSNP3955
7	19946180	33.48	CaSNP3277
7	22539860	33.60	CaSNP4638
7	22677642	33.60	CaSNP2081
7	22976454	33.76	CaSNP2677
7	23431134	33.76	CaSNP1967
7	24179746	33.78	CaSNP4445
7	24369871	33.80	CaSNP4286
7	24408620	33.80	CaSNP3376
7	25158897	33.83	CaSNP4532
7	25310587	33.86	CaSNP2867
7	25805083	33.96	CaSNP3468
7	25969989	34.00	CaSNP3836
7	26418208	34.16	CaSNP4318
7	26925633	34.16	CaSNP4373
7	27326298	35.04	CaSNP4109
7	33456119	46.35	CaSNP3028
7	33466613	46.83	CaSNP4634
7	34477035	50.37	CaSNP2039
7	36064685	62.31	CaSNP3752
7	36517725	62.40	CaSNP4069
7	38465758	62.40	CaSNP3159
7	38632538	62.40	CaSNP3143
7	39381864	62.60	CaSNP2047
7	44317236	63.52	CaSNP2672
7	46600116	64.30	CaSNP4809
7	48852230	64.30	CaSNP4241
8	94014	33.63	CaTSNP7240
8	118532	33.64	CaSNP2904
8	148104	33.64	CaTSNP8009
8	286682	33.81	CaTSNP8558
8	384837	33.87	CaTSNP8965
8	674457	34.42	CaTSNP8476
8	684224	34.58	CaTSNP8475
8	765541	34.69	CaTSNP7131
8	3003648	40.54	CaTSNP7310
8	3127150	40.56	CaTSNP7061
8	3129611	40.58	CaTSNP6096
8	3283238	40.61	CaTSNP7377
8	3911682	40.66	CaTSNP6404
8	4234972	40.83	CaTSNP7717
8	4377970	41.25	CaTSNP7121
8	4550518	47.89	CaTSNP7451
8	4570472	47.9	CaSNP2765
8	4708941	48.14	CaTSNP7798
8	4717609	48.18	CaSNP2390
8	4765033	48.36	CaTSNP6350
8	4823043	48.36	CaTSNP8484
8	4952408	48.72	CaTSNP8926
8	4998702	49.78	CaSNP2400
8	5051038	51.1	CaTSNP7268
8	5307268	52.93	CaTSNP7138
8	5336629	52.93	CaTSNP7554
8	5425347	53.5	CaTSNP8606
8	5434150	53.55	CaTSNP7556
8	5471346	53.59	CaTSNP6951
8	5480951	53.59	CaTSNP6688
8	5612429	53.64	CaTSNP8082
8	5985357	59.73	CaTSNP8390
8	6034344	59.77	CaTSNP7716
8	6039769	59.77	CaTSNP7730
8	6115345	59.9	CaTSNP7150
8	6122532	59.94	CaTSNP6838
8	6262549	60.08	CaTSNP8306
8	6309477	60.11	CaTSNP8128
8	6699815	60.16	CaSNP5039
8	7097339	60.16	CaSNP2084
8	7245293	60.23	CaSNP3402
8	11218563	73.38	CaTSNP7466
8	11594534	73.93	CaSNP3724
8	11695661	73.94	CaSNP1959
8	11818703	74.31	CaSNP2242
8	12889572	75.32	CaSNP4284
8	13159523	75.35	CaSNP2194
8	13248268	75.4	CaSNP2927
8	14192345	88.07	CaSNP3758
8	14331914	96.53	CaTSNP6769
