chr	pos	cM	bin	source_chr	target_seqid
1	280477	0.000000	Bin1	1	CP056052.1
1	613328	0.239809	Bin2	1	CP056052.1
1	1097393	2.673076	Bin6	1	CP056052.1
1	1183958	4.693553	Bin7	1	CP056052.1
1	1317379	4.933362	Bin8	1	CP056052.1
1	1521473	6.146397	Bin10	1	CP056052.1
1	1613197	7.381028	Bin11	1	CP056052.1
1	1647248	7.620837	Bin12	1	CP056052.1
1	1789448	8.350777	Bin13	1	CP056052.1
1	2075663	9.843425	Bin14	1	CP056052.1
1	2699789	11.815690	Bin17	1	CP056052.1
1	2830962	12.055499	Bin18	1	CP056052.1
1	3386471	14.270553	Bin20	1	CP056052.1
1	3464730	14.510362	Bin21	1	CP056052.1
1	3516620	15.490785	Bin22	1	CP056052.1
1	3551995	15.973881	Bin23	1	CP056052.1
1	3591539	16.456976	Bin24	1	CP056052.1
1	3925290	16.940072	Bin25	1	CP056052.1
1	4438820	23.399251	Bin28	1	CP056052.1
1	4474990	24.379675	Bin29	1	CP056052.1
1	4552627	24.862771	Bin30	1	CP056052.1
1	4675409	26.097401	Bin31	1	CP056052.1
1	4822368	26.580497	Bin32	1	CP056052.1
1	4955066	27.063592	Bin33	1	CP056052.1
1	5074897	30.476991	Bin34	1	CP056052.1
1	5262841	31.682991	Bin37	1	CP056052.1
1	5328352	32.917621	Bin38	1	CP056052.1
1	5469171	33.647561	Bin39	1	CP056052.1
1	5598877	33.887370	Bin40	1	CP056052.1
1	5715204	34.610274	Bin42	1	CP056052.1
1	5884958	34.850083	Bin43	1	CP056052.1
1	6048995	35.089891	Bin44	1	CP056052.1
1	6131334	35.329700	Bin45	1	CP056052.1
1	6160132	36.059640	Bin46	1	CP056052.1
1	6333020	36.299448	Bin47	1	CP056052.1
1	6480730	36.782544	Bin48	1	CP056052.1
1	6611949	37.265639	Bin49	1	CP056052.1
1	7024719	38.246063	Bin50	1	CP056052.1
1	7861904	49.836144	Bin51	1	CP056052.1
1	8521947	52.962162	Bin52	1	CP056052.1
1	8719677	53.692102	Bin53	1	CP056052.1
1	8936061	53.931910	Bin54	1	CP056052.1
1	9147963	54.415006	Bin55	1	CP056052.1
1	9242030	54.654814	Bin56	1	CP056052.1
1	9504649	61.216924	Bin57	1	CP056052.1
1	9768110	61.456732	Bin58	1	CP056052.1
1	10202868	62.949381	Bin59	1	CP056052.1
1	10548717	63.929804	Bin60	1	CP056052.1
1	10607000	64.412900	Bin61	1	CP056052.1
1	10673650	64.652708	Bin62	1	CP056052.1
1	10808520	65.135804	Bin63	1	CP056052.1
1	10941009	65.375612	Bin64	1	CP056052.1
1	11290650	66.356036	Bin65	1	CP056052.1
1	11868198	70.966346	Bin66	1	CP056052.1
1	12380639	72.186578	Bin68	1	CP056052.1
1	12610632	74.477055	Bin69	1	CP056052.1
1	12731897	74.716863	Bin70	1	CP056052.1
1	12777760	75.199959	Bin71	1	CP056052.1
1	14421527	76.899808	Bin75	1	CP056052.1
1	14504970	77.139617	Bin76	1	CP056052.1
1	14676112	77.619234	Bin78	1	CP056052.1
1	14822419	78.349174	Bin79	1	CP056052.1
1	14897747	78.588983	Bin80	1	CP056052.1
1	15977810	80.539155	Bin83	1	CP056052.1
1	19471137	81.018772	Bin85	1	CP056052.1
1	19891930	81.748712	Bin86	1	CP056052.1
1	19933799	81.988521	Bin87	1	CP056052.1
1	19997004	82.228329	Bin88	1	CP056052.1
1	20175322	82.711425	Bin89	1	CP056052.1
1	20524292	83.691848	Bin90	1	CP056052.1
1	20851176	83.931657	Bin91	1	CP056052.1
1	21041368	84.414753	Bin92	1	CP056052.1
1	21140056	84.654561	Bin93	1	CP056052.1
1	21814224	85.373987	Bin96	1	CP056052.1
1	21869922	85.857083	Bin97	1	CP056052.1
1	21891830	86.340178	Bin98	1	CP056052.1
1	22133225	87.800058	Bin100	1	CP056052.1
1	22190331	88.283154	Bin101	1	CP056052.1
1	22301248	88.522962	Bin102	1	CP056052.1
1	23615523	98.630232	Bin104	1	CP056052.1
1	23922609	98.870041	Bin105	1	CP056052.1
1	24022197	99.109850	Bin106	1	CP056052.1
1	24098449	99.349658	Bin107	1	CP056052.1
1	24154304	99.832754	Bin108	1	CP056052.1
1	24210762	100.072562	Bin109	1	CP056052.1
1	24260847	100.555658	Bin110	1	CP056052.1
1	24339958	100.795467	Bin111	1	CP056052.1
1	24432144	101.278562	Bin112	1	CP056052.1
1	24622428	102.491598	Bin114	1	CP056052.1
1	24752505	102.731406	Bin115	1	CP056052.1
1	24958072	103.461346	Bin116	1	CP056052.1
1	25284928	104.184250	Bin118	1	CP056052.1
1	25438751	105.676899	Bin119	1	CP056052.1
1	25513748	106.657322	Bin120	1	CP056052.1
1	25623216	106.897131	Bin121	1	CP056052.1
1	25818072	107.136939	Bin122	1	CP056052.1
1	26023786	113.026091	Bin123	1	CP056052.1
1	26201901	113.265900	Bin124	1	CP056052.1
1	26332603	113.995840	Bin125	1	CP056052.1
1	26390532	114.235648	Bin126	1	CP056052.1
1	26546940	114.475457	Bin127	1	CP056052.1
1	26879734	115.205397	Bin128	1	CP056052.1
1	27449375	115.445205	Bin129	1	CP056052.1
1	28090034	118.571223	Bin130	1	CP056052.1
1	28507455	118.811032	Bin131	1	CP056052.1
1	29073459	126.792539	Bin132	1	CP056052.1
1	29509566	128.027170	Bin133	1	CP056052.1
1	29705999	128.266978	Bin134	1	CP056052.1
1	29929768	128.750074	Bin135	1	CP056052.1
1	30155721	129.719823	Bin137	1	CP056052.1
1	30281374	129.959631	Bin138	1	CP056052.1
1	30414366	130.199440	Bin139	1	CP056052.1
1	30942254	130.929380	Bin140	1	CP056052.1
1	31601918	134.634778	Bin141	1	CP056052.1
1	31686714	135.117874	Bin142	1	CP056052.1
1	31744543	135.357683	Bin143	1	CP056052.1
1	31902346	136.087623	Bin144	1	CP056052.1
1	32056491	136.327431	Bin145	1	CP056052.1
1	32094914	136.567240	Bin146	1	CP056052.1
1	32125738	136.807048	Bin147	1	CP056052.1
1	32298417	137.046857	Bin148	1	CP056052.1
1	32505069	137.286666	Bin149	1	CP056052.1
1	32577104	137.526474	Bin150	1	CP056052.1
1	32617037	137.766283	Bin151	1	CP056052.1
1	32926635	138.006091	Bin152	1	CP056052.1
1	33251611	138.245900	Bin153	1	CP056052.1
1	33300633	138.485709	Bin154	1	CP056052.1
1	33376588	138.725517	Bin155	1	CP056052.1
1	33483724	138.965326	Bin156	1	CP056052.1
1	33609920	139.205135	Bin157	1	CP056052.1
1	33720732	139.688230	Bin158	1	CP056052.1
1	33789369	140.171326	Bin159	1	CP056052.1
1	33862838	140.654421	Bin160	1	CP056052.1
1	34362128	144.020248	Bin162	1	CP056052.1
1	34625782	145.254878	Bin163	1	CP056052.1
1	34986858	145.494687	Bin164	1	CP056052.1
1	35265433	145.734495	Bin165	1	CP056052.1
1	35798686	145.974304	Bin166	1	CP056052.1
1	36258240	146.214113	Bin167	1	CP056052.1
1	36334704	146.453921	Bin168	1	CP056052.1
1	36508843	146.937017	Bin169	1	CP056052.1
1	36645801	147.176825	Bin170	1	CP056052.1
1	36888895	147.659921	Bin171	1	CP056052.1
1	37160435	148.143017	Bin172	1	CP056052.1
1	37276508	148.382825	Bin173	1	CP056052.1
1	37438799	148.622634	Bin174	1	CP056052.1
1	37716754	149.857264	Bin175	1	CP056052.1
1	38016701	150.097073	Bin176	1	CP056052.1
1	38468165	150.336882	Bin177	1	CP056052.1
1	39038275	152.357359	Bin178	1	CP056052.1
1	39280247	152.597167	Bin179	1	CP056052.1
1	39402224	152.836976	Bin180	1	CP056052.1
1	39479211	153.076784	Bin181	1	CP056052.1
1	39585813	153.806724	Bin182	1	CP056052.1
1	39723430	154.046533	Bin183	1	CP056052.1
1	39975199	155.256090	Bin186	1	CP056052.1
1	40120840	157.010656	Bin187	1	CP056052.1
1	40675129	160.535764	Bin189	1	CP056052.1
1	40848267	161.018859	Bin190	1	CP056052.1
1	41190936	161.501955	Bin191	1	CP056052.1
1	41454573	163.522432	Bin192	1	CP056052.1
1	41622663	163.762240	Bin193	1	CP056052.1
1	41933154	174.495087	Bin194	1	CP056052.1
1	42419868	178.440294	Bin196	1	CP056052.1
1	42658405	182.744025	Bin197	1	CP056052.1
1	42758431	183.227120	Bin198	1	CP056052.1
1	43138140	188.149124	Bin199	1	CP056052.1
1	43288074	188.632219	Bin200	1	CP056052.1
1	43427009	190.342583	Bin202	1	CP056052.1
1	43542126	190.825679	Bin203	1	CP056052.1
1	43591638	191.555619	Bin204	1	CP056052.1
1	43610749	192.038714	Bin205	1	CP056052.1
1	43666846	192.278523	Bin206	1	CP056052.1
1	43728577	192.761618	Bin207	1	CP056052.1
1	43762431	193.742042	Bin208	1	CP056052.1
1	43813709	194.225137	Bin209	1	CP056052.1
1	43876157	194.955077	Bin210	1	CP056052.1
1	43928948	195.438173	Bin211	1	CP056052.1
1	44117323	196.168113	Bin212	1	CP056052.1
1	44347810	197.660761	Bin213	1	CP056052.1
1	44421208	198.143857	Bin214	1	CP056052.1
1	44451239	199.636505	Bin215	1	CP056052.1
1	44499915	199.876313	Bin216	1	CP056052.1
1	44649333	200.606253	Bin217	1	CP056052.1
2	54316	0.000000	Bin218	2	CP056053.1
2	154077	0.239809	Bin219	2	CP056053.1
2	296738	3.945207	Bin220	2	CP056053.1
2	409857	4.675147	Bin221	2	CP056053.1
2	481821	5.158243	Bin222	2	CP056053.1
2	574921	5.398051	Bin223	2	CP056053.1
2	648704	5.881147	Bin224	2	CP056053.1
2	733926	6.364242	Bin225	2	CP056053.1
2	767585	6.604051	Bin226	2	CP056053.1
2	848632	7.584475	Bin227	2	CP056053.1
2	1005987	8.564898	Bin228	2	CP056053.1
2	1112843	8.804707	Bin229	2	CP056053.1
2	1157242	9.044515	Bin230	2	CP056053.1
2	1214140	9.284324	Bin231	2	CP056053.1
2	1344910	10.014264	Bin232	2	CP056053.1
2	1525642	10.744204	Bin233	2	CP056053.1
2	1706579	13.870222	Bin234	2	CP056053.1
2	1930991	14.353317	Bin235	2	CP056053.1
2	2057960	14.593126	Bin236	2	CP056053.1
2	2299272	15.323066	Bin237	2	CP056053.1
2	2589714	15.562875	Bin238	2	CP056053.1
2	2774038	17.026394	Bin240	2	CP056053.1
2	3130261	17.749298	Bin242	2	CP056053.1
2	3341734	17.989106	Bin243	2	CP056053.1
2	3706551	32.373210	Bin244	2	CP056053.1
2	4017392	33.353634	Bin245	2	CP056053.1
2	4139231	33.593442	Bin246	2	CP056053.1
2	4234098	33.833251	Bin247	2	CP056053.1
2	4406947	34.813674	Bin248	2	CP056053.1
2	4631916	36.306323	Bin249	2	CP056053.1
2	4810799	36.546131	Bin250	2	CP056053.1
2	4938564	38.566608	Bin251	2	CP056053.1
2	5031204	38.806417	Bin252	2	CP056053.1
2	5223175	39.536357	Bin253	2	CP056053.1
2	5686996	47.153393	Bin254	2	CP056053.1
2	6222514	48.885850	Bin256	2	CP056053.1
2	6424717	49.125658	Bin257	2	CP056053.1
2	6653711	50.106082	Bin258	2	CP056053.1
2	7087503	54.838157	Bin260	2	CP056053.1
2	7209625	55.077966	Bin261	2	CP056053.1
2	7426174	55.807906	Bin262	2	CP056053.1
2	7597761	61.046853	Bin263	2	CP056053.1
2	7846256	61.529949	Bin264	2	CP056053.1
2	8668017	62.009566	Bin266	2	CP056053.1
2	8973311	62.492662	Bin267	2	CP056053.1
2	9064282	62.732470	Bin268	2	CP056053.1
2	9190376	63.462410	Bin269	2	CP056053.1
2	9309883	63.702219	Bin270	2	CP056053.1
2	9562433	64.668410	Bin272	2	CP056053.1
2	9796020	64.908219	Bin273	2	CP056053.1
2	10092450	65.148027	Bin274	2	CP056053.1
2	10494192	66.128451	Bin275	2	CP056053.1
2	10947665	67.621099	Bin276	2	CP056053.1
2	11674626	67.860908	Bin277	2	CP056053.1
2	12199177	68.100716	Bin278	2	CP056053.1
2	14393433	70.665381	Bin279	2	CP056053.1
2	16895432	71.148476	Bin280	2	CP056053.1
2	17015634	71.388285	Bin281	2	CP056053.1
2	17149032	71.628094	Bin282	2	CP056053.1
2	17198599	71.867902	Bin283	2	CP056053.1
2	17336759	72.107711	Bin284	2	CP056053.1
2	17504969	72.347520	Bin285	2	CP056053.1
2	18389478	72.587328	Bin286	2	CP056053.1
2	19067597	73.070424	Bin287	2	CP056053.1
2	19365283	73.310232	Bin288	2	CP056053.1
2	19597105	73.550041	Bin289	2	CP056053.1
2	19685351	73.789850	Bin290	2	CP056053.1
2	19810342	74.759598	Bin292	2	CP056053.1
2	19860137	74.999407	Bin293	2	CP056053.1
2	20027558	75.729347	Bin294	2	CP056053.1
2	20224151	77.221995	Bin295	2	CP056053.1
2	20375769	77.461803	Bin296	2	CP056053.1
2	20429742	77.701612	Bin297	2	CP056053.1
2	20559600	77.941421	Bin298	2	CP056053.1
2	20747566	78.911169	Bin300	2	CP056053.1
2	20798141	79.150978	Bin301	2	CP056053.1
2	20856050	79.634073	Bin302	2	CP056053.1
2	20961960	79.873882	Bin303	2	CP056053.1
2	21076238	80.356978	Bin304	2	CP056053.1
2	21149991	81.086918	Bin305	2	CP056053.1
2	21192749	81.570013	Bin306	2	CP056053.1
2	21248801	81.809822	Bin307	2	CP056053.1
2	21366076	82.292917	Bin308	2	CP056053.1
2	21919933	83.015821	Bin310	2	CP056053.1
2	25913194	136.015694	Bin311	2	CP056053.1
2	29980940	136.745634	Bin312	2	CP056053.1
2	30306222	137.228730	Bin313	2	CP056053.1
2	30606567	138.721378	Bin314	2	CP056053.1
2	30856851	139.444282	Bin316	2	CP056053.1
2	31120738	139.684090	Bin317	2	CP056053.1
2	31622257	140.664514	Bin318	2	CP056053.1
2	31983703	140.904323	Bin319	2	CP056053.1
2	32065043	141.884746	Bin320	2	CP056053.1
2	32147089	142.124555	Bin321	2	CP056053.1
2	32291969	143.617203	Bin322	2	CP056053.1
2	32502833	145.109851	Bin323	2	CP056053.1
2	32599818	145.592947	Bin324	2	CP056053.1
2	32806299	146.315851	Bin326	2	CP056053.1
2	32887169	146.555659	Bin327	2	CP056053.1
2	32908431	146.795468	Bin328	2	CP056053.1
2	32959104	147.525408	Bin329	2	CP056053.1
2	33180058	147.765217	Bin330	2	CP056053.1
2	33456247	148.005025	Bin331	2	CP056053.1
2	34175378	149.239656	Bin332	2	CP056053.1
2	34993814	156.147173	Bin333	2	CP056053.1
2	35143186	156.386981	Bin334	2	CP056053.1
2	35270041	157.879630	Bin335	2	CP056053.1
2	35583144	161.986071	Bin337	2	CP056053.1
2	35732272	162.708975	Bin339	2	CP056053.1
2	35793026	163.192071	Bin340	2	CP056053.1
2	35985122	164.154784	Bin343	2	CP056053.1
2	36207880	166.685069	Bin345	2	CP056053.1
2	36334352	167.168164	Bin346	2	CP056053.1
2	36438262	167.651260	Bin347	2	CP056053.1
2	36470904	169.671737	Bin348	2	CP056053.1
2	36511866	169.911546	Bin349	2	CP056053.1
2	36556822	170.394641	Bin350	2	CP056053.1
2	36614904	171.124581	Bin351	2	CP056053.1
2	36682266	171.364390	Bin352	2	CP056053.1
2	36735899	174.207533	Bin353	2	CP056053.1
2	36877420	174.447341	Bin354	2	CP056053.1
2	37145058	175.413532	Bin356	2	CP056053.1
3	134960	0.000000	Bin357	3	CP056054.1
3	273435	0.239809	Bin358	3	CP056054.1
3	405353	0.969749	Bin359	3	CP056054.1
3	1887208	11.164093	Bin362	3	CP056054.1
3	2012602	11.403902	Bin363	3	CP056054.1
3	2179188	12.384325	Bin364	3	CP056054.1
3	2701717	16.347939	Bin369	3	CP056054.1
3	2957915	16.587747	Bin370	3	CP056054.1
3	3187471	17.317687	Bin371	3	CP056054.1
3	3262492	20.160830	Bin372	3	CP056054.1
3	3303237	20.400639	Bin373	3	CP056054.1
3	3413636	20.640448	Bin374	3	CP056054.1
3	3626871	22.660924	Bin375	3	CP056054.1
3	4692062	35.383467	Bin377	3	CP056054.1
3	5239934	37.673944	Bin378	3	CP056054.1
3	5611171	39.428510	Bin379	3	CP056054.1
3	5785774	40.158450	Bin380	3	CP056054.1
3	5950343	40.641545	Bin381	3	CP056054.1
3	6035057	40.881354	Bin382	3	CP056054.1
3	6345944	41.364449	Bin383	3	CP056054.1
3	7244360	42.344873	Bin384	3	CP056054.1
3	8429608	51.075698	Bin385	3	CP056054.1
3	8830963	52.056122	Bin386	3	CP056054.1
3	8932434	52.786062	Bin387	3	CP056054.1
3	8994804	53.025871	Bin388	3	CP056054.1
3	9240714	53.265679	Bin389	3	CP056054.1
3	9484449	53.505488	Bin390	3	CP056054.1
3	9503387	53.745296	Bin391	3	CP056054.1
3	9545045	53.985105	Bin392	3	CP056054.1
3	9595278	54.224914	Bin393	3	CP056054.1
3	9715905	54.947818	Bin395	3	CP056054.1
3	9774852	55.430913	Bin396	3	CP056054.1
3	9876171	56.160853	Bin397	3	CP056054.1
3	10113450	56.400662	Bin398	3	CP056054.1
3	10293379	58.421139	Bin399	3	CP056054.1
3	10347886	58.660948	Bin400	3	CP056054.1
3	10392508	58.900756	Bin401	3	CP056054.1
3	10433742	59.140565	Bin402	3	CP056054.1
3	10594466	59.623660	Bin403	3	CP056054.1
3	10887768	64.233970	Bin404	3	CP056054.1
3	11130117	64.717066	Bin405	3	CP056054.1
3	11351028	64.956874	Bin406	3	CP056054.1
3	11529164	65.196683	Bin407	3	CP056054.1
3	12042137	69.500413	Bin408	3	CP056054.1
3	12619157	70.480837	Bin409	3	CP056054.1
3	12952560	71.715467	Bin410	3	CP056054.1
3	13104837	72.198563	Bin411	3	CP056054.1
3	13271370	72.681659	Bin412	3	CP056054.1
3	13373418	73.164754	Bin413	3	CP056054.1
3	14409425	77.649985	Bin415	3	CP056054.1
3	14560969	78.133081	Bin416	3	CP056054.1
3	14706156	79.367711	Bin417	3	CP056054.1
3	15154162	83.943311	Bin420	3	CP056054.1
3	15279860	84.183120	Bin421	3	CP056054.1
3	15372553	84.422928	Bin422	3	CP056054.1
3	15504602	84.662737	Bin423	3	CP056054.1
3	15582829	85.145832	Bin424	3	CP056054.1
3	15661089	86.900398	Bin425	3	CP056054.1
3	15821041	87.870147	Bin427	3	CP056054.1
3	16056989	88.349764	Bin429	3	CP056054.1
3	16159481	89.079704	Bin430	3	CP056054.1
3	16262269	89.562800	Bin431	3	CP056054.1
3	16322162	89.802608	Bin432	3	CP056054.1
3	16436145	91.823085	Bin433	3	CP056054.1
3	16689106	92.062894	Bin434	3	CP056054.1
3	16894610	92.302702	Bin435	3	CP056054.1
3	17056378	93.032642	Bin436	3	CP056054.1
3	17159435	93.272451	Bin437	3	CP056054.1
3	17493559	93.512260	Bin438	3	CP056054.1
3	17772507	93.752068	Bin439	3	CP056054.1
3	17975939	93.991877	Bin440	3	CP056054.1
3	18145778	94.231686	Bin441	3	CP056054.1
3	18278577	94.714781	Bin442	3	CP056054.1
3	18408238	94.954590	Bin443	3	CP056054.1
3	18648211	95.684530	Bin444	3	CP056054.1
3	18987909	95.924338	Bin445	3	CP056054.1
3	19141099	96.164147	Bin446	3	CP056054.1
3	21564791	96.403955	Bin447	3	CP056054.1
3	23940337	96.643764	Bin448	3	CP056054.1
3	24900367	97.123381	Bin450	3	CP056054.1
3	25840494	98.093130	Bin452	3	CP056054.1
3	26255531	98.576225	Bin453	3	CP056054.1
3	26345655	99.059321	Bin454	3	CP056054.1
3	26457778	99.299130	Bin455	3	CP056054.1
3	26563693	99.538938	Bin456	3	CP056054.1
3	26646885	99.778747	Bin457	3	CP056054.1
3	26780534	100.261842	Bin458	3	CP056054.1
3	26888602	100.991782	Bin459	3	CP056054.1
3	27103607	107.553892	Bin460	3	CP056054.1
3	27224111	107.793700	Bin461	3	CP056054.1
3	27331145	108.033509	Bin462	3	CP056054.1
3	27596704	109.013933	Bin463	3	CP056054.1
3	27942564	112.719331	Bin464	3	CP056054.1
3	28110015	112.959140	Bin465	3	CP056054.1
3	28223735	113.198948	Bin466	3	CP056054.1
3	28414589	114.953514	Bin467	3	CP056054.1
3	28591861	115.933938	Bin468	3	CP056054.1
3	28759864	116.173747	Bin469	3	CP056054.1
3	28940107	116.413555	Bin470	3	CP056054.1
3	29058419	118.704032	Bin471	3	CP056054.1
3	29185657	118.943841	Bin472	3	CP056054.1
3	29305018	120.178471	Bin473	3	CP056054.1
3	29367296	120.418280	Bin474	3	CP056054.1
3	29394296	120.901375	Bin475	3	CP056054.1
3	29413164	121.141184	Bin476	3	CP056054.1
3	29576604	122.121608	Bin477	3	CP056054.1
3	29788365	122.601225	Bin479	3	CP056054.1
3	29910925	123.331165	Bin480	3	CP056054.1
3	30036781	123.570973	Bin481	3	CP056054.1
3	30139601	124.551397	Bin482	3	CP056054.1
3	30208372	124.791206	Bin483	3	CP056054.1
3	30386737	127.006260	Bin485	3	CP056054.1
3	30459319	127.246068	Bin486	3	CP056054.1
3	30554028	128.226492	Bin487	3	CP056054.1
3	30713001	128.466301	Bin488	3	CP056054.1
3	30887102	129.446724	Bin489	3	CP056054.1
3	30950515	129.686533	Bin490	3	CP056054.1
3	30986410	129.926341	Bin491	3	CP056054.1
3	31072856	130.166150	Bin492	3	CP056054.1
3	31182009	130.405959	Bin493	3	CP056054.1
3	31272918	131.880398	Bin495	3	CP056054.1
3	31329218	132.120206	Bin496	3	CP056054.1
3	31361910	132.360015	Bin497	3	CP056054.1
3	31430307	132.599824	Bin498	3	CP056054.1
3	31603032	132.839632	Bin499	3	CP056054.1
3	31812696	133.322728	Bin500	3	CP056054.1
3	31922179	134.052668	Bin501	3	CP056054.1
3	31987050	134.292476	Bin502	3	CP056054.1
3	32094363	134.775572	Bin503	3	CP056054.1
3	32208991	135.258668	Bin504	3	CP056054.1
3	32286818	135.498476	Bin505	3	CP056054.1
3	32342088	135.738285	Bin506	3	CP056054.1
3	32383832	135.978093	Bin507	3	CP056054.1
3	32490164	136.461189	Bin508	3	CP056054.1
3	32589833	136.944284	Bin509	3	CP056054.1
3	32666048	137.427380	Bin510	3	CP056054.1
3	32918744	138.647612	Bin512	3	CP056054.1
3	33100300	139.130708	Bin513	3	CP056054.1
3	33136481	139.370516	Bin514	3	CP056054.1
3	33168105	139.610325	Bin515	3	CP056054.1
3	33183483	141.102973	Bin516	3	CP056054.1
3	33232459	141.342782	Bin517	3	CP056054.1
3	33452359	142.312530	Bin519	3	CP056054.1
3	33650677	142.795626	Bin520	3	CP056054.1
3	34103758	143.035434	Bin521	3	CP056054.1
3	34467877	151.766260	Bin522	3	CP056054.1
3	34717006	152.249356	Bin523	3	CP056054.1
3	34924332	152.489164	Bin524	3	CP056054.1
3	35081340	153.219104	Bin525	3	CP056054.1
3	35340724	157.221240	Bin526	3	CP056054.1
3	35640686	158.201663	Bin527	3	CP056054.1
3	35887352	158.441472	Bin528	3	CP056054.1
3	36436400	159.676102	Bin529	3	CP056054.1
3	37282004	177.245997	Bin530	3	CP056054.1
3	37789966	177.975937	Bin531	3	CP056054.1
3	37813245	178.705877	Bin532	3	CP056054.1
3	37922094	179.686300	Bin533	3	CP056054.1
3	38083040	180.666724	Bin534	3	CP056054.1
3	38176281	180.906532	Bin535	3	CP056054.1
3	38208629	182.141163	Bin536	3	CP056054.1
3	38303555	182.380972	Bin537	3	CP056054.1
3	38414859	182.620780	Bin538	3	CP056054.1
3	38456811	182.860589	Bin539	3	CP056054.1
3	38487909	183.841012	Bin540	3	CP056054.1
3	38553027	185.315452	Bin542	3	CP056054.1
3	38628780	185.795069	Bin544	3	CP056054.1
3	38725236	186.034877	Bin545	3	CP056054.1
3	38954739	187.247913	Bin547	3	CP056054.1
3	39098112	187.487722	Bin548	3	CP056054.1
4	113754	0.000000	Bin549	4	CP056055.1
4	361201	0.483096	Bin550	4	CP056055.1
4	547583	1.213036	Bin551	4	CP056055.1
4	599082	1.452844	Bin552	4	CP056055.1
4	661570	2.182784	Bin553	4	CP056055.1
4	863023	2.422593	Bin554	4	CP056055.1
4	988455	2.662401	Bin555	4	CP056055.1
4	1427836	2.902210	Bin556	4	CP056055.1
4	1846730	4.111767	Bin559	4	CP056055.1
4	2336625	8.150871	Bin562	4	CP056055.1
4	2397807	8.633967	Bin563	4	CP056055.1
4	2429390	8.873775	Bin564	4	CP056055.1
4	2621664	9.113584	Bin565	4	CP056055.1
4	3577274	10.326619	Bin567	4	CP056055.1
4	3631067	10.566428	Bin568	4	CP056055.1
4	4102027	11.285854	Bin571	4	CP056055.1
4	4236862	11.765471	Bin573	4	CP056055.1
4	4334829	12.248567	Bin574	4	CP056055.1
4	4517660	12.488375	Bin575	4	CP056055.1
4	4716738	12.728184	Bin576	4	CP056055.1
4	5512616	14.173992	Bin580	4	CP056055.1
4	5983298	15.154416	Bin581	4	CP056055.1
4	7426068	16.117128	Bin584	4	CP056055.1
4	10428935	17.097552	Bin585	4	CP056055.1
4	14106181	18.590200	Bin586	4	CP056055.1
4	14535121	18.830009	Bin587	4	CP056055.1
4	14735506	19.069817	Bin588	4	CP056055.1
4	15028341	19.309626	Bin589	4	CP056055.1
4	16559480	23.015025	Bin590	4	CP056055.1
4	16626968	23.498120	Bin591	4	CP056055.1
4	16973797	23.737929	Bin592	4	CP056055.1
4	17092814	23.977737	Bin593	4	CP056055.1
4	17487495	27.391136	Bin594	4	CP056055.1
4	17964636	27.874232	Bin595	4	CP056055.1
4	18183298	32.796235	Bin596	4	CP056055.1
4	18531971	33.279331	Bin597	4	CP056055.1
4	18873272	33.519139	Bin598	4	CP056055.1
4	19434516	33.998757	Bin600	4	CP056055.1
4	19490962	34.238565	Bin601	4	CP056055.1
4	19527122	34.478374	Bin602	4	CP056055.1
4	19627280	34.718182	Bin603	4	CP056055.1
4	19786872	34.957991	Bin604	4	CP056055.1
4	19888757	35.197800	Bin605	4	CP056055.1
4	19993316	35.437608	Bin606	4	CP056055.1
4	20107609	35.677417	Bin607	4	CP056055.1
4	20194718	35.917225	Bin608	4	CP056055.1
4	20340282	36.647165	Bin609	4	CP056055.1
4	20512775	40.352564	Bin610	4	CP056055.1
4	20616772	40.592373	Bin611	4	CP056055.1
4	20700192	40.832181	Bin612	4	CP056055.1
4	20811697	41.071990	Bin613	4	CP056055.1
4	20860768	41.311799	Bin614	4	CP056055.1
4	20957592	41.551607	Bin615	4	CP056055.1
4	21132340	47.030363	Bin617	4	CP056055.1
4	21677939	49.320840	Bin618	4	CP056055.1
4	22151186	49.560649	Bin619	4	CP056055.1
4	22301239	53.864379	Bin620	4	CP056055.1
4	22766889	57.760873	Bin622	4	CP056055.1
4	22833772	58.741297	Bin623	4	CP056055.1
4	23016856	59.464201	Bin625	4	CP056055.1
4	23130115	59.704010	Bin626	4	CP056055.1
4	23209016	59.943818	Bin627	4	CP056055.1
4	23276153	60.183627	Bin628	4	CP056055.1
4	23308146	61.418257	Bin629	4	CP056055.1
4	23401114	66.028567	Bin630	4	CP056055.1
4	23656890	66.758507	Bin631	4	CP056055.1
4	23790750	66.998316	Bin632	4	CP056055.1
4	24198118	67.964507	Bin634	4	CP056055.1
4	24515513	68.944930	Bin635	4	CP056055.1
4	24669193	69.184739	Bin636	4	CP056055.1
4	24717803	71.475216	Bin637	4	CP056055.1
4	24824645	71.715024	Bin638	4	CP056055.1
4	25424828	74.245310	Bin640	4	CP056055.1
4	25658051	74.485118	Bin641	4	CP056055.1
4	25844920	74.724927	Bin642	4	CP056055.1
4	26634594	74.964736	Bin643	4	CP056055.1
4	27361465	82.223836	Bin644	4	CP056055.1
4	27646564	82.463645	Bin645	4	CP056055.1
4	27917925	82.703453	Bin646	4	CP056055.1
4	28761953	84.196102	Bin647	4	CP056055.1
4	29551047	85.688750	Bin648	4	CP056055.1
4	29812999	86.418690	Bin649	4	CP056055.1
4	30326967	90.420825	Bin650	4	CP056055.1
4	31066196	90.660634	Bin651	4	CP056055.1
4	31529359	92.153282	Bin652	4	CP056055.1
4	31722216	93.645930	Bin653	4	CP056055.1
4	31767705	93.885739	Bin654	4	CP056055.1
4	31848498	94.125547	Bin655	4	CP056055.1
4	31953691	94.608643	Bin656	4	CP056055.1
4	32084552	94.848451	Bin657	4	CP056055.1
4	32193107	95.088260	Bin658	4	CP056055.1
4	32256147	96.580908	Bin659	4	CP056055.1
4	32382337	96.820717	Bin660	4	CP056055.1
4	32525355	97.060525	Bin661	4	CP056055.1
4	32639968	98.553174	Bin662	4	CP056055.1
4	32829675	99.036269	Bin663	4	CP056055.1
4	32947795	100.270900	Bin664	4	CP056055.1
4	33043538	100.510708	Bin665	4	CP056055.1
4	33093616	100.750517	Bin666	4	CP056055.1
4	33121989	101.730940	Bin667	4	CP056055.1
4	33158681	101.970749	Bin668	4	CP056055.1
4	33216263	102.210558	Bin669	4	CP056055.1
4	33284551	102.693653	Bin670	4	CP056055.1
4	33481224	103.416557	Bin672	4	CP056055.1
4	33665775	103.656366	Bin673	4	CP056055.1
4	33822184	104.139462	Bin674	4	CP056055.1
4	33911750	105.359694	Bin676	4	CP056055.1
4	34112914	106.082598	Bin678	4	CP056055.1
4	34147360	106.322407	Bin679	4	CP056055.1
4	34284035	106.562215	Bin680	4	CP056055.1
4	34432149	106.802024	Bin681	4	CP056055.1
4	34811004	109.645167	Bin682	4	CP056055.1
4	35227887	109.884975	Bin683	4	CP056055.1
4	35667892	115.123923	Bin684	4	CP056055.1
4	36155331	125.032769	Bin685	4	CP056055.1
4	36335192	126.267400	Bin686	4	CP056055.1
4	36495365	126.507209	Bin687	4	CP056055.1
5	159916	0.000000	Bin689	5	CP056056.1
5	330651	0.729940	Bin690	5	CP056056.1
5	406589	1.459880	Bin691	5	CP056056.1
5	500227	4.303023	Bin692	5	CP056056.1
5	590606	4.542832	Bin693	5	CP056056.1
5	661074	4.782640	Bin694	5	CP056056.1
5	780770	6.017271	Bin695	5	CP056056.1
5	928881	6.257080	Bin696	5	CP056056.1
5	1066402	6.496888	Bin697	5	CP056056.1
5	1169045	6.736697	Bin698	5	CP056056.1
5	1217057	7.717120	Bin699	5	CP056056.1
5	1287661	8.697544	Bin700	5	CP056056.1
5	1511042	9.917776	Bin702	5	CP056056.1
5	1731288	12.178062	Bin704	5	CP056056.1
5	1757322	12.417870	Bin705	5	CP056056.1
5	1857802	12.897487	Bin707	5	CP056056.1
5	1950558	13.380583	Bin708	5	CP056056.1
5	2054623	14.103487	Bin710	5	CP056056.1
5	2126613	14.343296	Bin711	5	CP056056.1
5	2191621	14.583104	Bin712	5	CP056056.1
5	2343078	15.062722	Bin714	5	CP056056.1
5	2574712	17.566294	Bin716	5	CP056056.1
5	2831231	17.806103	Bin717	5	CP056056.1
5	2977119	19.560669	Bin718	5	CP056056.1
5	3068041	19.800477	Bin719	5	CP056056.1
5	3147826	20.040286	Bin720	5	CP056056.1
5	3324397	20.519903	Bin722	5	CP056056.1
5	3385774	22.012551	Bin723	5	CP056056.1
5	3639936	22.252360	Bin724	5	CP056056.1
5	3833384	26.254495	Bin725	5	CP056056.1
5	4000115	26.494304	Bin726	5	CP056056.1
5	4430660	28.248870	Bin727	5	CP056056.1
5	4959230	28.978810	Bin728	5	CP056056.1
5	5268817	29.708750	Bin729	5	CP056056.1
5	5471718	32.551893	Bin730	5	CP056056.1
5	5727348	33.281833	Bin731	5	CP056056.1
5	6004687	33.521641	Bin732	5	CP056056.1
5	6261232	34.004737	Bin733	5	CP056056.1
5	6524649	35.497385	Bin734	5	CP056056.1
5	7589275	42.542590	Bin736	5	CP056056.1
5	9240387	44.297156	Bin737	5	CP056056.1
5	12276572	44.780252	Bin738	5	CP056056.1
5	14911388	46.014882	Bin739	5	CP056056.1
5	16634292	47.467726	Bin742	5	CP056056.1
5	16767750	47.950822	Bin743	5	CP056056.1
5	16959378	49.163858	Bin745	5	CP056056.1
5	16997956	49.403666	Bin746	5	CP056056.1
5	17025304	49.886762	Bin747	5	CP056056.1
5	17056540	50.369857	Bin748	5	CP056056.1
5	17162680	50.609666	Bin749	5	CP056056.1
5	17253429	50.849474	Bin750	5	CP056056.1
5	17386931	51.089283	Bin751	5	CP056056.1
5	17561690	51.329092	Bin752	5	CP056056.1
5	17808643	51.812187	Bin753	5	CP056056.1
5	18753380	53.522551	Bin755	5	CP056056.1
5	19151360	61.379396	Bin757	5	CP056056.1
5	19242817	62.109336	Bin758	5	CP056056.1
5	19484143	62.349144	Bin759	5	CP056056.1
5	19772469	65.073459	Bin762	5	CP056056.1
5	19898670	65.803399	Bin763	5	CP056056.1
5	20111240	66.286494	Bin764	5	CP056056.1
5	20555519	66.769590	Bin765	5	CP056056.1
5	20877368	67.009398	Bin766	5	CP056056.1
5	21056494	69.299875	Bin767	5	CP056056.1
5	21317681	69.539684	Bin768	5	CP056056.1
5	21654814	69.779492	Bin769	5	CP056056.1
5	21988635	75.340774	Bin770	5	CP056056.1
5	22176643	75.580583	Bin771	5	CP056056.1
5	22224841	75.820391	Bin772	5	CP056056.1
5	22235707	76.303487	Bin773	5	CP056056.1
5	22486329	76.543296	Bin774	5	CP056056.1
5	22758094	77.523719	Bin775	5	CP056056.1
5	22880688	77.763528	Bin776	5	CP056056.1
5	22952981	79.518094	Bin777	5	CP056056.1
5	23045859	79.757902	Bin778	5	CP056056.1
5	23152159	79.997711	Bin779	5	CP056056.1
5	23259828	80.480807	Bin780	5	CP056056.1
5	23385268	80.720615	Bin781	5	CP056056.1
5	23426785	80.960424	Bin782	5	CP056056.1
5	23584533	81.940847	Bin783	5	CP056056.1
5	23853759	83.961324	Bin784	5	CP056056.1
5	24011204	84.201133	Bin785	5	CP056056.1
5	24175727	85.181556	Bin786	5	CP056056.1
5	24408227	86.674205	Bin787	5	CP056056.1
5	24727870	90.676340	Bin788	5	CP056056.1
5	24889856	91.159436	Bin789	5	CP056056.1
5	25153924	92.394066	Bin790	5	CP056056.1
5	26437312	102.385838	Bin792	5	CP056056.1
5	26877806	102.868934	Bin793	5	CP056056.1
5	27320590	103.352029	Bin794	5	CP056056.1
5	27614470	104.081969	Bin795	5	CP056056.1
5	28055935	105.767586	Bin800	5	CP056056.1
5	28163066	106.007395	Bin801	5	CP056056.1
5	28329945	106.247204	Bin802	5	CP056056.1
5	28467410	106.487012	Bin803	5	CP056056.1
5	28504018	107.467436	Bin804	5	CP056056.1
5	28542815	107.707244	Bin805	5	CP056056.1
5	28614310	108.186862	Bin807	5	CP056056.1
5	28651840	109.167285	Bin808	5	CP056056.1
5	28714529	109.650381	Bin809	5	CP056056.1
5	28800588	109.890189	Bin810	5	CP056056.1
5	28966390	111.644755	Bin811	5	CP056056.1
5	29146255	111.884564	Bin812	5	CP056056.1
5	29277234	112.367659	Bin813	5	CP056056.1
5	29344085	112.607468	Bin814	5	CP056056.1
5	29445821	113.337408	Bin815	5	CP056056.1
5	29600428	114.067348	Bin816	5	CP056056.1
5	29925161	114.550444	Bin817	5	CP056056.1
5	30453850	116.043092	Bin818	5	CP056056.1
6	36442	0.000000	Bin819	6	CP056057.1
6	299778	0.969749	Bin821	6	CP056057.1
6	366346	1.452844	Bin822	6	CP056057.1
6	425306	2.182784	Bin823	6	CP056057.1
6	488318	2.422593	Bin824	6	CP056057.1
6	586762	2.905688	Bin825	6	CP056057.1
6	688601	3.635628	Bin826	6	CP056057.1
6	815203	3.875437	Bin827	6	CP056057.1
6	969997	4.855860	Bin828	6	CP056057.1
6	1126113	5.335478	Bin830	6	CP056057.1
6	1234942	5.818573	Bin831	6	CP056057.1
6	1355056	6.548513	Bin832	6	CP056057.1
6	1422074	6.788322	Bin833	6	CP056057.1
6	1458874	7.028130	Bin834	6	CP056057.1
6	1495157	7.267939	Bin835	6	CP056057.1
6	1537102	7.751035	Bin836	6	CP056057.1
6	1588084	8.234130	Bin837	6	CP056057.1
6	1629018	8.964070	Bin838	6	CP056057.1
6	1828026	9.443687	Bin840	6	CP056057.1
6	1929743	9.683496	Bin841	6	CP056057.1
6	2083500	10.663919	Bin842	6	CP056057.1
6	2129679	11.898550	Bin843	6	CP056057.1
6	2193123	12.138359	Bin844	6	CP056057.1
6	2357788	12.378167	Bin845	6	CP056057.1
6	2620107	12.857785	Bin847	6	CP056057.1
6	2665756	13.097593	Bin848	6	CP056057.1
6	2718223	13.827533	Bin849	6	CP056057.1
6	2750944	14.807957	Bin850	6	CP056057.1
6	2787152	15.047765	Bin851	6	CP056057.1
6	2865381	15.530861	Bin852	6	CP056057.1
6	2943529	15.770669	Bin853	6	CP056057.1
6	3168738	16.493574	Bin855	6	CP056057.1
6	3297964	17.223514	Bin856	6	CP056057.1
6	3618638	18.193262	Bin858	6	CP056057.1
6	3801235	18.433071	Bin859	6	CP056057.1
6	4448507	28.340584	Bin861	6	CP056057.1
6	4613079	29.575214	Bin862	6	CP056057.1
6	4648991	29.815023	Bin863	6	CP056057.1
6	4717657	30.054832	Bin864	6	CP056057.1
6	4788954	30.294640	Bin865	6	CP056057.1
6	4978623	30.774258	Bin867	6	CP056057.1
6	5080039	31.014066	Bin868	6	CP056057.1
6	5234590	31.744006	Bin869	6	CP056057.1
6	5358810	32.978637	Bin870	6	CP056057.1
6	6426373	40.271564	Bin873	6	CP056057.1
6	6538764	40.754659	Bin874	6	CP056057.1
6	6680829	42.749034	Bin876	6	CP056057.1
6	6820822	42.988843	Bin877	6	CP056057.1
6	6906584	43.471938	Bin878	6	CP056057.1
6	7305718	48.548128	Bin882	6	CP056057.1
6	7516383	48.787937	Bin883	6	CP056057.1
6	7611547	49.768360	Bin884	6	CP056057.1
6	7758003	50.008169	Bin885	6	CP056057.1
6	7934808	50.738109	Bin886	6	CP056057.1
6	8170005	50.977917	Bin887	6	CP056057.1
6	8235727	51.217726	Bin888	6	CP056057.1
6	8300204	51.700822	Bin889	6	CP056057.1
6	8708494	52.180439	Bin891	6	CP056057.1
6	9269932	52.903343	Bin893	6	CP056057.1
6	9761636	58.625386	Bin895	6	CP056057.1
6	10035633	59.860017	Bin896	6	CP056057.1
6	10291564	60.343112	Bin897	6	CP056057.1
6	10887876	60.822730	Bin899	6	CP056057.1
6	11326756	61.305825	Bin900	6	CP056057.1
6	11804002	61.545634	Bin901	6	CP056057.1
6	18785901	68.453151	Bin902	6	CP056057.1
6	19423500	73.268343	Bin908	6	CP056057.1
6	20611694	75.768437	Bin911	6	CP056057.1
6	20678798	76.251533	Bin912	6	CP056057.1
6	20869985	76.981473	Bin913	6	CP056057.1
6	21061775	77.221281	Bin914	6	CP056057.1
6	21102588	77.951221	Bin915	6	CP056057.1
6	21453113	78.191030	Bin916	6	CP056057.1
6	21945726	78.913934	Bin918	6	CP056057.1
6	22256610	81.174219	Bin920	6	CP056057.1
6	22373682	81.414028	Bin921	6	CP056057.1
6	22659573	82.143968	Bin922	6	CP056057.1
6	22915132	84.164445	Bin923	6	CP056057.1
6	23115708	84.404254	Bin924	6	CP056057.1
6	23501016	84.644062	Bin925	6	CP056057.1
6	24104918	85.610253	Bin927	6	CP056057.1
6	24147244	85.850062	Bin928	6	CP056057.1
6	24293751	87.084693	Bin929	6	CP056057.1
6	24700902	88.304925	Bin931	6	CP056057.1
6	24907576	88.544733	Bin932	6	CP056057.1
6	25004374	91.670751	Bin933	6	CP056057.1
6	25108277	92.400691	Bin934	6	CP056057.1
6	25201377	92.640500	Bin935	6	CP056057.1
6	25344919	92.880308	Bin936	6	CP056057.1
6	25791427	96.776802	Bin938	6	CP056057.1
6	25940313	97.016611	Bin939	6	CP056057.1
6	26027931	97.256420	Bin940	6	CP056057.1
6	26114722	98.749068	Bin941	6	CP056057.1
6	26392828	98.988876	Bin942	6	CP056057.1
6	26932981	102.991012	Bin943	6	CP056057.1
6	27322090	104.225642	Bin944	6	CP056057.1
6	27630789	104.465451	Bin945	6	CP056057.1
6	28343596	105.700082	Bin946	6	CP056057.1
6	28882797	116.432929	Bin947	6	CP056057.1
6	28994845	116.916024	Bin948	6	CP056057.1
6	29264842	122.805176	Bin949	6	CP056057.1
6	29455242	123.288271	Bin950	6	CP056057.1
6	29514709	123.528080	Bin951	6	CP056057.1
6	29603272	123.767889	Bin952	6	CP056057.1
6	29684462	124.250984	Bin953	6	CP056057.1
6	29975384	125.725423	Bin955	6	CP056057.1
6	30095429	125.965232	Bin956	6	CP056057.1
6	30227874	127.185464	Bin958	6	CP056057.1
6	30460004	127.908368	Bin960	6	CP056057.1
6	30502968	128.148177	Bin961	6	CP056057.1
6	30582670	128.387986	Bin962	6	CP056057.1
6	30663610	128.627794	Bin963	6	CP056057.1
6	30772191	130.648271	Bin964	6	CP056057.1
6	31050112	132.140919	Bin965	6	CP056057.1
6	31328640	144.172755	Bin966	6	CP056057.1
7	62058	0.000000	Bin968	7	CP056058.1
7	172992	0.239809	Bin969	7	CP056058.1
7	274617	0.479617	Bin970	7	CP056058.1
7	388198	0.962713	Bin971	7	CP056058.1
7	442155	1.202521	Bin972	7	CP056058.1
7	544431	1.932461	Bin973	7	CP056058.1
7	704513	2.415557	Bin974	7	CP056058.1
7	798598	2.898652	Bin975	7	CP056058.1
7	926062	3.868401	Bin977	7	CP056058.1
7	1216150	4.848825	Bin978	7	CP056058.1
7	1304237	7.653298	Bin980	7	CP056058.1
7	1463842	7.893107	Bin981	7	CP056058.1
7	2042671	8.623047	Bin982	7	CP056058.1
7	2235227	8.862855	Bin983	7	CP056058.1
7	2484734	9.345951	Bin984	7	CP056058.1
7	2543925	10.075891	Bin985	7	CP056058.1
7	2577760	10.315699	Bin986	7	CP056058.1
7	2621738	10.798795	Bin987	7	CP056058.1
7	2827805	11.779218	Bin988	7	CP056058.1
7	3151142	25.672641	Bin989	7	CP056058.1
7	3321599	25.912450	Bin990	7	CP056058.1
7	3782886	27.405098	Bin991	7	CP056058.1
7	4750125	28.128002	Bin993	7	CP056058.1
7	5764953	45.697896	Bin994	7	CP056058.1
7	6336073	45.937705	Bin995	7	CP056058.1
7	6683554	46.420800	Bin996	7	CP056058.1
7	7043651	46.660609	Bin997	7	CP056058.1
7	7211703	50.074008	Bin998	7	CP056058.1
7	7683393	51.523373	Bin1002	7	CP056058.1
7	8363944	52.253313	Bin1003	7	CP056058.1
7	9226150	54.247688	Bin1005	7	CP056058.1
7	11629219	54.970592	Bin1007	7	CP056058.1
7	16872005	60.449348	Bin1009	7	CP056058.1
7	17837919	60.689157	Bin1010	7	CP056058.1
7	18047373	60.928965	Bin1011	7	CP056058.1
7	18076700	61.412061	Bin1012	7	CP056058.1
7	18261332	61.651870	Bin1013	7	CP056058.1
7	18629256	63.672347	Bin1014	7	CP056058.1
7	18988509	64.155442	Bin1015	7	CP056058.1
7	19071943	65.648090	Bin1016	7	CP056058.1
7	19406038	66.610803	Bin1019	7	CP056058.1
7	19771922	67.090420	Bin1021	7	CP056058.1
7	20107969	67.573516	Bin1022	7	CP056058.1
7	21158963	76.235599	Bin1024	7	CP056058.1
7	22044140	82.709177	Bin1026	7	CP056058.1
7	22567277	83.439117	Bin1027	7	CP056058.1
7	22797688	84.419540	Bin1028	7	CP056058.1
7	23082670	87.832939	Bin1029	7	CP056058.1
7	23287974	88.072748	Bin1030	7	CP056058.1
7	24065289	98.064520	Bin1032	7	CP056058.1
7	24800067	98.794460	Bin1033	7	CP056058.1
7	25133135	100.549026	Bin1034	7	CP056058.1
7	25429381	101.529449	Bin1035	7	CP056058.1
7	25840356	103.549926	Bin1036	7	CP056058.1
7	25999621	104.033022	Bin1037	7	CP056058.1
7	26048217	104.272830	Bin1038	7	CP056058.1
7	26208351	111.889867	Bin1039	7	CP056058.1
7	26411493	112.129675	Bin1040	7	CP056058.1
7	26537700	114.694340	Bin1041	7	CP056058.1
7	26629415	114.934149	Bin1042	7	CP056058.1
7	26856919	116.168779	Bin1043	7	CP056058.1
7	27100683	117.661427	Bin1044	7	CP056058.1
7	27199367	117.901236	Bin1045	7	CP056058.1
7	27335592	118.384331	Bin1046	7	CP056058.1
7	27481653	119.364755	Bin1047	7	CP056058.1
7	27706292	121.929420	Bin1048	7	CP056058.1
7	28849944	129.400369	Bin1053	7	CP056058.1
7	29067150	129.640178	Bin1054	7	CP056058.1
7	29114516	130.620601	Bin1055	7	CP056058.1
7	29281503	131.350541	Bin1056	7	CP056058.1
7	29478398	133.915206	Bin1057	7	CP056058.1
7	30237174	135.407854	Bin1058	7	CP056058.1
8	267039	0.000000	Bin1059	8	CP056059.1
8	566847	0.239809	Bin1060	8	CP056059.1
8	686021	1.732457	Bin1061	8	CP056059.1
8	804020	2.712880	Bin1062	8	CP056059.1
8	891047	7.951828	Bin1063	8	CP056059.1
8	968049	9.186459	Bin1064	8	CP056059.1
8	1051734	9.426267	Bin1065	8	CP056059.1
8	1171124	9.905884	Bin1067	8	CP056059.1
8	1288225	10.145693	Bin1068	8	CP056059.1
8	1954814	23.558892	Bin1069	8	CP056059.1
8	2682937	25.051540	Bin1070	8	CP056059.1
8	3132281	25.774445	Bin1072	8	CP056059.1
8	3167611	26.014253	Bin1073	8	CP056059.1
8	3224309	26.254062	Bin1074	8	CP056059.1
8	3291216	26.737157	Bin1075	8	CP056059.1
8	3424056	26.976966	Bin1076	8	CP056059.1
8	3520615	27.957390	Bin1077	8	CP056059.1
8	3581039	28.197198	Bin1078	8	CP056059.1
8	3781044	29.159911	Bin1081	8	CP056059.1
8	4047395	35.288871	Bin1083	8	CP056059.1
8	4184622	35.528680	Bin1084	8	CP056059.1
8	4297191	35.768489	Bin1085	8	CP056059.1
8	4374011	36.008297	Bin1086	8	CP056059.1
8	4766036	37.221333	Bin1088	8	CP056059.1
8	5000473	37.940759	Bin1091	8	CP056059.1
8	5171268	38.180567	Bin1092	8	CP056059.1
8	5232992	38.420376	Bin1093	8	CP056059.1
8	5363586	38.660184	Bin1094	8	CP056059.1
8	5460691	39.143280	Bin1095	8	CP056059.1
8	5675595	39.626375	Bin1096	8	CP056059.1
8	5835430	40.109471	Bin1097	8	CP056059.1
8	5890389	40.592567	Bin1098	8	CP056059.1
8	6077987	42.056086	Bin1100	8	CP056059.1
8	6240414	42.535703	Bin1102	8	CP056059.1
8	6395462	42.775512	Bin1103	8	CP056059.1
8	7977767	43.978033	Bin1107	8	CP056059.1
8	8695915	44.697459	Bin1110	8	CP056059.1
8	8899937	45.180554	Bin1111	8	CP056059.1
8	8919374	45.420363	Bin1112	8	CP056059.1
8	9102091	46.654994	Bin1113	8	CP056059.1
8	9656262	46.894802	Bin1114	8	CP056059.1
8	10045966	47.377898	Bin1115	8	CP056059.1
8	10304000	47.860993	Bin1116	8	CP056059.1
8	12500347	48.344089	Bin1117	8	CP056059.1
8	15550649	50.908754	Bin1118	8	CP056059.1
8	16669461	51.391849	Bin1119	8	CP056059.1
8	17868680	52.626480	Bin1120	8	CP056059.1
8	18038504	52.866288	Bin1121	8	CP056059.1
8	18261957	53.106097	Bin1122	8	CP056059.1
8	19028162	53.829001	Bin1124	8	CP056059.1
8	19680909	54.788236	Bin1128	8	CP056059.1
8	19930750	55.271331	Bin1129	8	CP056059.1
8	20044194	56.251755	Bin1130	8	CP056059.1
8	20228430	56.491563	Bin1131	8	CP056059.1
8	20390077	56.731372	Bin1132	8	CP056059.1
8	20433757	56.971180	Bin1133	8	CP056059.1
8	20660006	58.184216	Bin1135	8	CP056059.1
8	20927415	60.204693	Bin1136	8	CP056059.1
8	21207330	60.934633	Bin1137	8	CP056059.1
8	21535907	61.417728	Bin1138	8	CP056059.1
8	21856004	61.897346	Bin1140	8	CP056059.1
8	22050989	62.627286	Bin1141	8	CP056059.1
8	22259840	62.867094	Bin1142	8	CP056059.1
8	22309949	63.847518	Bin1143	8	CP056059.1
8	22409880	64.087326	Bin1144	8	CP056059.1
8	22588407	64.327135	Bin1145	8	CP056059.1
8	23033401	66.347612	Bin1146	8	CP056059.1
8	23948512	66.587421	Bin1147	8	CP056059.1
8	25282177	88.500167	Bin1148	8	CP056059.1
8	26113264	88.739976	Bin1149	8	CP056059.1
8	26370146	93.978923	Bin1150	8	CP056059.1
8	26812081	94.218732	Bin1151	8	CP056059.1
8	27105944	97.632130	Bin1152	8	CP056059.1
8	27192431	98.115226	Bin1153	8	CP056059.1
8	27275109	98.355035	Bin1154	8	CP056059.1
8	27404417	98.594843	Bin1155	8	CP056059.1
8	27541567	99.077939	Bin1156	8	CP056059.1
8	27807167	104.483038	Bin1158	8	CP056059.1
8	27880015	104.966134	Bin1159	8	CP056059.1
8	28013636	105.689038	Bin1161	8	CP056059.1
8	28049761	105.928846	Bin1162	8	CP056059.1
8	28090924	106.411942	Bin1163	8	CP056059.1
8	28173158	106.651750	Bin1164	8	CP056059.1
8	28248515	106.891559	Bin1165	8	CP056059.1
8	28399440	107.861308	Bin1167	8	CP056059.1
8	28541522	110.425972	Bin1168	8	CP056059.1
8	28928178	112.136336	Bin1170	8	CP056059.1
8	29121271	113.370967	Bin1171	8	CP056059.1
8	29252924	117.674697	Bin1172	8	CP056059.1
8	29395297	118.157793	Bin1173	8	CP056059.1
8	29576748	118.640888	Bin1174	8	CP056059.1
9	123811	0.000000	Bin1177	9	CP056060.1
9	756486	0.722904	Bin1179	9	CP056060.1
9	905722	0.962713	Bin1180	9	CP056060.1
9	1049687	1.202521	Bin1181	9	CP056060.1
9	1260949	1.932461	Bin1182	9	CP056060.1
9	1801913	2.172270	Bin1183	9	CP056060.1
9	2317400	2.412079	Bin1184	9	CP056060.1
9	3363041	2.651887	Bin1185	9	CP056060.1
9	4724804	3.134983	Bin1186	9	CP056060.1
9	5668021	4.104731	Bin1188	9	CP056060.1
9	5937952	4.344540	Bin1189	9	CP056060.1
9	5987121	4.584349	Bin1190	9	CP056060.1
9	6558627	5.307253	Bin1192	9	CP056060.1
9	6670511	5.547061	Bin1193	9	CP056060.1
9	6857087	6.277001	Bin1194	9	CP056060.1
9	6945511	6.516810	Bin1195	9	CP056060.1
9	7048156	7.751441	Bin1196	9	CP056060.1
9	7531310	8.474345	Bin1198	9	CP056060.1
9	7880059	8.714153	Bin1199	9	CP056060.1
9	7961604	9.694577	Bin1200	9	CP056060.1
9	8114901	10.907612	Bin1202	9	CP056060.1
9	8285179	11.387230	Bin1204	9	CP056060.1
9	8458055	12.847270	Bin1207	9	CP056060.1
9	8929150	15.597687	Bin1209	9	CP056060.1
9	9067825	15.837496	Bin1210	9	CP056060.1
9	9248228	16.077305	Bin1211	9	CP056060.1
9	9445523	16.317113	Bin1212	9	CP056060.1
9	10071491	18.771976	Bin1215	9	CP056060.1
9	11147937	21.854928	Bin1217	9	CP056060.1
9	12776788	59.909820	Bin1218	9	CP056060.1
9	14234205	60.639760	Bin1219	9	CP056060.1
9	14463646	61.122855	Bin1220	9	CP056060.1
9	14515911	61.362664	Bin1221	9	CP056060.1
9	14604383	61.845759	Bin1222	9	CP056060.1
9	14872251	62.826183	Bin1223	9	CP056060.1
9	15417161	63.305800	Bin1225	9	CP056060.1
9	15636815	64.540431	Bin1226	9	CP056060.1
9	15871274	64.780240	Bin1227	9	CP056060.1
9	16061319	65.263335	Bin1228	9	CP056060.1
9	16136043	66.497966	Bin1229	9	CP056060.1
9	16284116	70.801696	Bin1230	9	CP056060.1
9	16922226	71.767887	Bin1232	9	CP056060.1
9	17138874	72.007696	Bin1233	9	CP056060.1
9	17276716	72.490791	Bin1234	9	CP056060.1
9	17417064	72.730600	Bin1235	9	CP056060.1
9	17547538	73.711024	Bin1236	9	CP056060.1
9	17658902	74.194119	Bin1237	9	CP056060.1
9	17729684	74.677215	Bin1238	9	CP056060.1
9	17940623	76.130059	Bin1241	9	CP056060.1
9	17957252	76.369867	Bin1242	9	CP056060.1
9	18031126	76.609676	Bin1243	9	CP056060.1
9	18128204	78.102324	Bin1244	9	CP056060.1
9	18190947	78.342133	Bin1245	9	CP056060.1
9	18264915	79.072073	Bin1246	9	CP056060.1
9	18339109	79.311881	Bin1247	9	CP056060.1
9	18451758	79.551690	Bin1248	9	CP056060.1
9	18551110	80.034786	Bin1249	9	CP056060.1
9	18592058	80.274594	Bin1250	9	CP056060.1
9	18658224	80.514403	Bin1251	9	CP056060.1
9	18713753	80.754211	Bin1252	9	CP056060.1
9	18769282	81.237307	Bin1253	9	CP056060.1
9	18838806	81.477116	Bin1254	9	CP056060.1
9	18884540	82.457539	Bin1255	9	CP056060.1
9	18939339	82.940635	Bin1256	9	CP056060.1
9	19012482	83.921058	Bin1257	9	CP056060.1
9	19063642	84.160867	Bin1258	9	CP056060.1
9	19091180	84.643962	Bin1259	9	CP056060.1
9	19180976	85.127058	Bin1260	9	CP056060.1
9	19308384	85.610153	Bin1261	9	CP056060.1
9	19486159	86.093249	Bin1262	9	CP056060.1
9	19743032	86.333058	Bin1263	9	CP056060.1
9	19946255	86.572866	Bin1264	9	CP056060.1
9	20056253	86.812675	Bin1265	9	CP056060.1
9	20145849	87.295770	Bin1266	9	CP056060.1
9	20274519	87.535579	Bin1267	9	CP056060.1
9	20362061	88.018675	Bin1268	9	CP056060.1
9	20408378	88.258483	Bin1269	9	CP056060.1
9	20562062	88.988423	Bin1270	9	CP056060.1
9	20716265	89.718363	Bin1271	9	CP056060.1
9	20844097	89.958172	Bin1272	9	CP056060.1
9	20948804	91.450820	Bin1273	9	CP056060.1
9	20979643	91.690628	Bin1274	9	CP056060.1
9	21002319	91.930437	Bin1275	9	CP056060.1
9	21067425	92.170246	Bin1276	9	CP056060.1
9	21134942	92.410054	Bin1277	9	CP056060.1
9	21182163	92.649863	Bin1278	9	CP056060.1
9	21218082	92.889672	Bin1279	9	CP056060.1
9	21290378	93.372767	Bin1280	9	CP056060.1
9	21364958	93.612576	Bin1281	9	CP056060.1
9	21406296	94.095671	Bin1282	9	CP056060.1
9	21460966	95.588319	Bin1283	9	CP056060.1
9	21582313	95.828128	Bin1284	9	CP056060.1
9	21778853	96.067937	Bin1285	9	CP056060.1
9	21975862	102.975454	Bin1286	9	CP056060.1
9	22111015	103.955877	Bin1287	9	CP056060.1
9	22144924	104.195686	Bin1288	9	CP056060.1
9	22206181	104.435494	Bin1289	9	CP056060.1
9	22366228	104.675303	Bin1290	9	CP056060.1
9	22767912	107.159809	Bin1292	9	CP056060.1
10	489894	0.000000	Bin1293	10	CP056061.1
10	1269685	0.722904	Bin1295	10	CP056061.1
10	1337034	2.477470	Bin1296	10	CP056061.1
10	1517670	2.717279	Bin1297	10	CP056061.1
10	2855220	3.919800	Bin1301	10	CP056061.1
10	3694415	7.002752	Bin1303	10	CP056061.1
10	5412272	10.003652	Bin1305	10	CP056061.1
10	6271738	11.223885	Bin1307	10	CP056061.1
10	6318541	11.463693	Bin1308	10	CP056061.1
10	6360634	11.703502	Bin1309	10	CP056061.1
10	7722402	12.183119	Bin1311	10	CP056061.1
10	8809108	12.422928	Bin1312	10	CP056061.1
10	10481831	13.145832	Bin1314	10	CP056061.1
10	10980200	13.385640	Bin1315	10	CP056061.1
10	11373716	13.625449	Bin1316	10	CP056061.1
10	11569198	13.865258	Bin1317	10	CP056061.1
10	12162851	14.105066	Bin1318	10	CP056061.1
10	13716472	18.440641	Bin1322	10	CP056061.1
10	13747756	18.680450	Bin1323	10	CP056061.1
10	13955728	20.133294	Bin1326	10	CP056061.1
10	14087390	22.393580	Bin1328	10	CP056061.1
10	14174077	22.633388	Bin1329	10	CP056061.1
10	15405596	24.893674	Bin1331	10	CP056061.1
10	15470353	25.376769	Bin1332	10	CP056061.1
10	15867818	26.342960	Bin1334	10	CP056061.1
10	16221224	27.323384	Bin1335	10	CP056061.1
10	16314913	27.563192	Bin1336	10	CP056061.1
10	16525207	29.055841	Bin1337	10	CP056061.1
10	16720148	29.538936	Bin1338	10	CP056061.1
10	16883812	33.244335	Bin1339	10	CP056061.1
10	16950351	33.484143	Bin1340	10	CP056061.1
10	16990662	33.723952	Bin1341	10	CP056061.1
10	17012118	33.963761	Bin1342	10	CP056061.1
10	17077068	34.443378	Bin1344	10	CP056061.1
10	17312605	36.920848	Bin1347	10	CP056061.1
10	17626799	37.160657	Bin1348	10	CP056061.1
10	18027094	40.866055	Bin1349	10	CP056061.1
10	18384578	42.086287	Bin1351	10	CP056061.1
10	18453748	42.326096	Bin1352	10	CP056061.1
10	18491688	43.306520	Bin1353	10	CP056061.1
10	19107380	47.442822	Bin1356	10	CP056061.1
10	19476412	47.682631	Bin1357	10	CP056061.1
10	19807332	47.922440	Bin1358	10	CP056061.1
10	20091604	49.415088	Bin1359	10	CP056061.1
10	20412074	49.898183	Bin1360	10	CP056061.1
10	20644177	50.628123	Bin1361	10	CP056061.1
10	20924646	51.862754	Bin1362	10	CP056061.1
10	21238794	56.743338	Bin1364	10	CP056061.1
10	21409624	57.473278	Bin1365	10	CP056061.1
10	21647779	57.713086	Bin1366	10	CP056061.1
10	21847311	61.126485	Bin1367	10	CP056061.1
10	22072582	61.366293	Bin1368	10	CP056061.1
10	22484449	64.170767	Bin1370	10	CP056061.1
10	22658276	64.900707	Bin1371	10	CP056061.1
10	23556010	73.736507	Bin1373	10	CP056061.1
10	24004029	73.976315	Bin1374	10	CP056061.1
10	24356686	74.216124	Bin1375	10	CP056061.1
10	24388721	78.519854	Bin1376	10	CP056061.1
10	24426872	78.759663	Bin1377	10	CP056061.1
10	24509187	79.242758	Bin1378	10	CP056061.1
10	24607832	79.725854	Bin1379	10	CP056061.1
10	24682942	80.208949	Bin1380	10	CP056061.1
10	24776793	81.701598	Bin1381	10	CP056061.1
10	24848499	81.941406	Bin1382	10	CP056061.1
10	24908429	82.424502	Bin1383	10	CP056061.1
10	24991137	82.664310	Bin1384	10	CP056061.1
10	25092051	83.644734	Bin1385	10	CP056061.1
10	25188098	83.884543	Bin1386	10	CP056061.1
10	25256391	84.124351	Bin1387	10	CP056061.1
10	25364898	84.854291	Bin1388	10	CP056061.1
10	25454301	85.094100	Bin1389	10	CP056061.1
10	25623049	85.333908	Bin1390	10	CP056061.1
11	183474	0.000000	Bin1391	11	CP056062.1
11	641205	3.945207	Bin1393	11	CP056062.1
11	806719	4.675147	Bin1394	11	CP056062.1
11	892762	5.158243	Bin1395	11	CP056062.1
11	1040771	5.398051	Bin1396	11	CP056062.1
11	1214593	5.637860	Bin1397	11	CP056062.1
11	1312318	5.877669	Bin1398	11	CP056062.1
11	1569042	13.494705	Bin1399	11	CP056062.1
11	1892745	13.734513	Bin1400	11	CP056062.1
11	2035545	14.217609	Bin1401	11	CP056062.1
11	2223877	15.972175	Bin1402	11	CP056062.1
11	2511719	16.952599	Bin1403	11	CP056062.1
11	2568520	17.192407	Bin1404	11	CP056062.1
11	2688664	17.922347	Bin1405	11	CP056062.1
11	2828174	18.162156	Bin1406	11	CP056062.1
11	3030708	21.151352	Bin1408	11	CP056062.1
11	3097549	21.391161	Bin1409	11	CP056062.1
11	3143863	21.630970	Bin1410	11	CP056062.1
11	3212015	21.870778	Bin1411	11	CP056062.1
11	3290640	22.110587	Bin1412	11	CP056062.1
11	3521932	23.091010	Bin1413	11	CP056062.1
11	3685067	25.655675	Bin1414	11	CP056062.1
11	3793044	25.895484	Bin1415	11	CP056062.1
11	3913100	26.135292	Bin1416	11	CP056062.1
11	3992022	27.115716	Bin1417	11	CP056062.1
11	4221806	27.355524	Bin1418	11	CP056062.1
11	4493502	30.964638	Bin1420	11	CP056062.1
11	4724586	31.687542	Bin1422	11	CP056062.1
11	5420470	32.657291	Bin1424	11	CP056062.1
11	5752058	37.819103	Bin1426	11	CP056062.1
11	6359849	38.298720	Bin1428	11	CP056062.1
11	6796196	40.319197	Bin1429	11	CP056062.1
11	7706483	46.277570	Bin1433	11	CP056062.1
11	7769672	46.517379	Bin1434	11	CP056062.1
11	7885542	49.360522	Bin1435	11	CP056062.1
11	7982526	50.340946	Bin1436	11	CP056062.1
11	8048691	50.580754	Bin1437	11	CP056062.1
11	8471384	52.073402	Bin1438	11	CP056062.1
11	9142492	52.313211	Bin1439	11	CP056062.1
11	9238158	52.796307	Bin1440	11	CP056062.1
11	9390953	53.036115	Bin1441	11	CP056062.1
11	9641455	53.275924	Bin1442	11	CP056062.1
11	9948632	54.979252	Bin1445	11	CP056062.1
11	10536030	56.711708	Bin1447	11	CP056062.1
11	10784238	57.194804	Bin1448	11	CP056062.1
11	10948821	57.434613	Bin1449	11	CP056062.1
11	12153676	57.914230	Bin1451	11	CP056062.1
11	14819852	58.154038	Bin1452	11	CP056062.1
11	18984941	59.113273	Bin1456	11	CP056062.1
11	19541526	60.083021	Bin1458	11	CP056062.1
11	19641700	60.322830	Bin1459	11	CP056062.1
11	20016634	61.557461	Bin1460	11	CP056062.1
11	20692330	62.527209	Bin1462	11	CP056062.1
11	21377687	65.331683	Bin1464	11	CP056062.1
11	21434453	65.571491	Bin1465	11	CP056062.1
11	21485596	66.551915	Bin1466	11	CP056062.1
11	21640286	67.532338	Bin1467	11	CP056062.1
11	21811959	68.512762	Bin1468	11	CP056062.1
11	21953995	69.242702	Bin1469	11	CP056062.1
11	22249123	69.482510	Bin1470	11	CP056062.1
11	22434441	70.462934	Bin1471	11	CP056062.1
11	22507606	71.432683	Bin1473	11	CP056062.1
11	22594873	71.672491	Bin1474	11	CP056062.1
11	22683393	71.912300	Bin1475	11	CP056062.1
11	22714158	73.146930	Bin1476	11	CP056062.1
11	22784617	75.437407	Bin1477	11	CP056062.1
11	23204927	77.910479	Bin1479	11	CP056062.1
11	23255629	78.150288	Bin1480	11	CP056062.1
11	23342304	78.390096	Bin1481	11	CP056062.1
11	23616469	78.629905	Bin1482	11	CP056062.1
11	24008384	79.352809	Bin1484	11	CP056062.1
11	24197855	80.587440	Bin1485	11	CP056062.1
11	24534883	80.827248	Bin1486	11	CP056062.1
11	24668713	81.310344	Bin1487	11	CP056062.1
11	24897407	82.544974	Bin1488	11	CP056062.1
11	25240260	83.997819	Bin1491	11	CP056062.1
11	25384155	84.480914	Bin1492	11	CP056062.1
11	25755548	85.447105	Bin1494	11	CP056062.1
11	26201680	92.152909	Bin1496	11	CP056062.1
11	26249702	92.392718	Bin1497	11	CP056062.1
11	26363206	92.632527	Bin1498	11	CP056062.1
11	26489316	92.872335	Bin1499	11	CP056062.1
11	26577312	93.602275	Bin1500	11	CP056062.1
11	26657775	93.842084	Bin1501	11	CP056062.1
11	26833478	94.321701	Bin1503	11	CP056062.1
11	27081938	94.804797	Bin1504	11	CP056062.1
11	27520390	96.268316	Bin1506	11	CP056062.1
11	27856903	100.572046	Bin1507	11	CP056062.1
11	28053565	101.552470	Bin1508	11	CP056062.1
11	28158641	101.792278	Bin1509	11	CP056062.1
11	28235367	102.032087	Bin1510	11	CP056062.1
11	28469816	103.491967	Bin1512	11	CP056062.1
11	28491730	103.731776	Bin1513	11	CP056062.1
11	28538884	103.971584	Bin1514	11	CP056062.1
11	28566185	104.211393	Bin1515	11	CP056062.1
11	28810791	107.255675	Bin1518	11	CP056062.1
11	29132834	107.738770	Bin1519	11	CP056062.1
11	29408607	107.978579	Bin1520	11	CP056062.1
11	29497944	108.218387	Bin1521	11	CP056062.1
11	29540944	108.458196	Bin1522	11	CP056062.1
11	29569247	108.698005	Bin1523	11	CP056062.1
11	29660365	109.181100	Bin1524	11	CP056062.1
11	29854492	109.420909	Bin1525	11	CP056062.1
11	30428627	111.636461	Bin1528	11	CP056062.1
11	30497446	111.876270	Bin1529	11	CP056062.1
11	30575531	112.846018	Bin1531	11	CP056062.1
11	30617001	113.329114	Bin1532	11	CP056062.1
11	31827016	115.512059	Bin1537	11	CP056062.1
11	32034446	116.241999	Bin1538	11	CP056062.1
11	32083305	116.481807	Bin1539	11	CP056062.1
11	32222020	116.721616	Bin1540	11	CP056062.1
12	402904	0.000000	Bin1541	12	CP056063.1
12	1049085	1.234631	Bin1542	12	CP056063.1
12	1283407	1.474439	Bin1543	12	CP056063.1
12	2165038	13.064520	Bin1544	12	CP056063.1
12	3101581	14.044944	Bin1545	12	CP056063.1
12	3173853	14.284752	Bin1546	12	CP056063.1
12	3596635	16.039318	Bin1547	12	CP056063.1
12	4925058	37.999765	Bin1549	12	CP056063.1
12	6468801	40.237426	Bin1551	12	CP056063.1
12	6749194	40.717044	Bin1553	12	CP056063.1
12	8360236	42.951227	Bin1556	12	CP056063.1
12	9410579	43.191035	Bin1557	12	CP056063.1
12	10030056	43.670653	Bin1559	12	CP056063.1
12	10047381	43.910461	Bin1560	12	CP056063.1
12	10609716	44.150270	Bin1561	12	CP056063.1
12	11251584	44.633365	Bin1562	12	CP056063.1
12	15612861	45.596078	Bin1565	12	CP056063.1
12	16728988	46.079174	Bin1566	12	CP056063.1
12	17682305	47.775305	Bin1569	12	CP056063.1
12	17797011	48.015113	Bin1570	12	CP056063.1
12	18422434	49.228149	Bin1572	12	CP056063.1
12	18523891	50.208572	Bin1573	12	CP056063.1
12	18583195	50.448381	Bin1574	12	CP056063.1
12	19000135	54.393588	Bin1576	12	CP056063.1
12	19210805	55.123528	Bin1577	12	CP056063.1
12	19371968	55.853468	Bin1578	12	CP056063.1
12	19601674	56.336564	Bin1579	12	CP056063.1
12	19690455	56.576372	Bin1580	12	CP056063.1
12	20875451	62.892836	Bin1585	12	CP056063.1
12	21110227	68.131784	Bin1586	12	CP056063.1
12	21309607	68.371593	Bin1587	12	CP056063.1
12	21536633	68.854688	Bin1588	12	CP056063.1
12	21889546	69.094497	Bin1589	12	CP056063.1
12	22133366	76.353597	Bin1590	12	CP056063.1
12	22581681	77.573830	Bin1592	12	CP056063.1
12	22775189	77.813638	Bin1593	12	CP056063.1
12	22965667	81.519037	Bin1594	12	CP056063.1
12	23054390	83.011685	Bin1595	12	CP056063.1
12	23395967	83.977876	Bin1597	12	CP056063.1
12	23435073	84.460972	Bin1598	12	CP056063.1
12	23495097	84.944067	Bin1599	12	CP056063.1
12	23581707	86.698633	Bin1600	12	CP056063.1
12	23742200	87.181729	Bin1601	12	CP056063.1
12	23995350	87.661346	Bin1603	12	CP056063.1
12	24083853	87.901154	Bin1604	12	CP056063.1
12	24270469	91.903290	Bin1605	12	CP056063.1
12	24557468	92.143098	Bin1606	12	CP056063.1
12	24796644	93.123522	Bin1607	12	CP056063.1
12	24827501	93.363331	Bin1608	12	CP056063.1
12	24867996	94.093271	Bin1609	12	CP056063.1
12	25015039	96.113748	Bin1610	12	CP056063.1
12	25161369	96.843687	Bin1611	12	CP056063.1
12	25284825	97.083496	Bin1612	12	CP056063.1
12	25483741	104.342597	Bin1613	12	CP056063.1
12	25755642	104.825692	Bin1614	12	CP056063.1
12	25926535	105.065501	Bin1615	12	CP056063.1
12	26046819	106.045924	Bin1616	12	CP056063.1
12	26181421	106.285733	Bin1617	12	CP056063.1
12	26428707	106.768828	Bin1618	12	CP056063.1
