chr	pos	cM	bin	source_chr	tigr6_seqid	tigr6_pos	asm465v1_seqid	asm465v1_start0	asm465v1_end0	strand
1	721626	0.239809	Bin2	1	chr01|13101	581800	1	721625	721626	+
1	1448939	2.673076	Bin6	1	chr01|13101	1183829	1	1448938	1448939	+
1	1544080	4.693553	Bin7	1	chr01|13101	1270318	1	1544079	1544080	+
1	1728228	4.933362	Bin8	1	chr01|13101	1412852	1	1728227	1728228	+
1	1989114	6.146397	Bin10	1	chr01|13101	1634208	1	1989113	1989114	+
1	2083611	7.381028	Bin11	1	chr01|13101	1725282	1	2083610	2083611	+
1	2116914	7.620837	Bin12	1	chr01|13101	1759356	1	2116913	2116914	+
1	2220542	8.350777	Bin13	1	chr01|13101	1866618	1	2220541	2220542	+
1	2456883	9.843425	Bin14	1	chr01|13101	2087494	1	2456882	2456883	+
1	3181824	11.815690	Bin17	1	chr01|13101	2713615	1	3181823	3181824	+
1	3332822	12.055499	Bin18	1	chr01|13101	2858218	1	3332821	3332822	+
1	3912872	14.270553	Bin20	1	chr01|13101	3479786	1	3912871	3912872	+
1	3998507	14.510362	Bin21	1	chr01|13101	3549984	1	3998506	3998507	+
1	4066859	15.490785	Bin22	1	chr01|13101	3598680	1	4066858	4066859	+
1	4100868	15.973881	Bin23	1	chr01|13101	3637896	1	4100867	4100868	+
1	4139766	16.456976	Bin24	1	chr01|13101	3678592	1	4139765	4139766	+
1	4471478	16.940072	Bin25	1	chr01|13101	4001304	1	4471477	4471478	+
1	4975188	23.399251	Bin28	1	chr01|13101	4565034	1	4975187	4975188	+
1	5029094	24.379675	Bin29	1	chr01|13101	4614460	1	5029093	5029094	+
1	5105411	24.862771	Bin30	1	chr01|13101	4697086	1	5105410	5105411	+
1	5235980	26.097401	Bin31	1	chr01|13101	4832373	1	5235979	5235980	+
1	5351981	26.580497	Bin32	1	chr01|13101	4972319	1	5351980	5351981	+
1	5490927	27.063592	Bin33	1	chr01|13101	5098072	1	5490926	5490927	+
1	5605829	30.476991	Bin34	1	chr01|13101	5208046	1	5605828	5605829	+
1	5684228	30.716799	Bin35	1	chr01|13101	5284234	1	5684227	5684228	+
1	5786160	31.682991	Bin37	1	chr01|13101	5390564	1	5786159	5786160	+
1	5847367	32.917621	Bin38	1	chr01|13101	5447862	1	5847366	5847367	+
1	5984152	33.647561	Bin39	1	chr01|13101	5582774	1	5984151	5984152	+
1	6123462	33.887370	Bin40	1	chr01|13101	5712010	1	6123461	6123462	+
1	6277178	34.610274	Bin42	1	chr01|13101	5840215	1	6277177	6277178	+
1	6424152	34.850083	Bin43	1	chr01|13101	5979565	1	6424151	6424152	+
1	6570603	35.089891	Bin44	1	chr01|13101	6127659	1	6570602	6570603	+
1	6654782	35.329700	Bin45	1	chr01|13101	6223468	1	6654781	6654782	+
1	6700359	36.059640	Bin46	1	chr01|13101	6251884	1	6700358	6700359	+
1	6860253	36.299448	Bin47	1	chr01|13101	6401703	1	6860252	6860253	+
1	7025038	36.782544	Bin48	1	chr01|13101	6564164	1	7025037	7025038	+
1	7172674	37.265639	Bin49	1	chr01|13101	6694014	1	7172673	7172674	+
1	7607331	38.246063	Bin50	1	chr01|13101	7091541	1	7607330	7607331	+
1	8543942	49.836144	Bin51	1	chr01|13101	7886440	1	8543941	8543942	+
1	9385875	52.962162	Bin52	1	chr01|13101	8534983	1	9385874	9385875	+
1	9597433	53.692102	Bin53	1	chr01|13101	8743130	1	9597432	9597433	+
1	9845882	53.931910	Bin54	1	chr01|13101	8991355	1	9845881	9845882	+
1	10117299	54.415006	Bin55	1	chr01|13101	9203455	1	10117298	10117299	+
1	10227855	54.654814	Bin56	1	chr01|13101	9304043	1	10227854	10227855	+
1	10478486	61.216924	Bin57	1	chr01|13101	9549232	1	10478485	10478486	+
1	10734568	61.456732	Bin58	1	chr01|13101	9795362	1	10734567	10734568	+
1	11568230	63.929804	Bin60	1	chr01|13101	10534394	1	11568229	11568230	+
1	11640924	64.412900	Bin61	1	chr01|13101	10602390	1	11640923	11640924	+
1	11705722	64.652708	Bin62	1	chr01|13101	10668785	1	11705721	11705722	+
1	11820463	65.135804	Bin63	1	chr01|13101	10822434	1	11820462	11820463	+
1	11928494	65.375612	Bin64	1	chr01|13101	10943658	1	11928493	11928494	+
1	12335675	66.356036	Bin65	1	chr01|13101	11261341	1	12335674	12335675	+
1	12878560	70.966346	Bin66	1	chr01|13101	11823246	1	12878559	12878560	+
1	13203236	71.946769	Bin67	1	chr01|13101	12138116	1	13203235	13203236	+
1	13374228	72.186578	Bin68	1	chr01|13101	12277468	1	13374227	13374228	+
1	13782480	74.477055	Bin69	1	chr01|13101	12512537	1	13782479	13782480	+
1	13946527	74.716863	Bin70	1	chr01|13101	12671892	1	13946526	13946527	+
1	14001958	75.199959	Bin71	1	chr01|13101	12728137	1	14001957	14001958	+
1	15487726	76.899808	Bin75	1	chr01|13101	13993932	1	15487725	15487726	+
1	15587365	77.139617	Bin76	1	chr01|13101	14078676	1	15587364	15587365	+
1	15742531	77.379425	Bin77	1	chr01|13101	14184781	1	15742530	15742531	+
1	15859462	77.619234	Bin78	1	chr01|13101	14307350	1	15859461	15859462	+
1	15997726	78.349174	Bin79	1	chr01|13101	14423625	1	15997725	15997726	+
1	16107599	78.588983	Bin80	1	chr01|13101	14506898	1	16107598	16107599	+
1	16160381	79.569406	Bin81	1	chr01|13101	14576207	1	16160380	16160381	+
1	16591484	79.809215	Bin82	1	chr01|13101	14959032	1	16591483	16591484	+
1	17034983	80.539155	Bin83	1	chr01|13101	15393072	1	17034982	17034983	+
1	20422697	81.748712	Bin86	1	chr01|13101	18355088	1	20422696	20422697	+
1	20503495	81.988521	Bin87	1	chr01|13101	18393679	1	20503494	20503495	+
1	20621410	82.228329	Bin88	1	chr01|13101	18468446	1	20621409	20621410	+
1	20883391	82.711425	Bin89	1	chr01|13101	18653160	1	20883390	20883391	+
1	21330621	83.691848	Bin90	1	chr01|13101	18988426	1	21330620	21330621	+
1	21965094	84.414753	Bin92	1	chr01|13101	19407879	1	21965093	21965094	+
1	22077217	84.654561	Bin93	1	chr01|13101	19533048	1	22077216	22077217	+
1	22742622	85.373987	Bin96	1	chr01|13101	20389404	1	22742621	22742622	+
1	22804295	85.857083	Bin97	1	chr01|13101	20449162	1	22804294	22804295	+
1	22829547	86.340178	Bin98	1	chr01|13101	20470818	1	22829546	22829547	+
1	22890768	87.070118	Bin99	1	chr01|13101	20517525	1	22890767	22890768	+
1	23209320	88.283154	Bin101	1	chr01|13101	20931940	1	23209319	23209320	+
1	23340679	88.522962	Bin102	1	chr01|13101	21063312	1	23340678	23340679	+
1	24649237	98.630232	Bin104	1	chr01|13101	22279089	1	24649236	24649237	+
1	25027670	98.870041	Bin105	1	chr01|13101	22555935	1	25027669	25027670	+
1	25101620	99.109850	Bin106	1	chr01|13101	22613546	1	25101619	25101620	+
1	25200892	99.349658	Bin107	1	chr01|13101	22686762	1	25200891	25200892	+
1	25260723	99.832754	Bin108	1	chr01|13101	22750983	1	25260722	25260723	+
1	25372224	100.072562	Bin109	1	chr01|13101	22807786	1	25372223	25372224	+
1	25513454	100.555658	Bin110	1	chr01|13101	22863686	1	25513453	25513454	+
1	25601866	100.795467	Bin111	1	chr01|13101	22939521	1	25601865	25601866	+
1	25791770	102.008502	Bin113	1	chr01|13101	23156308	1	25791769	25791770	+
1	25863484	102.491598	Bin114	1	chr01|13101	23235600	1	25863483	25863484	+
1	25982590	102.731406	Bin115	1	chr01|13101	23347296	1	25982589	25982590	+
1	26247946	103.461346	Bin116	1	chr01|13101	23539159	1	26247945	26247946	+
1	26656709	104.184250	Bin118	1	chr01|13101	23798457	1	26656708	26656709	+
1	26870993	105.676899	Bin119	1	chr01|13101	23946521	1	26870992	26870993	+
1	27009664	106.657322	Bin120	1	chr01|13101	24023372	1	27009663	27009664	+
1	27126701	106.897131	Bin121	1	chr01|13101	24129287	1	27126700	27126701	+
1	27299825	107.136939	Bin122	1	chr01|13101	24294010	1	27299824	27299825	+
1	27528098	113.026091	Bin123	1	chr01|13101	24482642	1	27528097	27528098	+
1	27853888	113.995840	Bin125	1	chr01|13101	24794244	1	27853887	27853888	+
1	27911491	114.235648	Bin126	1	chr01|13101	24844084	1	27911490	27911491	+
1	28094495	114.475457	Bin127	1	chr01|13101	24995472	1	28094494	28094495	+
1	28410022	115.205397	Bin128	1	chr01|13101	25287448	1	28410021	28410022	+
1	29072696	115.445205	Bin129	1	chr01|13101	25846804	1	29072695	29072696	+
1	29743609	118.571223	Bin130	1	chr01|13101	26537120	1	29743608	29743609	+
1	30265560	118.811032	Bin131	1	chr01|13101	27077903	1	30265559	30265560	+
1	30929745	126.792539	Bin132	1	chr01|13101	27660418	1	30929744	30929745	+
1	31334217	128.027170	Bin133	1	chr01|13101	28053522	1	31334216	31334217	+
1	31529512	128.266978	Bin134	1	chr01|13101	28253664	1	31529511	31529512	+
1	31706648	128.750074	Bin135	1	chr01|13101	28419682	1	31706647	31706648	+
1	31952126	129.719823	Bin137	1	chr01|13101	28640344	1	31952125	31952126	+
1	32059827	129.959631	Bin138	1	chr01|13101	28745904	1	32059826	32059827	+
1	32189687	130.199440	Bin139	1	chr01|13101	28890903	1	32189686	32189687	+
1	32698413	130.929380	Bin140	1	chr01|13101	29470353	1	32698412	32698413	+
1	33260017	134.634778	Bin141	1	chr01|13101	30030744	1	33260016	33260017	+
1	33348824	135.117874	Bin142	1	chr01|13101	30115600	1	33348823	33348824	+
1	33401688	135.357683	Bin143	1	chr01|13101	30173424	1	33401687	33401688	+
1	33562035	136.087623	Bin144	1	chr01|13101	30330788	1	33562034	33562035	+
1	33715670	136.327431	Bin145	1	chr01|13101	30484851	1	33715669	33715670	+
1	33752849	136.567240	Bin146	1	chr01|13101	30523234	1	33752848	33752849	+
1	33780249	136.807048	Bin147	1	chr01|13101	30554058	1	33780248	33780249	+
1	33926246	137.046857	Bin148	1	chr01|13101	30726130	1	33926245	33926246	+
1	34118948	137.286666	Bin149	1	chr01|13101	30931126	1	34118947	34118948	+
1	34207502	137.526474	Bin150	1	chr01|13101	31003161	1	34207501	34207502	+
1	34236457	137.766283	Bin151	1	chr01|13101	31043030	1	34236456	34236457	+
1	34536157	138.006091	Bin152	1	chr01|13101	31352310	1	34536156	34536157	+
1	34892333	138.245900	Bin153	1	chr01|13101	31677091	1	34892332	34892333	+
1	34945678	138.485709	Bin154	1	chr01|13101	31726018	1	34945677	34945678	+
1	35045504	138.725517	Bin155	1	chr01|13101	31801986	1	35045503	35045504	+
1	35169162	138.965326	Bin156	1	chr01|13101	31904547	1	35169161	35169162	+
1	35314802	139.205135	Bin157	1	chr01|13101	32030613	1	35314801	35314802	+
1	35449087	139.688230	Bin158	1	chr01|13101	32141342	1	35449086	35449087	+
1	35594626	140.654421	Bin160	1	chr01|13101	32283303	1	35594625	35594626	+
1	36094476	144.020248	Bin162	1	chr01|13101	32807308	1	36094475	36094476	+
1	36499966	145.254878	Bin163	1	chr01|13101	33090579	1	36499965	36499966	+
1	37137203	145.734495	Bin165	1	chr01|13101	33729414	1	37137202	37137203	+
1	37649034	145.974304	Bin166	1	chr01|13101	34262148	1	37649033	37649034	+
1	38184885	146.214113	Bin167	1	chr01|13101	34713220	1	38184884	38184885	+
1	38267275	146.453921	Bin168	1	chr01|13101	34801912	1	38267274	38267275	+
1	38423750	146.937017	Bin169	1	chr01|13101	34967234	1	38423749	38423750	+
1	38545555	147.176825	Bin170	1	chr01|13101	35104178	1	38545554	38545555	+
1	38756158	147.659921	Bin171	1	chr01|13101	35337609	1	38756157	38756158	+
1	39007425	148.143017	Bin172	1	chr01|13101	35593304	1	39007424	39007425	+
1	39112185	148.382825	Bin173	1	chr01|13101	35709283	1	39112184	39112185	+
1	39307027	148.622634	Bin174	1	chr01|13101	35869193	1	39307026	39307027	+
1	39540166	149.857264	Bin175	1	chr01|13101	36117556	1	39540165	39540166	+
1	39914601	150.097073	Bin176	1	chr01|13101	36404266	1	39914600	39914601	+
1	40414599	150.336882	Bin177	1	chr01|13101	36934908	1	40414598	40414599	+
1	41037337	152.357359	Bin178	1	chr01|13101	37477283	1	41037336	41037337	+
1	41291034	152.597167	Bin179	1	chr01|13101	37729182	1	41291033	41291034	+
1	41443321	152.836976	Bin180	1	chr01|13101	37847554	1	41443320	41443321	+
1	41512079	153.076784	Bin181	1	chr01|13101	37909868	1	41512078	41512079	+
1	41619589	153.806724	Bin182	1	chr01|13101	38017731	1	41619588	41619589	+
1	41744134	154.046533	Bin183	1	chr01|13101	38138058	1	41744133	41744134	+
1	41976704	155.016282	Bin185	1	chr01|13101	38355017	1	41976703	41976704	+
1	42010780	155.256090	Bin186	1	chr01|13101	38392298	1	42010779	42010780	+
1	42154892	157.010656	Bin187	1	chr01|13101	38524462	1	42154891	42154892	+
1	42728662	160.535764	Bin189	1	chr01|13101	39065053	1	42728661	42728662	+
1	42903297	161.018859	Bin190	1	chr01|13101	39229606	1	42903296	42903297	+
1	43259462	161.501955	Bin191	1	chr01|13101	39566180	1	43259461	43259462	+
1	43502429	163.522432	Bin192	1	chr01|13101	39800796	1	43502428	43502429	+
1	43698295	163.762240	Bin193	1	chr01|13101	39969210	1	43698294	43698295	+
1	44101131	174.495087	Bin194	1	chr01|13101	40294189	1	44101130	44101131	+
1	44343467	178.200486	Bin195	1	chr01|13101	40554772	1	44343466	44343467	+
1	44637093	178.440294	Bin196	1	chr01|13101	40766772	1	44637092	44637093	+
1	44874383	182.744025	Bin197	1	chr01|13101	40927542	1	44874382	44874383	+
1	45766430	188.632219	Bin200	1	chr01|13101	41729110	1	45766429	45766430	+
1	45910507	190.342583	Bin202	1	chr01|13101	41895430	1	45910506	45910507	+
1	46045558	190.825679	Bin203	1	chr01|13101	42010603	1	46045557	46045558	+
1	46120022	191.555619	Bin204	1	chr01|13101	42060136	1	46120021	46120022	+
1	46138188	192.038714	Bin205	1	chr01|13101	42079079	1	46138187	46138188	+
1	46190021	192.278523	Bin206	1	chr01|13101	42135116	1	46190020	46190021	+
1	46249542	192.761618	Bin207	1	chr01|13101	42196840	1	46249541	46249542	+
1	46286470	193.742042	Bin208	1	chr01|13101	42230693	1	46286469	46286470	+
1	46337662	194.225137	Bin209	1	chr01|13101	42281969	1	46337661	46337662	+
1	46422209	194.955077	Bin210	1	chr01|13101	42344297	1	46422208	46422209	+
1	46474413	195.438173	Bin211	1	chr01|13101	42398084	1	46474412	46474413	+
1	46654997	196.168113	Bin212	1	chr01|13101	42602085	1	46654996	46654997	+
1	46868083	197.660761	Bin213	1	chr01|13101	42832147	1	46868082	46868083	+
1	46928706	198.143857	Bin214	1	chr01|13101	42905546	1	46928705	46928706	+
1	46968448	199.636505	Bin215	1	chr01|13101	42942818	1	46968447	46968448	+
1	47047410	199.876313	Bin216	1	chr01|13101	43010956	1	47047409	47047410	+
2	53092	0.000000	Bin218	2	chr02|13102	52754	2	53091	53092	+
2	163511	0.239809	Bin219	2	chr02|13102	159160	2	163510	163511	+
2	323506	3.945207	Bin220	2	chr02|13102	333654	2	323505	323506	+
2	506903	4.675147	Bin221	2	chr02|13102	474644	2	506902	506903	+
2	575808	5.158243	Bin222	2	chr02|13102	531576	2	575807	575808	+
2	672950	5.398051	Bin223	2	chr02|13102	635938	2	672949	672950	+
2	757192	5.881147	Bin224	2	chr02|13102	737394	2	757191	757192	+
2	830907	6.364242	Bin225	2	chr02|13102	801232	2	830906	830907	+
2	865968	6.604051	Bin226	2	chr02|13102	836328	2	865967	865968	+
2	948895	7.584475	Bin227	2	chr02|13102	911411	2	948894	948895	+
2	1162610	8.564898	Bin228	2	chr02|13102	1064168	2	1162609	1162610	+
2	1267796	8.804707	Bin229	2	chr02|13102	1172232	2	1267795	1267796	+
2	1312680	9.044515	Bin230	2	chr02|13102	1216636	2	1312679	1312680	+
2	1367010	9.284324	Bin231	2	chr02|13102	1273457	2	1367009	1367010	+
2	1490082	10.014264	Bin232	2	chr02|13102	1399091	2	1490081	1490082	+
2	1720988	10.744204	Bin233	2	chr02|13102	1566659	2	1720987	1720988	+
2	1931500	13.870222	Bin234	2	chr02|13102	1747231	2	1931499	1931500	+
2	2168192	14.353317	Bin235	2	chr02|13102	1971397	2	2168191	2168192	+
2	2317418	14.593126	Bin236	2	chr02|13102	2099700	2	2317417	2317418	+
2	2588467	15.323066	Bin237	2	chr02|13102	2338032	2	2588466	2588467	+
2	3039041	15.562875	Bin238	2	chr02|13102	2609185	2	3039040	3039041	+
2	3220791	17.026394	Bin240	2	chr02|13102	2808158	2	3220790	3220791	+
2	3735544	17.749298	Bin242	2	chr02|13102	3188672	2	3735543	3735544	+
2	3960748	17.989106	Bin243	2	chr02|13102	3359946	2	3960747	3960748	+
2	4426463	32.373210	Bin244	2	chr02|13102	3757001	2	4426462	4426463	+
2	4795200	33.353634	Bin245	2	chr02|13102	4100589	2	4795199	4795200	+
2	4930543	33.593442	Bin246	2	chr02|13102	4221682	2	4930542	4930543	+
2	5025550	33.833251	Bin247	2	chr02|13102	4315202	2	5025549	5025550	+
2	5195917	34.813674	Bin248	2	chr02|13102	4485766	2	5195916	5195917	+
2	5423640	36.306323	Bin249	2	chr02|13102	4676616	2	5423639	5423640	+
2	5632936	36.546131	Bin250	2	chr02|13102	4814571	2	5632935	5632936	+
2	5751101	38.566608	Bin251	2	chr02|13102	4936533	2	5751100	5751101	+
2	5872525	38.806417	Bin252	2	chr02|13102	5029004	2	5872524	5872525	+
2	6090429	39.536357	Bin253	2	chr02|13102	5231936	2	6090428	6090429	+
2	6536365	47.153393	Bin254	2	chr02|13102	5647744	2	6536364	6536365	+
2	7079254	48.885850	Bin256	2	chr02|13102	6161152	2	7079253	7079254	+
2	7361576	49.125658	Bin257	2	chr02|13102	6311514	2	7361575	7361576	+
2	7555201	50.106082	Bin258	2	chr02|13102	6605221	2	7555200	7555201	+
2	7973347	54.838157	Bin260	2	chr02|13102	7048434	2	7973346	7973347	+
2	8090403	55.077966	Bin261	2	chr02|13102	7167164	2	8090402	8090403	+
2	8241256	55.807906	Bin262	2	chr02|13102	7315134	2	8241255	8241256	+
2	8409609	61.046853	Bin263	2	chr02|13102	7476820	2	8409608	8409609	+
2	8642352	61.529949	Bin264	2	chr02|13102	7714092	2	8642351	8642352	+
2	9338886	62.009566	Bin266	2	chr02|13102	8367594	2	9338885	9338886	+
2	9738561	62.492662	Bin267	2	chr02|13102	8765068	2	9738560	9738561	+
2	9959693	63.462410	Bin269	2	chr02|13102	8948093	2	9959692	9959693	+
2	10082235	63.702219	Bin270	2	chr02|13102	9069774	2	10082234	10082235	+
2	10328063	64.668410	Bin272	2	chr02|13102	9527600	2	10328062	10328063	+
2	10584191	64.908219	Bin273	2	chr02|13102	9760948	2	10584190	10584191	+
2	10878186	65.148027	Bin274	2	chr02|13102	10056706	2	10878185	10878186	+
2	11283110	66.128451	Bin275	2	chr02|13102	10468518	2	11283109	11283110	+
2	11717008	67.621099	Bin276	2	chr02|13102	10921777	2	11717007	11717008	+
2	12383276	67.860908	Bin277	2	chr02|13102	11565912	2	12383275	12383276	+
2	12828673	68.100716	Bin278	2	chr02|13102	12068180	2	12828672	12828673	+
2	14833100	70.665381	Bin279	2	chr02|13102	13979276	2	14833099	14833100	+
2	17077532	71.148476	Bin280	2	chr02|13102	15869012	2	17077531	17077532	+
2	17180404	71.388285	Bin281	2	chr02|13102	15983528	2	17180403	17180404	+
2	17313802	71.628094	Bin282	2	chr02|13102	16116908	2	17313801	17313802	+
2	17362823	71.867902	Bin283	2	chr02|13102	16174285	2	17362822	17362823	+
2	17510818	72.107711	Bin284	2	chr02|13102	16327773	2	17510817	17510818	+
2	17705568	72.347520	Bin285	2	chr02|13102	16501599	2	17705567	17705568	+
2	18669927	72.587328	Bin286	2	chr02|13102	17307016	2	18669926	18669927	-
2	19426317	73.070424	Bin287	2	chr02|13102	18095469	2	19426316	19426317	+
2	19827963	73.550041	Bin289	2	chr02|13102	18493158	2	19827962	19827963	+
2	19941757	73.789850	Bin290	2	chr02|13102	18581350	2	19941756	19941757	+
2	20066373	74.759598	Bin292	2	chr02|13102	18717283	2	20066372	20066373	+
2	20116101	74.999407	Bin293	2	chr02|13102	18773426	2	20116100	20116101	+
2	20305504	75.729347	Bin294	2	chr02|13102	18935420	2	20305503	20305504	+
2	20593427	77.461803	Bin296	2	chr02|13102	19212316	2	20593426	20593427	+
2	20646686	77.701612	Bin297	2	chr02|13102	19266026	2	20646685	20646686	+
2	20823878	77.941421	Bin298	2	chr02|13102	19398150	2	20823877	20823878	+
2	21169942	78.911169	Bin300	2	chr02|13102	19606450	2	21169941	21169942	+
2	21220555	79.150978	Bin301	2	chr02|13102	19657775	2	21220554	21220555	+
2	21279045	79.634073	Bin302	2	chr02|13102	19710068	2	21279044	21279045	+
2	21469223	79.873882	Bin303	2	chr02|13102	19803092	2	21469222	21469223	+
2	21584241	80.356978	Bin304	2	chr02|13102	19914189	2	21584240	21584241	+
2	21659112	81.086918	Bin305	2	chr02|13102	19989785	2	21659111	21659112	+
2	21701870	81.570013	Bin306	2	chr02|13102	20032584	2	21701869	21701870	+
2	21761314	81.809822	Bin307	2	chr02|13102	20079654	2	21761313	21761314	+
2	21872561	82.292917	Bin308	2	chr02|13102	20190280	2	21872560	21872561	+
2	22062861	82.776013	Bin309	2	chr02|13102	20399155	2	22062860	22062861	+
2	22232930	83.015821	Bin310	2	chr02|13102	20594442	2	22232929	22232930	+
2	26394324	136.015694	Bin311	2	chr02|13102	24642392	2	26394323	26394324	+
2	30534201	136.745634	Bin312	2	chr02|13102	28670623	2	30534200	30534201	+
2	30825050	137.228730	Bin313	2	chr02|13102	28957112	2	30825049	30825050	+
2	31158149	138.721378	Bin314	2	chr02|13102	29292931	2	31158148	31158149	+
2	31294115	138.961186	Bin315	2	chr02|13102	29419902	2	31294114	31294115	+
2	31415654	139.444282	Bin316	2	chr02|13102	29515129	2	31415653	31415654	+
2	31719607	139.684090	Bin317	2	chr02|13102	29793153	2	31719606	31719607	+
2	32589002	140.904323	Bin319	2	chr02|13102	30589637	2	32589001	32589002	+
2	32672096	141.884746	Bin320	2	chr02|13102	30686816	2	32672095	32672096	+
2	32759132	142.124555	Bin321	2	chr02|13102	30772740	2	32759131	32759132	+
2	32933305	143.617203	Bin322	2	chr02|13102	30922676	2	32933304	32933305	+
2	33171975	145.109851	Bin323	2	chr02|13102	31134424	2	33171974	33171975	+
2	33276537	145.592947	Bin324	2	chr02|13102	31230266	2	33276536	33276537	+
2	33501322	146.315851	Bin326	2	chr02|13102	31461411	2	33501321	33501322	+
2	33580913	146.555659	Bin327	2	chr02|13102	31538252	2	33580912	33580913	+
2	33602175	146.795468	Bin328	2	chr02|13102	31569525	2	33602174	33602175	+
2	33652378	147.525408	Bin329	2	chr02|13102	31621014	2	33652377	33652378	+
2	33865132	147.765217	Bin330	2	chr02|13102	31814997	2	33865131	33865132	+
2	34182054	148.005025	Bin331	2	chr02|13102	32123308	2	34182053	34182054	+
2	34966048	149.239656	Bin332	2	chr02|13102	32854560	2	34966047	34966048	+
2	35702328	156.147173	Bin333	2	chr02|13102	33595857	2	35702327	35702328	+
2	35861410	156.386981	Bin334	2	chr02|13102	33751828	2	35861409	35861410	+
2	35991810	157.879630	Bin335	2	chr02|13102	33874807	2	35991809	35991810	+
2	36183149	161.005647	Bin336	2	chr02|13102	34079060	2	36183148	36183149	+
2	36294741	161.986071	Bin337	2	chr02|13102	34229824	2	36294740	36294741	+
2	36370507	162.469167	Bin338	2	chr02|13102	34316624	2	36370506	36370507	+
2	36443213	162.708975	Bin339	2	chr02|13102	34363496	2	36443212	36443213	+
2	36504982	163.192071	Bin340	2	chr02|13102	34429070	2	36504981	36504982	+
2	36790949	164.154784	Bin343	2	chr02|13102	34661611	2	36790948	36790949	+
2	37045210	166.685069	Bin345	2	chr02|13102	34917944	2	37045209	37045210	+
2	37210883	167.168164	Bin346	2	chr02|13102	35038300	2	37210882	37210883	+
2	37307000	167.651260	Bin347	2	chr02|13102	35116242	2	37306999	37307000	+
2	37332885	169.671737	Bin348	2	chr02|13102	35141881	2	37332884	37332885	+
2	37381323	169.911546	Bin349	2	chr02|13102	35181940	2	37381322	37381323	+
2	37426395	170.394641	Bin350	2	chr02|13102	35226733	2	37426394	37426395	+
2	37484496	171.124581	Bin351	2	chr02|13102	35283554	2	37484495	37484496	+
2	37563393	171.364390	Bin352	2	chr02|13102	35350714	2	37563392	37563393	+
2	37616205	174.207533	Bin353	2	chr02|13102	35402484	2	37616204	37616205	+
2	37728713	174.447341	Bin354	2	chr02|13102	35565926	2	37728712	37728713	+
2	38043332	175.413532	Bin356	2	chr02|13102	35839786	2	38043331	38043332	+
3	375837	0.000000	Bin357	3	chr03|13103	132592	3	375836	375837	+
3	675845	0.969749	Bin359	3	chr03|13103	448159	3	675844	675845	+
3	1680009	10.680998	Bin361	3	chr03|13103	1479036	3	1680008	1680009	+
3	2092537	11.164093	Bin362	3	chr03|13103	1858781	3	2092536	2092537	+
3	2256778	11.403902	Bin363	3	chr03|13103	1985661	3	2256777	2256778	+
3	2510036	12.384325	Bin364	3	chr03|13103	2127842	3	2510035	2510036	+
3	2646907	14.887898	Bin366	3	chr03|13103	2270726	3	2646906	2646907	+
3	3036093	15.367515	Bin368	3	chr03|13103	2575466	3	3036092	3036093	+
3	3125992	16.347939	Bin369	3	chr03|13103	2679437	3	3125991	3125992	+
3	3377779	16.587747	Bin370	3	chr03|13103	2923387	3	3377778	3377779	+
3	3640848	17.317687	Bin371	3	chr03|13103	3174854	3	3640847	3640848	+
3	3714516	20.160830	Bin372	3	chr03|13103	3249858	3	3714515	3714516	+
3	3873521	20.640448	Bin374	3	chr03|13103	3411762	3	3873520	3873521	+
3	4081762	22.660924	Bin375	3	chr03|13103	3631026	3	4081761	4081762	+
3	4587548	35.143658	Bin376	3	chr03|13103	4183742	3	4587547	4587548	+
3	5151653	35.383467	Bin377	3	chr03|13103	4740045	3	5151652	5151653	+
3	5681945	37.673944	Bin378	3	chr03|13103	5204127	3	5681944	5681945	+
3	6045420	39.428510	Bin379	3	chr03|13103	5567751	3	6045419	6045420	+
3	6219942	40.158450	Bin380	3	chr03|13103	5744521	3	6219941	6219942	+
3	6408201	40.641545	Bin381	3	chr03|13103	5904857	3	6408200	6408201	+
3	6492922	40.881354	Bin382	3	chr03|13103	5990730	3	6492921	6492922	+
3	6780805	41.364449	Bin383	3	chr03|13103	6317712	3	6780804	6780805	+
3	7747334	42.344873	Bin384	3	chr03|13103	7236365	3	7747333	7747334	+
3	8769381	51.075698	Bin385	3	chr03|13103	8205428	3	8769380	8769381	+
3	9103219	52.056122	Bin386	3	chr03|13103	8596325	3	9103218	9103219	+
3	9201594	52.786062	Bin387	3	chr03|13103	8704895	3	9201593	9201594	+
3	9284377	53.025871	Bin388	3	chr03|13103	8767098	3	9284376	9284377	+
3	9615606	53.265679	Bin389	3	chr03|13103	9012914	3	9615605	9615606	+
3	9923101	53.505488	Bin390	3	chr03|13103	9249198	3	9923100	9923101	+
3	9943717	53.745296	Bin391	3	chr03|13103	9268134	3	9943716	9943717	+
3	9994787	53.985105	Bin392	3	chr03|13103	9308536	3	9994786	9994787	+
3	10063381	54.224914	Bin393	3	chr03|13103	9354589	3	10063380	10063381	+
3	10194576	54.947818	Bin395	3	chr03|13103	9465242	3	10194575	10194576	+
3	10256953	55.430913	Bin396	3	chr03|13103	9517800	3	10256952	10256953	+
3	10462907	56.160853	Bin397	3	chr03|13103	9609161	3	10462906	10462907	+
3	10732494	56.400662	Bin398	3	chr03|13103	9837695	3	10732493	10732494	+
3	10935158	58.421139	Bin399	3	chr03|13103	10011747	3	10935157	10935158	+
3	11043630	58.900756	Bin401	3	chr03|13103	10105220	3	11043629	11043630	+
3	11090517	59.140565	Bin402	3	chr03|13103	10149819	3	11090516	11090517	+
3	11669041	64.233970	Bin404	3	chr03|13103	10606162	3	11669040	11669041	+
3	12001462	64.717066	Bin405	3	chr03|13103	10874512	3	12001461	12001462	+
3	12251225	64.956874	Bin406	3	chr03|13103	11073932	3	12251224	12251225	+
3	12482565	65.196683	Bin407	3	chr03|13103	11245975	3	12482564	12482565	+
3	13088648	69.500413	Bin408	3	chr03|13103	11715192	3	13088647	13088648	+
3	13757255	70.480837	Bin409	3	chr03|13103	12338648	3	13757254	13757255	+
3	14116506	71.715467	Bin410	3	chr03|13103	12616718	3	14116505	14116506	+
3	14383941	77.649985	Bin415	3	chr03|13103	13711029	3	14383940	14383941	-
3	14512961	72.681659	Bin412	3	chr03|13103	12937243	3	14512960	14512961	+
3	14609264	73.164754	Bin413	3	chr03|13103	13034308	3	14609263	14609264	+
3	15181635	72.198563	Bin411	3	chr03|13103	12775912	3	15181634	15181635	-
3	15284554	78.133081	Bin416	3	chr03|13103	13833790	3	15284553	15284554	+
3	15476849	79.367711	Bin417	3	chr03|13103	13987452	3	15476848	15476849	+
3	16084588	83.943311	Bin420	3	chr03|13103	14434636	3	16084587	16084588	+
3	16437493	84.422928	Bin422	3	chr03|13103	14660624	3	16437492	16437493	+
3	16562164	84.662737	Bin423	3	chr03|13103	14791590	3	16562163	16562164	+
3	16648773	85.145832	Bin424	3	chr03|13103	14869909	3	16648772	16648773	+
3	16745201	86.900398	Bin425	3	chr03|13103	14948719	3	16745200	16745201	+
3	16901933	87.870147	Bin427	3	chr03|13103	15127484	3	16901932	16901933	+
3	17281955	89.562800	Bin431	3	chr03|13103	15530669	3	17281954	17281955	+
3	17347722	89.802608	Bin432	3	chr03|13103	15590434	3	17347721	17347722	+
3	17463619	91.823085	Bin433	3	chr03|13103	15698857	3	17463618	17463619	+
3	17798598	92.302702	Bin435	3	chr03|13103	16043021	3	17798597	17798598	+
3	17983954	93.032642	Bin436	3	chr03|13103	16204257	3	17983953	17983954	+
3	18132912	93.272451	Bin437	3	chr03|13103	16320385	3	18132911	18132912	+
3	18447003	93.512260	Bin438	3	chr03|13103	16566784	3	18447002	18447003	+
3	18787000	93.752068	Bin439	3	chr03|13103	16815456	3	18786999	18787000	+
3	18958110	93.991877	Bin440	3	chr03|13103	16977405	3	18958109	18958110	+
3	19123431	94.231686	Bin441	3	chr03|13103	17114573	3	19123430	19123431	+
3	19300121	94.714781	Bin442	3	chr03|13103	17281684	3	19300120	19300121	+
3	19504037	94.954590	Bin443	3	chr03|13103	17396954	3	19504036	19504037	+
3	19763305	95.684530	Bin444	3	chr03|13103	17626721	3	19763304	19763305	+
3	20118506	95.924338	Bin445	3	chr03|13103	17954878	3	20118505	20118506	+
3	20338457	96.164147	Bin446	3	chr03|13103	18078105	3	20338456	20338457	+
3	22175876	96.403955	Bin447	3	chr03|13103	19659380	3	22175875	22175876	+
3	24799995	96.643764	Bin448	3	chr03|13103	21864492	3	24799994	24799995	+
3	25957111	96.883573	Bin449	3	chr03|13103	22555608	3	25957110	25957111	+
3	26148936	97.123381	Bin450	3	chr03|13103	22686822	3	26148935	26148936	+
3	26809571	98.093130	Bin452	3	chr03|13103	23183251	3	26809570	26809571	+
3	27248346	98.576225	Bin453	3	chr03|13103	23525788	3	27248345	27248346	+
3	27398265	99.059321	Bin454	3	chr03|13103	23616814	3	27398264	27398265	+
3	27544126	99.299130	Bin455	3	chr03|13103	23733972	3	27544125	27544126	+
3	27714659	99.538938	Bin456	3	chr03|13103	23837852	3	27714658	27714659	+
3	27799294	99.778747	Bin457	3	chr03|13103	23920452	3	27799293	27799294	+
3	27966026	100.261842	Bin458	3	chr03|13103	24017613	3	27966025	27966026	+
3	28095681	100.991782	Bin459	3	chr03|13103	24243894	3	28095680	28095681	+
3	28308418	107.553892	Bin460	3	chr03|13103	24446162	3	28308417	28308418	+
3	28447916	107.793700	Bin461	3	chr03|13103	24568746	3	28447915	28447916	+
3	28813653	109.013933	Bin463	3	chr03|13103	24921410	3	28813652	28813653	+
3	29136436	112.719331	Bin464	3	chr03|13103	25277784	3	29136435	29136436	+
3	29449108	113.198948	Bin466	3	chr03|13103	25558631	3	29449107	29449108	+
3	29634727	114.953514	Bin467	3	chr03|13103	25749346	3	29634726	29634727	+
3	29815926	115.933938	Bin468	3	chr03|13103	25925862	3	29815925	29815926	+
3	29982203	116.173747	Bin469	3	chr03|13103	26094262	3	29982202	29982203	+
3	30154364	116.413555	Bin470	3	chr03|13103	26274276	3	30154363	30154364	+
3	30352363	118.704032	Bin471	3	chr03|13103	26387432	3	30352362	30352363	+
3	30475008	118.943841	Bin472	3	chr03|13103	26510145	3	30475007	30475008	+
3	30608840	120.178471	Bin473	3	chr03|13103	26630756	3	30608839	30608840	+
3	30682148	120.418280	Bin474	3	chr03|13103	26692900	3	30682147	30682148	+
3	30704064	120.901375	Bin475	3	chr03|13103	26712985	3	30704063	30704064	+
3	30722118	121.141184	Bin476	3	chr03|13103	26731858	3	30722117	30722118	+
3	30927604	122.121608	Bin477	3	chr03|13103	26850401	3	30927603	30927604	+
3	31132577	122.601225	Bin479	3	chr03|13103	27097041	3	31132576	31132577	+
3	31258791	123.331165	Bin480	3	chr03|13103	27207536	3	31258790	31258791	+
3	31381367	123.570973	Bin481	3	chr03|13103	27335888	3	31381366	31381367	+
3	31485701	124.551397	Bin482	3	chr03|13103	27438708	3	31485700	31485701	+
3	31547213	124.791206	Bin483	3	chr03|13103	27500752	3	31547212	31547213	+
3	31637117	126.025836	Bin484	3	chr03|13103	27591862	3	31637116	31637117	+
3	31680773	127.006260	Bin485	3	chr03|13103	27650339	3	31680772	31680773	+
3	31766426	127.246068	Bin486	3	chr03|13103	27724424	3	31766425	31766426	+
3	31881240	128.226492	Bin487	3	chr03|13103	27829077	3	31881239	31881240	+
3	32108923	128.466301	Bin488	3	chr03|13103	27990920	3	32108922	32108923	+
3	32297204	129.446724	Bin489	3	chr03|13103	28146833	3	32297203	32297204	+
3	32356545	129.686533	Bin490	3	chr03|13103	28216935	3	32356544	32356545	+
3	32397873	129.926341	Bin491	3	chr03|13103	28252902	3	32397872	32397873	+
3	32491417	130.166150	Bin492	3	chr03|13103	28339301	3	32491416	32491417	+
3	32600912	130.405959	Bin493	3	chr03|13103	28448408	3	32600911	32600912	+
3	32691593	131.880398	Bin495	3	chr03|13103	28554257	3	32691592	32691593	+
3	32747818	132.120206	Bin496	3	chr03|13103	28610490	3	32747817	32747818	+
3	32780502	132.360015	Bin497	3	chr03|13103	28643176	3	32780501	32780502	+
3	32878131	132.599824	Bin498	3	chr03|13103	28711148	3	32878130	32878131	+
3	33076329	132.839632	Bin499	3	chr03|13103	28880147	3	33076328	33076329	+
3	33331083	133.322728	Bin500	3	chr03|13103	29087804	3	33331082	33331083	+
3	33457179	134.052668	Bin501	3	chr03|13103	29197305	3	33457178	33457179	+
3	33524067	134.292476	Bin502	3	chr03|13103	29262188	3	33524066	33524067	+
3	33632599	134.775572	Bin503	3	chr03|13103	29369326	3	33632598	33632599	+
3	33744534	135.258668	Bin504	3	chr03|13103	29478252	3	33744533	33744534	+
3	34019304	136.944284	Bin509	3	chr03|13103	29825751	3	34019303	34019304	+
3	34114016	137.427380	Bin510	3	chr03|13103	29900033	3	34114015	34114016	+
3	34174679	138.407804	Bin511	3	chr03|13103	29963206	3	34174678	34174679	+
3	34320895	138.647612	Bin512	3	chr03|13103	30095089	3	34320894	34320895	+
3	34460762	139.130708	Bin513	3	chr03|13103	30241101	3	34460761	34460762	+
3	34496951	139.370516	Bin514	3	chr03|13103	30290160	3	34496950	34496951	+
3	34526752	139.610325	Bin515	3	chr03|13103	30317416	3	34526751	34526752	+
3	34542503	141.102973	Bin516	3	chr03|13103	30332844	3	34542502	34542503	+
3	34591057	141.342782	Bin517	3	chr03|13103	30371009	3	34591056	34591057	+
3	34711137	142.072722	Bin518	3	chr03|13103	30465294	3	34711136	34711137	+
3	34821115	142.312530	Bin519	3	chr03|13103	30576538	3	34821114	34821115	+
3	35000197	142.795626	Bin520	3	chr03|13103	30776492	3	35000196	35000197	+
3	35413645	143.035434	Bin521	3	chr03|13103	31208288	3	35413644	35413645	+
3	35777565	151.766260	Bin522	3	chr03|13103	31570973	3	35777564	35777565	+
3	35983762	152.249356	Bin523	3	chr03|13103	31827792	3	35983761	35983762	+
3	36191764	152.489164	Bin524	3	chr03|13103	32035892	3	36191763	36191764	+
3	36352059	153.219104	Bin525	3	chr03|13103	32171572	3	36352058	36352059	+
3	36642479	157.221240	Bin526	3	chr03|13103	32458118	3	36642478	36642479	+
3	36988304	158.201663	Bin527	3	chr03|13103	32739210	3	36988303	36988304	+
3	37249535	158.441472	Bin528	3	chr03|13103	32979946	3	37249534	37249535	+
3	37837099	159.676102	Bin529	3	chr03|13103	33504806	3	37837098	37837099	+
3	38751765	177.245997	Bin530	3	chr03|13103	34392952	3	38751764	38751765	+
3	39282844	177.975937	Bin531	3	chr03|13103	34908464	3	39282843	39282844	+
3	39305922	178.705877	Bin532	3	chr03|13103	34931743	3	39305921	39305922	+
3	39410129	179.686300	Bin533	3	chr03|13103	35040657	3	39410128	39410129	+
3	39569933	180.666724	Bin534	3	chr03|13103	35202864	3	39569932	39569933	+
3	39646355	180.906532	Bin535	3	chr03|13103	35283280	3	39646354	39646355	+
3	39666871	182.141163	Bin536	3	chr03|13103	35304776	3	39666870	39666871	+
3	39769478	182.380972	Bin537	3	chr03|13103	35391775	3	39769477	39769478	+
3	39891623	182.620780	Bin538	3	chr03|13103	35503959	3	39891622	39891623	+
3	39949380	182.860589	Bin539	3	chr03|13103	35551110	3	39949379	39949380	+
3	39996428	183.841012	Bin540	3	chr03|13103	35581764	3	39996427	39996428	+
3	40061069	185.315452	Bin542	3	chr03|13103	35652160	3	40061068	40061069	+
3	40199790	185.795069	Bin544	3	chr03|13103	35773117	3	40199789	40199790	+
3	40310809	186.034877	Bin545	3	chr03|13103	35873101	3	40310808	40310809	+
3	40448328	186.764817	Bin546	3	chr03|13103	36017570	3	40448327	40448328	+
3	40564337	187.247913	Bin547	3	chr03|13103	36130848	3	40564336	40564337	+
3	40730249	187.487722	Bin548	3	chr03|13103	36291701	3	40730248	40730249	+
4	79301	0.000000	Bin549	4	chr04|13104	74924	4	79300	79301	+
4	321674	0.483096	Bin550	4	chr04|13104	319254	4	321673	321674	+
4	527603	1.213036	Bin551	4	chr04|13104	503647	4	527602	527603	+
4	607917	1.452844	Bin552	4	chr04|13104	540526	4	607916	607917	+
4	690097	2.182784	Bin553	4	chr04|13104	602382	4	690096	690097	+
4	830924	2.422593	Bin554	4	chr04|13104	722612	4	830923	830924	+
4	979818	2.662401	Bin555	4	chr04|13104	903540	4	979817	979818	+
4	1206150	2.902210	Bin556	4	chr04|13104	1114226	4	1206149	1206150	+
4	1746673	4.111767	Bin559	4	chr04|13104	1762344	4	1746672	1746673	+
4	2226020	9.596679	Bin566	4	chr04|13104	3222606	4	2226019	2226020	-
4	2271408	8.633967	Bin563	4	chr04|13104	2478022	4	2271407	2271408	+
4	2302993	8.873775	Bin564	4	chr04|13104	2509135	4	2302992	2302993	+
4	2727987	10.326619	Bin567	4	chr04|13104	3565514	4	2727986	2727987	+
4	2780308	10.566428	Bin568	4	chr04|13104	3607868	4	2780307	2780308	+
4	2938692	10.806237	Bin569	4	chr04|13104	3800066	4	2938691	2938692	+
4	3338162	11.285854	Bin571	4	chr04|13104	4251731	4	3338161	3338162	+
4	3470095	11.765471	Bin573	4	chr04|13104	4393626	4	3470094	3470095	+
4	3750977	12.488375	Bin575	4	chr04|13104	4691079	4	3750976	3750977	+
4	4363363	16.117128	Bin584	4	chr04|13104	7239304	4	4363362	4363363	+
4	5742682	15.154416	Bin581	4	chr04|13104	6204528	4	5742681	5742682	-
4	6269143	14.173992	Bin580	4	chr04|13104	5650141	4	6269142	6269143	-
4	6599979	13.451088	Bin578	4	chr04|13104	5274322	4	6599978	6599979	-
4	7740006	17.097552	Bin585	4	chr04|13104	10043896	4	7740005	7740006	+
4	10871850	18.590200	Bin586	4	chr04|13104	12969860	4	10871849	10871850	+
4	11852221	19.309626	Bin589	4	chr04|13104	13777507	4	11852220	11852221	+
4	12871759	23.498120	Bin591	4	chr04|13104	15368332	4	12871758	12871759	+
4	13180241	23.737929	Bin592	4	chr04|13104	15712344	4	13180240	13180241	+
4	13305673	23.977737	Bin593	4	chr04|13104	15819402	4	13305672	13305673	+
4	13793000	27.391136	Bin594	4	chr04|13104	16214413	4	13792999	13793000	+
4	14250677	27.874232	Bin595	4	chr04|13104	16623126	4	14250676	14250677	+
4	14494005	32.796235	Bin596	4	chr04|13104	16840625	4	14494004	14494005	+
4	14799646	33.279331	Bin597	4	chr04|13104	17200057	4	14799645	14799646	+
4	15149254	33.519139	Bin598	4	chr04|13104	17529182	4	15149253	15149254	+
4	15662989	34.238565	Bin601	4	chr04|13104	18012638	4	15662988	15662989	+
4	15710126	34.478374	Bin602	4	chr04|13104	18048801	4	15710125	15710126	+
4	15792352	34.718182	Bin603	4	chr04|13104	18148744	4	15792351	15792352	+
4	16081976	35.197800	Bin605	4	chr04|13104	18406518	4	16081975	16081976	+
4	16470631	35.917225	Bin608	4	chr04|13104	18712007	4	16470630	16470631	+
4	16608438	36.647165	Bin609	4	chr04|13104	18857240	4	16608437	16608438	+
4	16785190	40.352564	Bin610	4	chr04|13104	19026890	4	16785189	16785190	+
4	16905578	40.592373	Bin611	4	chr04|13104	19130749	4	16905577	16905578	+
4	17170168	41.071990	Bin613	4	chr04|13104	19299664	4	17170167	17170168	+
4	17241073	41.311799	Bin614	4	chr04|13104	19348405	4	17241072	17241073	+
4	17351593	41.551607	Bin615	4	chr04|13104	19444804	4	17351592	17351593	+
4	17493278	46.790555	Bin616	4	chr04|13104	19581785	4	17493277	17493278	+
4	17554590	47.030363	Bin617	4	chr04|13104	19647840	4	17554589	17554590	+
4	18064295	49.320840	Bin618	4	chr04|13104	20098635	4	18064294	18064295	+
4	18617771	49.560649	Bin619	4	chr04|13104	20568880	4	18617770	18617771	+
4	18822146	53.864379	Bin620	4	chr04|13104	20740871	4	18822145	18822146	+
4	19145118	57.277778	Bin621	4	chr04|13104	21068011	4	19145117	19145118	+
4	19410453	57.760873	Bin622	4	chr04|13104	21294700	4	19410452	19410453	+
4	19484169	58.741297	Bin623	4	chr04|13104	21355736	4	19484168	19484169	+
4	19531625	59.224392	Bin624	4	chr04|13104	21414720	4	19531624	19531625	+
4	19707310	59.464201	Bin625	4	chr04|13104	21537986	4	19707309	19707310	+
4	19828015	59.704010	Bin626	4	chr04|13104	21654178	4	19828014	19828015	+
4	19905950	59.943818	Bin627	4	chr04|13104	21734961	4	19905949	19905950	+
4	20134463	60.183627	Bin628	4	chr04|13104	21800676	4	20134462	20134463	+
4	20165331	61.418257	Bin629	4	chr04|13104	21832658	4	20165330	20165331	+
4	20464913	66.758507	Bin631	4	chr04|13104	22083926	4	20464912	20464913	+
4	20610226	66.998316	Bin632	4	chr04|13104	22214036	4	20610225	20610226	+
4	20741051	67.481411	Bin633	4	chr04|13104	22342855	4	20741050	20741051	+
4	20931061	67.964507	Bin634	4	chr04|13104	22623200	4	20931060	20931061	+
4	21401665	68.944930	Bin635	4	chr04|13104	22940703	4	21401664	21401665	+
4	21659880	69.184739	Bin636	4	chr04|13104	23081054	4	21659879	21659880	+
4	21725969	71.475216	Bin637	4	chr04|13104	23129456	4	21725968	21725969	+
4	21832644	71.715024	Bin638	4	chr04|13104	23236472	4	21832643	21832644	+
4	22070784	71.954833	Bin639	4	chr04|13104	23487304	4	22070783	22070784	+
4	22433278	74.245310	Bin640	4	chr04|13104	23844588	4	22433277	22433278	+
4	22660481	74.485118	Bin641	4	chr04|13104	24048356	4	22660480	22660481	+
4	22836080	74.724927	Bin642	4	chr04|13104	24222448	4	22836079	22836080	+
4	23802941	74.964736	Bin643	4	chr04|13104	24960850	4	23802940	23802941	+
4	24564196	82.223836	Bin644	4	chr04|13104	25675536	4	24564195	24564196	+
4	24834264	82.463645	Bin645	4	chr04|13104	25960653	4	24834263	24834264	+
4	25158953	82.703453	Bin646	4	chr04|13104	26231612	4	25158952	25158953	+
4	26054432	84.196102	Bin647	4	chr04|13104	27074224	4	26054431	26054432	+
4	26821242	85.688750	Bin648	4	chr04|13104	27829536	4	26821241	26821242	+
4	27089767	86.418690	Bin649	4	chr04|13104	28086995	4	27089766	27089767	+
4	27603020	90.420825	Bin650	4	chr04|13104	28611929	4	27603019	27603020	+
4	28182742	90.660634	Bin651	4	chr04|13104	29202011	4	28182741	28182742	+
4	28704921	92.153282	Bin652	4	chr04|13104	29674092	4	28704920	28704921	+
4	28923504	93.645930	Bin653	4	chr04|13104	29877248	4	28923503	28923504	+
4	28965719	93.885739	Bin654	4	chr04|13104	29934560	4	28965718	28965719	+
4	29009537	94.125547	Bin655	4	chr04|13104	29978432	4	29009536	29009537	+
4	29116600	94.608643	Bin656	4	chr04|13104	30060162	4	29116599	29116600	+
4	29241172	94.848451	Bin657	4	chr04|13104	30214177	4	29241171	29241172	+
4	29350565	95.088260	Bin658	4	chr04|13104	30337916	4	29350564	29350565	+
4	29408925	96.580908	Bin659	4	chr04|13104	30404286	4	29408924	29408925	+
4	29599628	96.820717	Bin660	4	chr04|13104	30556190	4	29599627	29599628	+
4	29752876	97.060525	Bin661	4	chr04|13104	30694780	4	29752875	29752876	+
4	29868404	98.553174	Bin662	4	chr04|13104	30809306	4	29868403	29868404	+
4	30051899	99.036269	Bin663	4	chr04|13104	30947869	4	30051898	30051899	+
4	30192803	100.270900	Bin664	4	chr04|13104	31062356	4	30192802	30192803	+
4	30366709	100.510708	Bin665	4	chr04|13104	31172641	4	30366708	30366709	+
4	30416791	100.750517	Bin666	4	chr04|13104	31222620	4	30416790	30416791	+
4	30445620	101.730940	Bin667	4	chr04|13104	31251658	4	30445619	30445620	+
4	30482759	101.970749	Bin668	4	chr04|13104	31289528	4	30482758	30482759	+
4	30543282	102.210558	Bin669	4	chr04|13104	31342973	4	30543281	30543282	+
4	30606170	102.693653	Bin670	4	chr04|13104	31397662	4	30606169	30606170	+
4	30686975	103.416557	Bin672	4	chr04|13104	31467248	4	30686974	30686975	+
4	30869928	103.656366	Bin673	4	chr04|13104	31652910	4	30869927	30869928	+
4	31062241	104.139462	Bin674	4	chr04|13104	31861292	4	31062240	31062241	+
4	31136055	105.359694	Bin676	4	chr04|13104	31992461	4	31136054	31136055	+
4	31253347	105.842789	Bin677	4	chr04|13104	32099704	4	31253346	31253347	+
4	31334983	106.082598	Bin678	4	chr04|13104	32202914	4	31334982	31334983	+
4	31381335	106.322407	Bin679	4	chr04|13104	32242564	4	31381334	31381335	+
4	31486370	106.562215	Bin680	4	chr04|13104	32368841	4	31486369	31486370	+
4	31672245	106.802024	Bin681	4	chr04|13104	32520811	4	31672244	31672245	+
4	32101772	109.645167	Bin682	4	chr04|13104	32911342	4	32101771	32101772	+
4	32630801	109.884975	Bin683	4	chr04|13104	33375271	4	32630800	32630801	+
4	33076924	115.123923	Bin684	4	chr04|13104	33804670	4	33076923	33076924	+
4	33580619	125.032769	Bin685	4	chr04|13104	34284184	4	33580618	33580619	+
4	33824185	126.267400	Bin686	4	chr04|13104	34470556	4	33824184	33824185	+
4	33980556	126.507209	Bin687	4	chr04|13104	34614880	4	33980555	33980556	+
4	34372641	127.237149	Bin688	4	chr04|13104	35012683	4	34372640	34372641	+
5	136349	0.000000	Bin689	5	chr05|13105	145170	5	136348	136349	+
5	318487	0.729940	Bin690	5	chr05|13105	323948	5	318486	318487	+
5	409624	1.459880	Bin691	5	chr05|13105	430962	5	409623	409624	+
5	516122	4.303023	Bin692	5	chr05|13105	520432	5	516121	516122	+
5	604422	4.542832	Bin693	5	chr05|13105	599641	5	604421	604422	+
5	671755	4.782640	Bin694	5	chr05|13105	673620	5	671754	671755	+
5	810268	6.017271	Bin695	5	chr05|13105	780608	5	810267	810268	+
5	975756	6.257080	Bin696	5	chr05|13105	914280	5	975755	975756	+
5	1127546	6.496888	Bin697	5	chr05|13105	1053190	5	1127545	1127546	+
5	1229728	6.736697	Bin698	5	chr05|13105	1162820	5	1229727	1229728	+
5	1319667	7.717120	Bin699	5	chr05|13105	1211539	5	1319666	1319667	+
5	1389516	8.697544	Bin700	5	chr05|13105	1282186	5	1389515	1389516	+
5	1479315	9.677967	Bin701	5	chr05|13105	1381184	5	1479314	1479315	+
5	1626569	9.917776	Bin702	5	chr05|13105	1491074	5	1626568	1626569	+
5	1943855	12.178062	Bin704	5	chr05|13105	1744122	5	1943854	1943855	+
5	1972189	12.417870	Bin705	5	chr05|13105	1779242	5	1972188	1972189	+
5	2000864	12.657679	Bin706	5	chr05|13105	1799065	5	2000863	2000864	+
5	2071263	12.897487	Bin707	5	chr05|13105	1865741	5	2071262	2071263	+
5	2169399	13.380583	Bin708	5	chr05|13105	1979692	5	2169398	2169399	+
5	2290124	14.103487	Bin710	5	chr05|13105	2093369	5	2290123	2290124	+
5	2419529	14.343296	Bin711	5	chr05|13105	2163145	5	2419528	2419529	+
5	2485285	14.583104	Bin712	5	chr05|13105	2224694	5	2485284	2485285	+
5	2555653	14.822913	Bin713	5	chr05|13105	2298822	5	2555652	2555653	+
5	2628619	15.062722	Bin714	5	chr05|13105	2367330	5	2628618	2628619	+
5	2862582	17.566294	Bin716	5	chr05|13105	2608882	5	2862581	2862582	+
5	3117790	17.806103	Bin717	5	chr05|13105	2875120	5	3117789	3117790	+
5	3382839	19.800477	Bin719	5	chr05|13105	3141570	5	3382838	3382839	+
5	3462635	20.040286	Bin720	5	chr05|13105	3217126	5	3462634	3462635	+
5	3646307	20.519903	Bin722	5	chr05|13105	3467168	5	3646306	3646307	+
5	3713238	22.012551	Bin723	5	chr05|13105	3528766	5	3713237	3713238	+
5	3964151	22.252360	Bin724	5	chr05|13105	3766973	5	3964150	3964151	+
5	4201350	26.254495	Bin725	5	chr05|13105	4080414	5	4201349	4201350	+
5	4388706	26.494304	Bin726	5	chr05|13105	4255280	5	4388705	4388706	+
5	5441833	28.978810	Bin728	5	chr05|13105	5014176	5	5441832	5441833	+
5	5656136	29.708750	Bin729	5	chr05|13105	5314142	5	5656135	5656136	+
5	6046570	33.281833	Bin731	5	chr05|13105	5826742	5	6046569	6046570	+
5	6333830	33.521641	Bin732	5	chr05|13105	6107796	5	6333829	6333830	+
5	6592455	34.004737	Bin733	5	chr05|13105	6362255	5	6592454	6592455	+
5	7930724	42.542590	Bin736	5	chr05|13105	7640752	5	7930723	7930724	+
5	11142334	44.297156	Bin737	5	chr05|13105	9309606	5	11142333	11142334	+
5	15690302	46.014882	Bin739	5	chr05|13105	14685042	5	15690301	15690302	+
5	16602406	47.227918	Bin741	5	chr05|13105	15972645	5	16602405	16602406	+
5	16898188	47.467726	Bin742	5	chr05|13105	16148834	5	16898187	16898188	+
5	17022423	47.950822	Bin743	5	chr05|13105	16264611	5	17022422	17022423	+
5	17298052	49.163858	Bin745	5	chr05|13105	16479150	5	17298051	17298052	+
5	17428559	49.886762	Bin747	5	chr05|13105	16544617	5	17428558	17428559	+
5	17461757	50.369857	Bin748	5	chr05|13105	16575698	5	17461756	17461757	+
5	17557753	50.609666	Bin749	5	chr05|13105	16661080	5	17557752	17557753	+
5	17648258	50.849474	Bin750	5	chr05|13105	16749066	5	17648257	17648258	+
5	17814062	51.089283	Bin751	5	chr05|13105	16858360	5	17814061	17814062	+
5	18017342	51.329092	Bin752	5	chr05|13105	17032694	5	18017341	18017342	+
5	18265069	51.812187	Bin753	5	chr05|13105	17247258	5	18265068	18265069	+
5	19108225	53.522551	Bin755	5	chr05|13105	18004336	5	19108224	19108225	+
5	19324940	53.762359	Bin756	5	chr05|13105	18222554	5	19324939	19324940	+
5	19467758	61.379396	Bin757	5	chr05|13105	18383218	5	19467757	19467758	+
5	19593382	62.109336	Bin758	5	chr05|13105	18473980	5	19593381	19593382	+
5	19947337	62.349144	Bin759	5	chr05|13105	18719594	5	19947336	19947337	+
5	20194819	63.079084	Bin760	5	chr05|13105	18938661	5	20194818	20194819	+
5	20278898	65.073459	Bin762	5	chr05|13105	19021945	5	20278897	20278898	+
5	20385537	65.803399	Bin763	5	chr05|13105	19136128	5	20385536	20385537	+
5	21071980	66.769590	Bin765	5	chr05|13105	19752356	5	21071979	21071980	+
5	21366497	67.009398	Bin766	5	chr05|13105	20101360	5	21366496	21366497	+
5	21536752	69.299875	Bin767	5	chr05|13105	20271473	5	21536751	21536752	+
5	21793098	69.539684	Bin768	5	chr05|13105	20535706	5	21793097	21793098	+
5	22158128	69.779492	Bin769	5	chr05|13105	20848225	5	22158127	22158128	+
5	22557080	75.340774	Bin770	5	chr05|13105	21143258	5	22557079	22557080	+
5	22716808	75.820391	Bin772	5	chr05|13105	21358822	5	22716807	22716808	+
5	22727352	76.303487	Bin773	5	chr05|13105	21369366	5	22727351	22727352	+
5	23038319	76.543296	Bin774	5	chr05|13105	21625463	5	23038318	23038319	+
5	23296866	77.523719	Bin775	5	chr05|13105	21939061	5	23296865	23296866	+
5	23415370	77.763528	Bin776	5	chr05|13105	22068796	5	23415369	23415370	+
5	23503999	79.518094	Bin777	5	chr05|13105	22144557	5	23503998	23503999	+
5	23590653	79.757902	Bin778	5	chr05|13105	22212436	5	23590652	23590653	+
5	23739135	79.997711	Bin779	5	chr05|13105	22309571	5	23739134	23739135	+
5	23855408	80.480807	Bin780	5	chr05|13105	22424994	5	23855407	23855408	+
5	23996924	80.720615	Bin781	5	chr05|13105	22536733	5	23996923	23996924	+
5	24038285	80.960424	Bin782	5	chr05|13105	22584272	5	24038284	24038285	+
5	24266115	81.940847	Bin783	5	chr05|13105	22741490	5	24266114	24266115	+
5	24543511	83.961324	Bin784	5	chr05|13105	23001442	5	24543510	24543511	+
5	24694780	84.201133	Bin785	5	chr05|13105	23185254	5	24694779	24694780	+
5	24851065	85.181556	Bin786	5	chr05|13105	23360853	5	24851064	24851065	+
5	25101596	86.674205	Bin787	5	chr05|13105	23600350	5	25101595	25101596	+
5	25402885	90.676340	Bin788	5	chr05|13105	23883889	5	25402884	25402885	+
5	25584084	91.159436	Bin789	5	chr05|13105	24058805	5	25584083	25584084	+
5	25879272	92.394066	Bin790	5	chr05|13105	24368859	5	25879271	25879272	+
5	27115296	102.385838	Bin792	5	chr05|13105	25591632	5	27115295	27115296	+
5	27540019	102.868934	Bin793	5	chr05|13105	26099748	5	27540018	27540019	+
5	27976285	103.352029	Bin794	5	chr05|13105	26537461	5	27976284	27976285	+
5	28262280	104.081969	Bin795	5	chr05|13105	26820852	5	28262279	28262280	+
5	28388360	104.565065	Bin796	5	chr05|13105	26940158	5	28388359	28388360	+
5	28582094	105.044682	Bin798	5	chr05|13105	27207280	5	28582093	28582094	+
5	28624143	105.284491	Bin799	5	chr05|13105	27266416	5	28624142	28624143	+
5	28692269	105.767586	Bin800	5	chr05|13105	27340322	5	28692268	28692269	+
5	28797340	106.007395	Bin801	5	chr05|13105	27450725	5	28797339	28797340	+
5	28966540	106.247204	Bin802	5	chr05|13105	27630104	5	28966539	28966540	+
5	29086790	106.487012	Bin803	5	chr05|13105	27761890	5	29086789	29086790	+
5	29123951	107.467436	Bin804	5	chr05|13105	27797896	5	29123950	29123951	+
5	29162632	107.707244	Bin805	5	chr05|13105	27832525	5	29162631	29162632	+
5	29211755	107.947053	Bin806	5	chr05|13105	27865312	5	29211754	29211755	+
5	29237497	108.186862	Bin807	5	chr05|13105	27888115	5	29237496	29237497	+
5	29325290	109.650381	Bin809	5	chr05|13105	27986692	5	29325289	29325290	+
5	29468032	109.890189	Bin810	5	chr05|13105	28073327	5	29468031	29468032	+
5	29629987	111.644755	Bin811	5	chr05|13105	28230346	5	29629986	29629987	+
5	29819023	111.884564	Bin812	5	chr05|13105	28414614	5	29819022	29819023	+
5	29953132	112.367659	Bin813	5	chr05|13105	28541327	5	29953131	29953132	+
5	30020772	112.607468	Bin814	5	chr05|13105	28600938	5	30020771	30020772	+
5	30112292	113.337408	Bin815	5	chr05|13105	28707165	5	30112291	30112292	+
5	30273701	114.067348	Bin816	5	chr05|13105	28843912	5	30273700	30273701	+
5	30568963	114.550444	Bin817	5	chr05|13105	29139224	5	30568962	30568963	+
5	31045187	116.043092	Bin818	5	chr05|13105	29642106	5	31045186	31045187	+
6	160065	0.000000	Bin819	6	chr06|13106	135546	6	160064	160065	+
6	465067	0.969749	Bin821	6	chr06|13106	429004	6	465066	465067	+
6	549148	1.452844	Bin822	6	chr06|13106	488722	6	549147	549148	+
6	638680	2.182784	Bin823	6	chr06|13106	561196	6	638679	638680	+
6	667823	2.422593	Bin824	6	chr06|13106	623064	6	667822	667823	+
6	798715	2.905688	Bin825	6	chr06|13106	717788	6	798714	798715	+
6	986527	3.635628	Bin826	6	chr06|13106	812770	6	986526	986527	+
6	1112021	3.875437	Bin827	6	chr06|13106	939188	6	1112020	1112021	+
6	1245791	4.855860	Bin828	6	chr06|13106	1055260	6	1245790	1245791	+
6	1315237	5.095669	Bin829	6	chr06|13106	1134373	6	1315236	1315237	+
6	1479576	5.335478	Bin830	6	chr06|13106	1286008	6	1479575	1479576	+
6	1604769	5.818573	Bin831	6	chr06|13106	1439719	6	1604768	1604769	+
6	1725235	6.548513	Bin832	6	chr06|13106	1559468	6	1725234	1725235	+
6	1784694	6.788322	Bin833	6	chr06|13106	1618029	6	1784693	1784694	+
6	1821173	7.028130	Bin834	6	chr06|13106	1654974	6	1821172	1821173	+
6	1854907	7.267939	Bin835	6	chr06|13106	1688672	6	1854906	1854907	+
6	1903944	7.751035	Bin836	6	chr06|13106	1738464	6	1903943	1903944	+
6	1955051	8.234130	Bin837	6	chr06|13106	1788151	6	1955050	1955051	+
6	1995460	8.964070	Bin838	6	chr06|13106	1828368	6	1995459	1995460	+
6	2093105	9.203879	Bin839	6	chr06|13106	1921914	6	2093104	2093105	+
6	2205888	9.443687	Bin840	6	chr06|13106	2034692	6	2205887	2205888	+
6	2320679	9.683496	Bin841	6	chr06|13106	2159521	6	2320678	2320679	+
6	2427400	10.663919	Bin842	6	chr06|13106	2265219	6	2427399	2427400	+
6	2472858	11.898550	Bin843	6	chr06|13106	2310399	6	2472857	2472858	+
6	2545782	12.138359	Bin844	6	chr06|13106	2370000	6	2545781	2545782	-
6	3350327	13.097593	Bin848	6	chr06|13106	2805472	6	3350326	3350327	+
6	3403675	13.827533	Bin849	6	chr06|13106	2865707	6	3403674	3403675	+
6	3438203	14.807957	Bin850	6	chr06|13106	2898664	6	3438202	3438203	+
6	3471977	15.047765	Bin851	6	chr06|13106	2931450	6	3471976	3471977	+
6	3544704	15.530861	Bin852	6	chr06|13106	3005255	6	3544703	3544704	+
6	3634777	15.770669	Bin853	6	chr06|13106	3095711	6	3634776	3634777	+
6	3817382	16.253765	Bin854	6	chr06|13106	3211564	6	3817381	3817382	+
6	3926475	16.493574	Bin855	6	chr06|13106	3327128	6	3926474	3926475	+
6	4063385	17.223514	Bin856	6	chr06|13106	3462320	6	4063384	4063385	+
6	4416261	18.193262	Bin858	6	chr06|13106	3765768	6	4416260	4416261	+
6	4593362	18.433071	Bin859	6	chr06|13106	3986493	6	4593361	4593362	+
6	4853409	26.050107	Bin860	6	chr06|13106	4260240	6	4853408	4853409	+
6	5224540	28.340584	Bin861	6	chr06|13106	4637503	6	5224539	5224540	+
6	5388231	29.575214	Bin862	6	chr06|13106	4809620	6	5388230	5388231	+
6	5424114	29.815023	Bin863	6	chr06|13106	4855317	6	5424113	5424114	+
6	5554857	30.054832	Bin864	6	chr06|13106	4936320	6	5554856	5554857	+
6	5838236	30.294640	Bin865	6	chr06|13106	5024010	6	5838235	5838236	+
6	5915961	30.534449	Bin866	6	chr06|13106	5103907	6	5915960	5915961	+
6	6040378	30.774258	Bin867	6	chr06|13106	5203703	6	6040377	6040378	+
6	6138877	31.014066	Bin868	6	chr06|13106	5302036	6	6138876	6138877	+
6	6258659	31.744006	Bin869	6	chr06|13106	5426494	6	6258658	6258659	+
6	6379719	32.978637	Bin870	6	chr06|13106	5552274	6	6379718	6379719	+
6	6987003	34.213267	Bin871	6	chr06|13106	6045486	6	6987002	6987003	+
6	7535381	38.516998	Bin872	6	chr06|13106	6524192	6	7535380	7535381	+
6	7640831	40.271564	Bin873	6	chr06|13106	6609881	6	7640830	7640831	+
6	7737811	40.754659	Bin874	6	chr06|13106	6707028	6	7737810	7737811	+
6	7879400	42.749034	Bin876	6	chr06|13106	6854439	6	7879399	7879400	+
6	8066537	42.988843	Bin877	6	chr06|13106	7009102	6	8066536	8066537	+
6	8159957	43.471938	Bin878	6	chr06|13106	7103745	6	8159956	8159957	+
6	8322041	45.422110	Bin881	6	chr06|13106	7266240	6	8322040	8322041	+
6	8483073	48.548128	Bin882	6	chr06|13106	7477584	6	8483072	8483073	+
6	8697901	48.787937	Bin883	6	chr06|13106	7668665	6	8697900	8697901	+
6	8782012	49.768360	Bin884	6	chr06|13106	7752500	6	8782011	8782012	+
6	8925714	50.008169	Bin885	6	chr06|13106	7860290	6	8925713	8925714	+
6	9103699	50.738109	Bin886	6	chr06|13106	8088580	6	9103698	9103699	+
6	9321905	50.977917	Bin887	6	chr06|13106	8290308	6	9321904	9321905	+
6	9392001	51.217726	Bin888	6	chr06|13106	8355105	6	9392000	9392001	+
6	9458269	51.700822	Bin889	6	chr06|13106	8422390	6	9458268	9458269	+
6	9868638	52.180439	Bin891	6	chr06|13106	8940258	6	9868637	9868638	+
6	10435489	52.903343	Bin893	6	chr06|13106	9511497	6	10435488	10435489	+
6	11567912	60.343112	Bin897	6	chr06|13106	10759241	6	11567911	11567912	+
6	11737443	60.582921	Bin898	6	chr06|13106	10946479	6	11737442	11737443	+
6	12076032	60.822730	Bin899	6	chr06|13106	11264927	6	12076031	12076032	+
6	12572014	61.305825	Bin900	6	chr06|13106	11740040	6	12572013	12572014	+
6	13026100	61.545634	Bin901	6	chr06|13106	12255362	6	13026099	13026100	+
6	13853111	68.453151	Bin902	6	chr06|13106	13107186	6	13853110	13853111	+
6	15710429	68.932768	Bin904	6	chr06|13106	14777078	6	15710428	15710429	+
6	16500194	69.172576	Bin905	6	chr06|13106	15767575	6	16500193	16500194	+
6	17225659	69.412385	Bin906	6	chr06|13106	16371960	6	17225658	17225659	+
6	18559333	72.538403	Bin907	6	chr06|13106	17543262	6	18559332	18559333	+
6	19666430	73.268343	Bin908	6	chr06|13106	18821311	6	19666429	19666430	+
6	20265408	75.288820	Bin909	6	chr06|13106	19534500	6	20265407	20265408	+
6	20497713	75.768437	Bin911	6	chr06|13106	19751159	6	20497712	20497713	+
6	20592743	76.251533	Bin912	6	chr06|13106	19830314	6	20592742	20592743	+
6	20777215	76.981473	Bin913	6	chr06|13106	20025532	6	20777214	20777215	+
6	20985154	77.221281	Bin914	6	chr06|13106	20223252	6	20985153	20985154	+
6	21030376	77.951221	Bin915	6	chr06|13106	20363756	6	21030375	21030376	+
6	21431614	78.191030	Bin916	6	chr06|13106	20720078	6	21431613	21431614	+
6	21773503	78.430838	Bin917	6	chr06|13106	21027152	6	21773502	21773503	+
6	21944706	78.913934	Bin918	6	chr06|13106	21181490	6	21944705	21944706	+
6	22149207	80.934411	Bin919	6	chr06|13106	21388750	6	22149206	22149207	+
6	22246552	81.174219	Bin920	6	chr06|13106	21513894	6	22246551	22246552	+
6	22371421	81.414028	Bin921	6	chr06|13106	21624511	6	22371420	22371421	+
6	22902405	84.164445	Bin923	6	chr06|13106	22173201	6	22902404	22902405	+
6	23127502	84.404254	Bin924	6	chr06|13106	22381804	6	23127501	23127502	+
6	23400637	84.644062	Bin925	6	chr06|13106	22679726	6	23400636	23400637	+
6	23596667	85.127158	Bin926	6	chr06|13106	22934560	6	23596666	23596667	+
6	23861872	85.610253	Bin927	6	chr06|13106	23063295	6	23861871	23861872	+
6	23918743	85.850062	Bin928	6	chr06|13106	23104730	6	23918742	23918743	+
6	24110709	87.084693	Bin929	6	chr06|13106	23240273	6	24110708	24110709	+
6	24329171	88.065116	Bin930	6	chr06|13106	23429910	6	24329170	24329171	+
6	24564850	88.304925	Bin931	6	chr06|13106	23695734	6	24564849	24564850	+
6	24826665	88.544733	Bin932	6	chr06|13106	23906190	6	24826664	24826665	+
6	25165695	92.400691	Bin934	6	chr06|13106	24102990	6	25165694	25165695	+
6	25294155	92.640500	Bin935	6	chr06|13106	24227582	6	25294154	25294155	+
6	25449055	92.880308	Bin936	6	chr06|13106	24371095	6	25449054	25449055	+
6	25939115	96.776802	Bin938	6	chr06|13106	24790732	6	25939114	25939115	+
6	26147064	97.016611	Bin939	6	chr06|13106	24979251	6	26147063	26147064	+
6	26250300	97.256420	Bin940	6	chr06|13106	25066476	6	26250299	26250300	+
6	26354801	98.749068	Bin941	6	chr06|13106	25150878	6	26354800	26354801	+
6	26643842	98.988876	Bin942	6	chr06|13106	25417748	6	26643841	26643842	+
6	27147758	102.991012	Bin943	6	chr06|13106	25945842	6	27147757	27147758	+
6	27587195	104.225642	Bin944	6	chr06|13106	26343544	6	27587194	27587195	+
6	28119195	104.465451	Bin945	6	chr06|13106	26633646	6	28119194	28119195	+
6	29020765	105.700082	Bin946	6	chr06|13106	27322388	6	29020764	29020765	+
6	29576435	116.432929	Bin947	6	chr06|13106	27857750	6	29576434	29576435	+
6	29688686	116.916024	Bin948	6	chr06|13106	27969454	6	29688685	29688686	+
6	30056464	122.805176	Bin949	6	chr06|13106	28227628	6	30056463	30056464	+
6	30324629	123.288271	Bin950	6	chr06|13106	28450775	6	30324628	30324629	+
6	30361145	123.528080	Bin951	6	chr06|13106	28472546	6	30361144	30361145	+
6	30453865	123.767889	Bin952	6	chr06|13106	28554105	6	30453864	30453865	+
6	30533364	124.250984	Bin953	6	chr06|13106	28640896	6	30533363	30533364	+
6	30856493	125.725423	Bin955	6	chr06|13106	28902978	6	30856492	30856493	+
6	30985612	125.965232	Bin956	6	chr06|13106	29019678	6	30985611	30985612	+
6	31091663	127.185464	Bin958	6	chr06|13106	29163952	6	31091662	31091663	+
6	31184734	127.425273	Bin959	6	chr06|13106	29316421	6	31184733	31184734	+
6	31334244	127.908368	Bin960	6	chr06|13106	29478972	6	31334243	31334244	+
6	31377273	128.148177	Bin961	6	chr06|13106	29524431	6	31377272	31377273	+
6	31428131	128.387986	Bin962	6	chr06|13106	29560184	6	31428130	31428131	+
6	31483421	128.627794	Bin963	6	chr06|13106	29630786	6	31483420	31483421	+
6	31591837	130.648271	Bin964	6	chr06|13106	29739506	6	31591836	31591837	+
6	31829017	132.140919	Bin965	6	chr06|13106	30037610	6	31829016	31829017	+
6	32117747	144.172755	Bin966	6	chr06|13106	30383579	6	32117746	32117747	+
6	32568025	144.412563	Bin967	6	chr06|13106	30873363	6	32568024	32568025	+
7	174631	0.239809	Bin969	7	chr07|13107	136982	7	174630	174631	+
7	258651	0.479617	Bin970	7	chr07|13107	230905	7	258650	258651	+
7	377793	0.962713	Bin971	7	chr07|13107	367610	7	377792	377793	+
7	432597	1.202521	Bin972	7	chr07|13107	434168	7	432596	432597	+
7	594542	1.932461	Bin973	7	chr07|13107	538382	7	594541	594542	+
7	742768	2.415557	Bin974	7	chr07|13107	668314	7	742767	742768	+
7	826273	2.898652	Bin975	7	chr07|13107	761061	7	826272	826273	+
7	930814	3.628592	Bin976	7	chr07|13107	864464	7	930813	930814	+
7	994335	3.868401	Bin977	7	chr07|13107	913118	7	994334	994335	+
7	1009826	4.848825	Bin978	7	chr07|13107	928616	7	1009825	1009826	+
7	1147120	5.088633	Bin979	7	chr07|13107	1064145	7	1147119	1147120	+
7	1331806	7.653298	Bin980	7	chr07|13107	1245784	7	1331805	1331806	+
7	1570722	7.893107	Bin981	7	chr07|13107	1522786	7	1570721	1570722	+
7	1785425	8.623047	Bin982	7	chr07|13107	1788600	7	1785424	1785425	+
7	1979518	8.862855	Bin983	7	chr07|13107	1972052	7	1979517	1979518	+
7	2166144	9.345951	Bin984	7	chr07|13107	2140184	7	2166143	2166144	+
7	2223426	10.075891	Bin985	7	chr07|13107	2197404	7	2223425	2223426	+
7	2255470	10.315699	Bin986	7	chr07|13107	2230044	7	2255469	2255470	+
7	2301451	10.798795	Bin987	7	chr07|13107	2276349	7	2301450	2301451	+
7	2543580	11.779218	Bin988	7	chr07|13107	2567322	7	2543579	2543580	+
7	2867594	25.672641	Bin989	7	chr07|13107	2885648	7	2867593	2867594	+
7	3001363	25.912450	Bin990	7	chr07|13107	3118542	7	3001362	3001363	+
7	3431018	27.405098	Bin991	7	chr07|13107	3534509	7	3431017	3431018	+
7	4382345	28.128002	Bin993	7	chr07|13107	4489484	7	4382344	4382345	+
7	5529884	45.697896	Bin994	7	chr07|13107	5499684	7	5529883	5529884	+
7	6143283	45.937705	Bin995	7	chr07|13107	6041430	7	6143282	6143283	+
7	6947612	46.660609	Bin997	7	chr07|13107	6840885	7	6947611	6947612	+
7	7118911	50.074008	Bin998	7	chr07|13107	7045235	7	7118910	7118911	+
7	7213271	50.313816	Bin999	7	chr07|13107	7140605	7	7213270	7213271	+
7	7251439	50.553625	Bin1000	7	chr07|13107	7177962	7	7251438	7251439	+
7	7502610	51.523373	Bin1002	7	chr07|13107	7430062	7	7502609	7502610	+
7	8018727	52.253313	Bin1003	7	chr07|13107	8001162	7	8018726	8018727	+
7	9158728	54.730783	Bin1006	7	chr07|13107	9137474	7	9158727	9158728	+
7	10795421	54.970592	Bin1007	7	chr07|13107	11070180	7	10795420	10795421	+
7	14206323	60.449348	Bin1009	7	chr07|13107	15784574	7	14206322	14206323	+
7	14878785	60.689157	Bin1010	7	chr07|13107	16381450	7	14878784	14878785	+
7	15071594	60.928965	Bin1011	7	chr07|13107	16610046	7	15071593	15071594	+
7	15196771	61.651870	Bin1013	7	chr07|13107	16814038	7	15196770	15196771	+
7	15544350	63.672347	Bin1014	7	chr07|13107	17150918	7	15544349	15544350	+
7	15753976	64.155442	Bin1015	7	chr07|13107	17363653	7	15753975	15753976	+
7	15856766	65.648090	Bin1016	7	chr07|13107	17457062	7	15856765	15856766	+
7	16139523	66.610803	Bin1019	7	chr07|13107	17820097	7	16139522	16139523	+
7	16496400	67.090420	Bin1021	7	chr07|13107	18252364	7	16496399	16496400	+
7	16783406	67.573516	Bin1022	7	chr07|13107	18581491	7	16783405	16783406	+
7	17820420	76.235599	Bin1024	7	chr07|13107	19686032	7	17820419	17820420	-
7	18796313	82.709177	Bin1026	7	chr07|13107	20680857	7	18796312	18796313	+
7	19276582	83.439117	Bin1027	7	chr07|13107	21224960	7	19276581	19276582	+
7	19549530	84.419540	Bin1028	7	chr07|13107	21469310	7	19549529	19549530	+
7	19847001	87.832939	Bin1029	7	chr07|13107	21776322	7	19847000	19847001	+
7	20033309	88.072748	Bin1030	7	chr07|13107	21959690	7	20033308	20033309	+
7	20210146	88.555843	Bin1031	7	chr07|13107	22160161	7	20210145	20210146	+
7	20791283	98.064520	Bin1032	7	chr07|13107	22749696	7	20791282	20791283	+
7	21580281	98.794460	Bin1033	7	chr07|13107	23506741	7	21580280	21580281	+
7	21927488	100.549026	Bin1034	7	chr07|13107	23835358	7	21927487	21927488	+
7	22223135	101.529449	Bin1035	7	chr07|13107	24119562	7	22223134	22223135	+
7	22663291	103.549926	Bin1036	7	chr07|13107	24530058	7	22663290	22663291	+
7	22802628	104.033022	Bin1037	7	chr07|13107	24681568	7	22802627	22802628	+
7	22849300	104.272830	Bin1038	7	chr07|13107	24726980	7	22849299	22849300	+
7	23022949	111.889867	Bin1039	7	chr07|13107	24947282	7	23022948	23022949	+
7	23265486	112.129675	Bin1040	7	chr07|13107	25232388	7	23265485	23265486	+
7	23411570	114.694340	Bin1041	7	chr07|13107	25344284	7	23411569	23411570	+
7	23502578	114.934149	Bin1042	7	chr07|13107	25443003	7	23502577	23502578	+
7	23730406	116.168779	Bin1043	7	chr07|13107	25685424	7	23730405	23730406	+
7	23976432	117.661427	Bin1044	7	chr07|13107	25916024	7	23976431	23976432	+
7	24076447	117.901236	Bin1045	7	chr07|13107	26014934	7	24076446	24076447	+
7	24328798	119.364755	Bin1047	7	chr07|13107	26282952	7	24328797	24328798	+
7	24533358	121.929420	Bin1048	7	chr07|13107	26499397	7	24533357	24533358	+
7	24707408	123.164050	Bin1049	7	chr07|13107	26696556	7	24707407	24707408	+
7	25840659	129.400369	Bin1053	7	chr07|13107	27842292	7	25840658	25840659	+
7	26065508	129.640178	Bin1054	7	chr07|13107	28066746	7	26065507	26065508	+
7	26110850	130.620601	Bin1055	7	chr07|13107	28114146	7	26110849	26110850	+
7	26277558	131.350541	Bin1056	7	chr07|13107	28281127	7	26277557	26277558	+
7	26483651	133.915206	Bin1057	7	chr07|13107	28483528	7	26483650	26483651	+
7	27229566	135.407854	Bin1058	7	chr07|13107	29126511	7	27229565	27229566	+
8	248426	0.000000	Bin1059	8	chr08|13108	226560	8	248425	248426	+
8	551665	0.239809	Bin1060	8	chr08|13108	461574	8	551664	551665	+
8	666017	1.732457	Bin1061	8	chr08|13108	575772	8	666016	666017	+
8	800595	2.712880	Bin1062	8	chr08|13108	701854	8	800594	800595	+
8	891565	7.951828	Bin1063	8	chr08|13108	781100	8	891564	891565	+
8	980396	9.186459	Bin1064	8	chr08|13108	858031	8	980395	980396	+
8	1069257	9.426267	Bin1065	8	chr08|13108	942030	8	1069256	1069257	+
8	1173423	9.666076	Bin1066	8	chr08|13108	1018896	8	1173422	1173423	+
8	1203847	9.905884	Bin1067	8	chr08|13108	1049710	8	1203846	1203847	+
8	1327695	10.145693	Bin1068	8	chr08|13108	1179336	8	1327694	1327695	+
8	1888571	23.558892	Bin1069	8	chr08|13108	1878611	8	1888570	1888571	+
8	3005764	25.774445	Bin1072	8	chr08|13108	2999342	8	3005763	3005764	+
8	3042808	26.014253	Bin1073	8	chr08|13108	3032792	8	3042807	3042808	+
8	3206295	26.254062	Bin1074	8	chr08|13108	3086576	8	3206294	3206295	+
8	3288778	26.737157	Bin1075	8	chr08|13108	3153410	8	3288777	3288778	+
8	3624050	27.957390	Bin1077	8	chr08|13108	3350549	8	3624049	3624050	+
8	3689681	28.197198	Bin1078	8	chr08|13108	3418390	8	3689680	3689681	+
8	3768606	28.680294	Bin1079	8	chr08|13108	3473379	8	3768605	3768606	+
8	3781683	28.920102	Bin1080	8	chr08|13108	3500216	8	3781682	3781683	+
8	3920888	29.159911	Bin1081	8	chr08|13108	3634918	8	3920887	3920888	+
8	4089239	35.049063	Bin1082	8	chr08|13108	3821786	8	4089238	4089239	+
8	4204827	35.288871	Bin1083	8	chr08|13108	3929541	8	4204826	4204827	+
8	4290808	35.528680	Bin1084	8	chr08|13108	4019116	8	4290807	4290808	+
8	4479937	36.008297	Bin1086	8	chr08|13108	4224582	8	4479936	4479937	+
8	4807148	36.738237	Bin1087	8	chr08|13108	4423306	8	4807147	4807148	+
8	4982291	37.221333	Bin1088	8	chr08|13108	4634520	8	4982290	4982291	+
8	5209849	37.940759	Bin1091	8	chr08|13108	5002026	8	5209848	5209849	+
8	5405991	38.180567	Bin1092	8	chr08|13108	5142028	8	5405990	5405991	+
8	5467299	38.420376	Bin1093	8	chr08|13108	5216446	8	5467298	5467299	+
8	5587258	38.660184	Bin1094	8	chr08|13108	5328772	8	5587257	5587258	+
8	5707615	39.143280	Bin1095	8	chr08|13108	5426558	8	5707614	5707615	+
8	5905395	39.626375	Bin1096	8	chr08|13108	5598553	8	5905394	5905395	+
8	6115865	40.109471	Bin1097	8	chr08|13108	5761283	8	6115864	6115865	+
8	6178331	40.592567	Bin1098	8	chr08|13108	5812890	8	6178330	6178331	+
8	6401923	42.056086	Bin1100	8	chr08|13108	5991874	8	6401922	6401923	+
8	6431085	42.295894	Bin1101	8	chr08|13108	6020743	8	6431084	6431085	+
8	6571630	42.535703	Bin1102	8	chr08|13108	6123382	8	6571629	6571630	+
8	6795951	42.775512	Bin1103	8	chr08|13108	6263631	8	6795950	6795951	+
8	7026918	43.258607	Bin1104	8	chr08|13108	6522132	8	7026917	7026918	+
8	8593553	43.978033	Bin1107	8	chr08|13108	7944462	8	8593552	8593553	+
8	9462349	44.697459	Bin1110	8	chr08|13108	8760020	8	9462348	9462349	+
8	9752525	45.180554	Bin1111	8	chr08|13108	8957051	8	9752524	9752525	+
8	9777375	45.420363	Bin1112	8	chr08|13108	8976488	8	9777374	9777375	+
8	10830856	46.894802	Bin1114	8	chr08|13108	9714464	8	10830855	10830856	+
8	11220972	47.377898	Bin1115	8	chr08|13108	10121759	8	11220971	11220972	+
8	11536619	47.860993	Bin1116	8	chr08|13108	10352477	8	11536618	11536619	+
8	15912950	50.908754	Bin1118	8	chr08|13108	14900755	8	15912949	15912950	+
8	17785603	52.866288	Bin1121	8	chr08|13108	16742755	8	17785602	17785603	+
8	17937715	53.106097	Bin1122	8	chr08|13108	16884723	8	17937714	17937715	+
8	18337034	53.589192	Bin1123	8	chr08|13108	17142044	8	18337033	18337034	+
8	18664529	53.829001	Bin1124	8	chr08|13108	17401291	8	18664528	18664529	+
8	18685526	54.068810	Bin1125	8	chr08|13108	17422205	8	18685525	18685526	+
8	19361476	54.788236	Bin1128	8	chr08|13108	18087356	8	19361475	19361476	+
8	19836443	56.491563	Bin1131	8	chr08|13108	18644863	8	19836442	19836443	+
8	20060159	56.971180	Bin1133	8	chr08|13108	18849740	8	20060158	20060159	+
8	20262024	58.184216	Bin1135	8	chr08|13108	19066778	8	20262023	20262024	+
8	20530421	60.204693	Bin1136	8	chr08|13108	19321698	8	20530420	20530421	+
8	20820874	60.934633	Bin1137	8	chr08|13108	19570662	8	20820873	20820874	+
8	21203059	61.417728	Bin1138	8	chr08|13108	19895272	8	21203058	21203059	+
8	21774512	62.627286	Bin1141	8	chr08|13108	20451690	8	21774511	21774512	+
8	21974480	62.867094	Bin1142	8	chr08|13108	20657954	8	21974479	21974480	+
8	22024610	63.847518	Bin1143	8	chr08|13108	20704666	8	22024609	22024610	+
8	22143243	64.087326	Bin1144	8	chr08|13108	20818633	8	22143242	22143243	+
8	22328082	64.327135	Bin1145	8	chr08|13108	21000642	8	22328081	22328082	+
8	22762962	66.347612	Bin1146	8	chr08|13108	21430777	8	22762961	22762962	+
8	23688232	66.587421	Bin1147	8	chr08|13108	22278086	8	23688231	23688232	+
8	25180209	88.500167	Bin1148	8	chr08|13108	23587162	8	25180208	25180209	+
8	26055705	88.739976	Bin1149	8	chr08|13108	24413772	8	26055704	26055705	+
8	26313955	93.978923	Bin1150	8	chr08|13108	24674066	8	26313954	26313955	+
8	26797489	94.218732	Bin1151	8	chr08|13108	25127833	8	26797488	26797489	+
8	27095405	97.632130	Bin1152	8	chr08|13108	25405684	8	27095404	27095405	+
8	27182929	98.115226	Bin1153	8	chr08|13108	25492174	8	27182928	27182929	+
8	27434244	98.594843	Bin1155	8	chr08|13108	25695081	8	27434243	27434244	+
8	27568355	99.077939	Bin1156	8	chr08|13108	25832264	8	27568354	27568355	+
8	27851164	104.483038	Bin1158	8	chr08|13108	26127313	8	27851163	27851164	+
8	27958335	104.966134	Bin1159	8	chr08|13108	26200264	8	27958334	27958335	+
8	28084596	105.689038	Bin1161	8	chr08|13108	26307678	8	28084595	28084596	+
8	28125001	105.928846	Bin1162	8	chr08|13108	26339510	8	28125000	28125001	+
8	28173857	106.411942	Bin1163	8	chr08|13108	26396760	8	28173856	28173857	+
8	28257433	106.651750	Bin1164	8	chr08|13108	26478308	8	28257432	28257433	+
8	28337692	106.891559	Bin1165	8	chr08|13108	26556115	8	28337691	28337692	+
8	28499677	107.861308	Bin1167	8	chr08|13108	26792484	8	28499676	28499677	+
8	28649207	110.425972	Bin1168	8	chr08|13108	26917029	8	28649206	28649207	+
8	28787332	111.406396	Bin1169	8	chr08|13108	27068836	8	28787331	28787332	+
8	29036817	112.136336	Bin1170	8	chr08|13108	27241524	8	29036816	29036817	+
8	29251387	113.370967	Bin1171	8	chr08|13108	27432738	8	29251386	29251387	+
8	29394834	117.674697	Bin1172	8	chr08|13108	27562989	8	29394833	29394834	+
8	29548593	118.157793	Bin1173	8	chr08|13108	27703138	8	29548592	29548593	+
8	30209578	120.351252	Bin1176	8	chr08|13108	28278615	8	30209577	30209578	+
9	303122	0.722904	Bin1179	9	chr09|13109	626006	9	303121	303122	+
9	627971	1.202521	Bin1181	9	chr09|13109	918668	9	627970	627971	+
9	836863	1.932461	Bin1182	9	chr09|13109	1129506	9	836862	836863	+
9	1912601	2.412079	Bin1184	9	chr09|13109	2176974	9	1912600	1912601	+
9	2917490	2.651887	Bin1185	9	chr09|13109	3342394	9	2917489	2917490	+
9	5296035	4.104731	Bin1188	9	chr09|13109	5822392	9	5296034	5296035	+
9	5527864	4.344540	Bin1189	9	chr09|13109	6040412	9	5527863	5527864	+
9	5623777	4.584349	Bin1190	9	chr09|13109	6091723	9	5623776	5623777	+
9	5877312	4.824157	Bin1191	9	chr09|13109	6352004	9	5877311	5877312	+
9	6102069	5.307253	Bin1192	9	chr09|13109	6595090	9	6102068	6102069	+
9	6191309	5.547061	Bin1193	9	chr09|13109	6675427	9	6191308	6191309	+
9	6364621	6.277001	Bin1194	9	chr09|13109	6823412	9	6364620	6364621	+
9	6427242	6.516810	Bin1195	9	chr09|13109	6917930	9	6427241	6427242	+
9	6549829	7.751441	Bin1196	9	chr09|13109	7012546	9	6549828	6549829	+
9	6639310	7.991249	Bin1197	9	chr09|13109	7113706	9	6639309	6639310	+
9	6949553	8.474345	Bin1198	9	chr09|13109	7444956	9	6949552	6949553	+
9	7072641	8.714153	Bin1199	9	chr09|13109	7789089	9	7072640	7072641	+
9	7116468	9.694577	Bin1200	9	chr09|13109	7893363	9	7116467	7116468	+
9	7209157	10.177672	Bin1201	9	chr09|13109	7980638	9	7209156	7209157	+
9	7290455	10.907612	Bin1202	9	chr09|13109	8079918	9	7290454	7290455	+
9	7513302	11.387230	Bin1204	9	chr09|13109	8565272	9	7513301	7513302	+
9	7692583	12.847270	Bin1207	9	chr09|13109	8973644	9	7692582	7692583	+
9	7968941	13.577210	Bin1208	9	chr09|13109	9177405	9	7968940	7968941	+
9	8246514	15.597687	Bin1209	9	chr09|13109	9443137	9	8246513	8246514	+
9	8387078	15.837496	Bin1210	9	chr09|13109	9580772	9	8387077	8387078	+
9	8564730	16.077305	Bin1211	9	chr09|13109	9791018	9	8564729	8564730	+
9	8754001	16.317113	Bin1212	9	chr09|13109	9978156	9	8754000	8754001	+
9	9296135	18.771976	Bin1215	9	chr09|13109	10789716	9	9296134	9296135	+
9	10132082	21.854928	Bin1217	9	chr09|13109	11736704	9	10132081	10132082	+
9	11892725	59.909820	Bin1218	9	chr09|13109	13292278	9	11892724	11892725	+
9	13141073	60.639760	Bin1219	9	chr09|13109	14603926	9	13141072	13141073	+
9	13351298	61.122855	Bin1220	9	chr09|13109	14833102	9	13351297	13351298	+
9	13403136	61.362664	Bin1221	9	chr09|13109	14885103	9	13403135	13403136	+
9	13489785	61.845759	Bin1222	9	chr09|13109	14970236	9	13489784	13489785	+
9	13732582	62.826183	Bin1223	9	chr09|13109	15225456	9	13732581	13732582	+
9	14241592	63.305800	Bin1225	9	chr09|13109	15707553	9	14241591	14241592	+
9	14461216	64.540431	Bin1226	9	chr09|13109	15927695	9	14461215	14461216	+
9	14709480	64.780240	Bin1227	9	chr09|13109	16198856	9	14709479	14709480	+
9	14907031	65.263335	Bin1228	9	chr09|13109	16386283	9	14907030	14907031	+
9	14977477	66.497966	Bin1229	9	chr09|13109	16466042	9	14977476	14977477	+
9	15148642	70.801696	Bin1230	9	chr09|13109	16617959	9	15148641	15148642	+
9	15806665	71.767887	Bin1232	9	chr09|13109	17145963	9	15806664	15806665	+
9	16045632	72.007696	Bin1233	9	chr09|13109	17373376	9	16045631	16045632	+
9	16160079	72.490791	Bin1234	9	chr09|13109	17525142	9	16160078	16160079	+
9	16265545	72.730600	Bin1235	9	chr09|13109	17624569	9	16265544	16265545	+
9	16392146	73.711024	Bin1236	9	chr09|13109	17741644	9	16392145	16392146	+
9	16498908	74.194119	Bin1237	9	chr09|13109	17848824	9	16498907	16498908	+
9	16576165	74.677215	Bin1238	9	chr09|13109	17920936	9	16576164	16576165	+
9	16741215	75.646963	Bin1240	9	chr09|13109	18071676	9	16741214	16741215	+
9	16806169	76.130059	Bin1241	9	chr09|13109	18151733	9	16806168	16806169	+
9	16822073	76.369867	Bin1242	9	chr09|13109	18168311	9	16822072	16822073	+
9	16891898	76.609676	Bin1243	9	chr09|13109	18242202	9	16891897	16891898	+
9	17001491	78.102324	Bin1244	9	chr09|13109	18334299	9	17001490	17001491	+
9	17067173	78.342133	Bin1245	9	chr09|13109	18396814	9	17067172	17067173	+
9	17140794	79.072073	Bin1246	9	chr09|13109	18470808	9	17140793	17140794	+
9	17196804	79.311881	Bin1247	9	chr09|13109	18544906	9	17196803	17196804	+
9	17301990	79.551690	Bin1248	9	chr09|13109	18657510	9	17301989	17301990	+
9	17418331	80.034786	Bin1249	9	chr09|13109	18750967	9	17418330	17418331	+
9	17468772	80.274594	Bin1250	9	chr09|13109	18791897	9	17468771	17468772	+
9	17533579	80.514403	Bin1251	9	chr09|13109	18858075	9	17533578	17533579	+
9	17588620	80.754211	Bin1252	9	chr09|13109	18913600	9	17588619	17588620	+
9	17643719	81.237307	Bin1253	9	chr09|13109	18969110	9	17643718	17643719	+
9	17734684	82.457539	Bin1255	9	chr09|13109	19083917	9	17734683	17734684	+
9	17785735	82.940635	Bin1256	9	chr09|13109	19137688	9	17785734	17785735	+
9	17889610	84.160867	Bin1258	9	chr09|13109	19255132	9	17889609	17889610	+
9	17917313	84.643962	Bin1259	9	chr09|13109	19282670	9	17917312	17917313	+
9	18012542	85.127058	Bin1260	9	chr09|13109	19372474	9	18012541	18012542	+
9	18145188	85.610153	Bin1261	9	chr09|13109	19499760	9	18145187	18145188	+
9	18369473	86.093249	Bin1262	9	chr09|13109	19677499	9	18369472	18369473	+
9	18913257	86.572866	Bin1264	9	chr09|13109	20137378	9	18913256	18913257	+
9	19025523	86.812675	Bin1265	9	chr09|13109	20247219	9	19025522	19025523	+
9	19100860	87.295770	Bin1266	9	chr09|13109	20328121	9	19100859	19100860	+
9	19204033	87.535579	Bin1267	9	chr09|13109	20435279	9	19204032	19204033	+
9	19298324	88.018675	Bin1268	9	chr09|13109	20522449	9	19298323	19298324	+
9	19344365	88.258483	Bin1269	9	chr09|13109	20568774	9	19344364	19344365	+
9	19505116	88.988423	Bin1270	9	chr09|13109	20722448	9	19505115	19505116	+
9	19654566	89.718363	Bin1271	9	chr09|13109	20872966	9	19654565	19654566	+
9	19780316	89.958172	Bin1272	9	chr09|13109	20991224	9	19780315	19780316	+
9	19886505	91.450820	Bin1273	9	chr09|13109	21111472	9	19886504	19886505	+
9	19915166	91.690628	Bin1274	9	chr09|13109	21142264	9	19915165	19915166	+
9	19938240	91.930437	Bin1275	9	chr09|13109	21165020	9	19938239	19938240	+
9	20003400	92.170246	Bin1276	9	chr09|13109	21227691	9	20003399	20003400	+
9	20090512	92.410054	Bin1277	9	chr09|13109	21293802	9	20090511	20090512	+
9	20141783	92.649863	Bin1278	9	chr09|13109	21340434	9	20141782	20141783	+
9	20177243	92.889672	Bin1279	9	chr09|13109	21376374	9	20177242	20177243	+
9	20254550	93.372767	Bin1280	9	chr09|13109	21447490	9	20254549	20254550	+
9	20317847	93.612576	Bin1281	9	chr09|13109	21521962	9	20317846	20317847	+
9	20331315	94.095671	Bin1282	9	chr09|13109	21563304	9	20331314	20331315	+
9	20390630	95.588319	Bin1283	9	chr09|13109	21617972	9	20390629	20390630	+
9	20526984	95.828128	Bin1284	9	chr09|13109	21716297	9	20526983	20526984	+
9	20671680	96.067937	Bin1285	9	chr09|13109	21857427	9	20671679	20671680	+
9	20859554	102.975454	Bin1286	9	chr09|13109	22048930	9	20859553	20859554	+
9	21007035	103.955877	Bin1287	9	chr09|13109	22188882	9	21007034	21007035	+
9	21061601	104.195686	Bin1288	9	chr09|13109	22225319	9	21061600	21061601	+
9	21123081	104.435494	Bin1289	9	chr09|13109	22286254	9	21123080	21123081	+
9	21595178	107.159809	Bin1292	9	chr09|13109	22780341	9	21595177	21595178	+
10	239170	0.000000	Bin1293	10	chr10|13110	387398	10	239169	239170	+
10	841176	0.722904	Bin1295	10	chr10|13110	892967	10	841175	841176	+
10	1039602	2.717279	Bin1297	10	chr10|13110	1098846	10	1039601	1039602	+
10	1757753	3.679992	Bin1300	10	chr10|13110	1808332	10	1757752	1757753	+
10	2260745	3.919800	Bin1301	10	chr10|13110	2428864	10	2260744	2260745	+
10	2398311	6.762943	Bin1302	10	chr10|13110	2596204	10	2398310	2398311	+
10	2904864	7.002752	Bin1303	10	chr10|13110	3079971	10	2904863	2904864	+
10	3480976	9.023229	Bin1304	10	chr10|13110	3819250	10	3480975	3480976	+
10	3815594	10.003652	Bin1305	10	chr10|13110	4526367	10	3815593	3815594	+
10	4559093	11.223885	Bin1307	10	chr10|13110	5314200	10	4559092	4559093	+
10	4605873	11.463693	Bin1308	10	chr10|13110	5359849	10	4605872	4605873	+
10	4647898	11.703502	Bin1309	10	chr10|13110	5433924	10	4647897	4647898	+
10	5194783	11.943310	Bin1310	10	chr10|13110	5952322	10	5194782	5194783	+
10	5717822	12.183119	Bin1311	10	chr10|13110	6656348	10	5717821	5717822	+
10	6854368	13.145832	Bin1314	10	chr10|13110	8358479	10	6854367	6854368	+
10	7275049	13.385640	Bin1315	10	chr10|13110	8845941	10	7275048	7275049	+
10	7668569	13.625449	Bin1316	10	chr10|13110	9237774	10	7668568	7668569	+
10	8223032	14.105066	Bin1318	10	chr10|13110	9937550	10	8223031	8223032	+
10	9744475	15.314623	Bin1321	10	chr10|13110	11445420	10	9744474	9744475	+
10	9885777	18.440641	Bin1322	10	chr10|13110	11544701	10	9885776	9885777	+
10	9921174	18.680450	Bin1323	10	chr10|13110	11576266	10	9921173	9921174	+
10	9950674	19.163545	Bin1324	10	chr10|13110	11616429	10	9950673	9950674	+
10	10125010	20.133294	Bin1326	10	chr10|13110	11766198	10	10125009	10125010	+
10	10231107	20.373103	Bin1327	10	chr10|13110	11839607	10	10231106	10231107	+
10	10304396	22.393580	Bin1328	10	chr10|13110	11900547	10	10304395	10304396	+
10	10437631	22.633388	Bin1329	10	chr10|13110	11972447	10	10437630	10437631	+
10	10975915	22.873197	Bin1330	10	chr10|13110	12452157	10	10975914	10975915	+
10	11358811	24.893674	Bin1331	10	chr10|13110	12940974	10	11358810	11358811	+
10	11427961	25.376769	Bin1332	10	chr10|13110	13008850	10	11427960	11427961	+
10	11486694	25.859865	Bin1333	10	chr10|13110	13062066	10	11486693	11486694	+
10	11858707	26.342960	Bin1334	10	chr10|13110	13406302	10	11858706	11858707	+
10	12215270	27.323384	Bin1335	10	chr10|13110	13742407	10	12215269	12215270	+
10	12314926	27.563192	Bin1336	10	chr10|13110	13831062	10	12314925	12314926	+
10	12569444	29.538936	Bin1338	10	chr10|13110	14260888	10	12569443	12569444	+
10	12786144	33.244335	Bin1339	10	chr10|13110	14432920	10	12786143	12786144	+
10	12852944	33.484143	Bin1340	10	chr10|13110	14496569	10	12852943	12852944	+
10	12910370	33.723952	Bin1341	10	chr10|13110	14537757	10	12910369	12910370	+
10	12940007	33.963761	Bin1342	10	chr10|13110	14562757	10	12940006	12940007	+
10	12955025	34.203569	Bin1343	10	chr10|13110	14574040	10	12955024	12955025	+
10	13001296	34.443378	Bin1344	10	chr10|13110	14613149	10	13001295	13001296	+
10	13116993	34.926473	Bin1345	10	chr10|13110	14706706	10	13116992	13116993	+
10	13321561	36.920848	Bin1347	10	chr10|13110	14888270	10	13321560	13321561	+
10	13782461	37.160657	Bin1348	10	chr10|13110	15296624	10	13782460	13782461	+
10	14235345	40.866055	Bin1349	10	chr10|13110	15712886	10	14235344	14235345	+
10	14653291	42.086287	Bin1351	10	chr10|13110	16054251	10	14653290	14653291	+
10	14751902	42.326096	Bin1352	10	chr10|13110	16135264	10	14751901	14751902	+
10	14789709	43.306520	Bin1353	10	chr10|13110	16180056	10	14789708	14789709	+
10	14912457	43.546328	Bin1354	10	chr10|13110	16291669	10	14912456	14912457	+
10	15406348	47.442822	Bin1356	10	chr10|13110	16746940	10	15406347	15406348	+
10	15784648	47.682631	Bin1357	10	chr10|13110	17110378	10	15784647	15784648	+
10	16185669	47.922440	Bin1358	10	chr10|13110	17368058	10	16185668	16185669	+
10	16476367	49.415088	Bin1359	10	chr10|13110	17627944	10	16476366	16476367	+
10	16830638	49.898183	Bin1360	10	chr10|13110	17934816	10	16830637	16830638	+
10	17038023	50.628123	Bin1361	10	chr10|13110	18103560	10	17038022	17038023	+
10	17298771	51.862754	Bin1362	10	chr10|13110	18355245	10	17298770	17298771	+
10	17616744	56.743338	Bin1364	10	chr10|13110	18664992	10	17616743	17616744	+
10	17788204	57.473278	Bin1365	10	chr10|13110	18798736	10	17788203	17788204	+
10	18028608	57.713086	Bin1366	10	chr10|13110	19000160	10	18028607	18028608	+
10	18260400	61.126485	Bin1367	10	chr10|13110	19227406	10	18260399	18260400	+
10	18514108	61.366293	Bin1368	10	chr10|13110	19488979	10	18514107	18514108	+
10	18934748	64.170767	Bin1370	10	chr10|13110	19904452	10	18934747	18934748	+
10	19087129	64.900707	Bin1371	10	chr10|13110	20065857	10	19087128	19087129	+
10	19500687	65.383802	Bin1372	10	chr10|13110	20475284	10	19500686	19500687	+
10	19972734	73.736507	Bin1373	10	chr10|13110	20919590	10	19972733	19972734	+
10	20446924	73.976315	Bin1374	10	chr10|13110	21374768	10	20446923	20446924	+
10	20771067	74.216124	Bin1375	10	chr10|13110	21689456	10	20771066	20771067	+
10	20803126	78.519854	Bin1376	10	chr10|13110	21725978	10	20803125	20803126	+
10	20844718	78.759663	Bin1377	10	chr10|13110	21765586	10	20844717	20844718	+
10	20940287	79.242758	Bin1378	10	chr10|13110	21856462	10	20940286	20940287	+
10	21045099	79.725854	Bin1379	10	chr10|13110	21951750	10	21045098	21045099	+
10	21125501	80.208949	Bin1380	10	chr10|13110	22027999	10	21125500	21125501	+
10	21232070	81.701598	Bin1381	10	chr10|13110	22121226	10	21232069	21232070	+
10	21311673	81.941406	Bin1382	10	chr10|13110	22193025	10	21311672	21311673	+
10	21393162	82.424502	Bin1383	10	chr10|13110	22258876	10	21393161	21393162	+
10	21477359	82.664310	Bin1384	10	chr10|13110	22343044	10	21477358	21477359	+
10	21590250	83.644734	Bin1385	10	chr10|13110	22452606	10	21590249	21590250	+
10	21739599	84.124351	Bin1387	10	chr10|13110	22620402	10	21739598	21739599	+
10	21870380	84.854291	Bin1388	10	chr10|13110	22728428	10	21870379	21870380	+
10	21938292	85.094100	Bin1389	10	chr10|13110	22817778	10	21938291	21938292	+
10	22126567	85.333908	Bin1390	10	chr10|13110	22986515	10	22126566	22126567	+
11	31033	0.239809	Bin1392	11	chr11|13111	296692	11	31032	31033	+
11	179580	3.945207	Bin1393	11	chr11|13111	501388	11	179579	179580	+
11	350416	4.675147	Bin1394	11	chr11|13111	666694	11	350415	350416	+
11	444640	5.158243	Bin1395	11	chr11|13111	750094	11	444639	444640	+
11	595786	5.398051	Bin1396	11	chr11|13111	906102	11	595785	595786	+
11	771987	5.637860	Bin1397	11	chr11|13111	1089493	11	771986	771987	+
11	954363	5.877669	Bin1398	11	chr11|13111	1216222	11	954362	954363	+
11	1167735	13.494705	Bin1399	11	chr11|13111	1461825	11	1167734	1167735	+
11	1491573	13.734513	Bin1400	11	chr11|13111	1784032	11	1491572	1491573	+
11	1663939	14.217609	Bin1401	11	chr11|13111	1919576	11	1663938	1663939	+
11	1893982	15.972175	Bin1402	11	chr11|13111	2150718	11	1893981	1893982	+
11	2170001	16.952599	Bin1403	11	chr11|13111	2399686	11	2170000	2170001	+
11	2230444	17.192407	Bin1404	11	chr11|13111	2447640	11	2230443	2230444	+
11	2374278	17.922347	Bin1405	11	chr11|13111	2565303	11	2374277	2374278	+
11	2521595	18.162156	Bin1406	11	chr11|13111	2673083	11	2521594	2521595	+
11	2606734	19.916722	Bin1407	11	chr11|13111	2750372	11	2606733	2606734	+
11	2727486	21.151352	Bin1408	11	chr11|13111	2869209	11	2727485	2727486	+
11	2795552	21.391161	Bin1409	11	chr11|13111	2936056	11	2795551	2795552	+
11	2841282	21.630970	Bin1410	11	chr11|13111	2982343	11	2841281	2841282	+
11	2928222	22.110587	Bin1412	11	chr11|13111	3137566	11	2928221	2928222	+
11	3196317	23.091010	Bin1413	11	chr11|13111	3375464	11	3196316	3196317	+
11	3368238	25.655675	Bin1414	11	chr11|13111	3595832	11	3368237	3368238	+
11	3474448	25.895484	Bin1415	11	chr11|13111	3686574	11	3474447	3474448	+
11	3592844	26.135292	Bin1416	11	chr11|13111	3808265	11	3592843	3592844	+
11	3689398	27.115716	Bin1417	11	chr11|13111	3883988	11	3689397	3689398	+
11	3903032	27.355524	Bin1418	11	chr11|13111	4100658	11	3903031	3903032	+
11	4132033	30.481542	Bin1419	11	chr11|13111	4307204	11	4132032	4132033	+
11	4167776	30.964638	Bin1420	11	chr11|13111	4331789	11	4167775	4167776	+
11	4429180	31.687542	Bin1422	11	chr11|13111	4557292	11	4429179	4429180	+
11	4621905	31.927351	Bin1423	11	chr11|13111	4853972	11	4621904	4621905	+
11	5156604	37.819103	Bin1426	11	chr11|13111	5655020	11	5156603	5156604	+
11	5388584	38.298720	Bin1428	11	chr11|13111	5838103	11	5388583	5388584	+
11	6219251	45.797953	Bin1431	11	chr11|13111	7072030	11	6219250	6219251	+
11	6570813	46.277570	Bin1433	11	chr11|13111	7539421	11	6570812	6570813	+
11	6643255	46.517379	Bin1434	11	chr11|13111	7622146	11	6643254	6643255	+
11	6760818	49.360522	Bin1435	11	chr11|13111	7739722	11	6760817	6760818	+
11	6930085	50.580754	Bin1437	11	chr11|13111	7900246	11	6930084	6930085	+
11	7427540	52.313211	Bin1439	11	chr11|13111	8929760	11	7427539	7427540	+
11	7521745	52.796307	Bin1440	11	chr11|13111	9015982	11	7521744	7521745	+
11	7696470	53.036115	Bin1441	11	chr11|13111	9162486	11	7696469	7696470	+
11	7954572	53.275924	Bin1442	11	chr11|13111	9367710	11	7954571	7954572	+
11	8141737	53.515732	Bin1443	11	chr11|13111	9513738	11	8141736	8141737	+
11	8338336	54.979252	Bin1445	11	chr11|13111	9747980	11	8338335	8338336	+
11	8945254	56.711708	Bin1447	11	chr11|13111	10354513	11	8945253	8945254	+
11	9465455	57.434613	Bin1449	11	chr11|13111	10810958	11	9465454	9465455	+
11	10619026	57.914230	Bin1451	11	chr11|13111	11786203	11	10619025	10619026	+
11	12720187	59.113273	Bin1456	11	chr11|13111	15816606	11	12720186	12720187	+
11	13145716	59.843213	Bin1457	11	chr11|13111	16100853	11	13145715	13145716	+
11	13364658	60.083021	Bin1458	11	chr11|13111	16386646	11	13364657	13364658	+
11	13505427	60.322830	Bin1459	11	chr11|13111	16504315	11	13505426	13505427	+
11	13817023	61.557461	Bin1460	11	chr11|13111	16798505	11	13817022	13817023	+
11	14242522	62.287401	Bin1461	11	chr11|13111	17102870	11	14242521	14242522	+
11	14422206	62.527209	Bin1462	11	chr11|13111	17247186	11	14422205	14422206	+
11	15000918	65.331683	Bin1464	11	chr11|13111	17832744	11	15000917	15000918	+
11	15115395	66.551915	Bin1466	11	chr11|13111	17929708	11	15115394	15115395	+
11	15316002	67.532338	Bin1467	11	chr11|13111	18081808	11	15316001	15316002	+
11	15481487	68.512762	Bin1468	11	chr11|13111	18257472	11	15481486	15481487	+
11	15622530	69.242702	Bin1469	11	chr11|13111	18398768	11	15622529	15622530	+
11	15882047	69.482510	Bin1470	11	chr11|13111	18630223	11	15882046	15882047	+
11	16073342	70.462934	Bin1471	11	chr11|13111	18795233	11	16073341	16073342	+
11	16174431	71.432683	Bin1473	11	chr11|13111	18867024	11	16174430	16174431	+
11	16282859	71.672491	Bin1474	11	chr11|13111	18971759	11	16282858	16282859	+
11	16376737	71.912300	Bin1475	11	chr11|13111	19076234	11	16376736	16376737	+
11	16410136	73.146930	Bin1476	11	chr11|13111	19113857	11	16410135	16410136	+
11	16503425	75.437407	Bin1477	11	chr11|13111	19183786	11	16503424	16503425	+
11	16723705	77.910479	Bin1479	11	chr11|13111	19446869	11	16723704	16723705	+
11	16774584	78.150288	Bin1480	11	chr11|13111	19498171	11	16774583	16774584	+
11	16860063	78.390096	Bin1481	11	chr11|13111	19582712	11	16860062	16860063	+
11	17099651	78.629905	Bin1482	11	chr11|13111	19864150	11	17099650	17099651	+
11	17449015	79.352809	Bin1484	11	chr11|13111	20257478	11	17449014	17449015	+
11	17941905	80.827248	Bin1486	11	chr11|13111	20677545	11	17941904	17941905	+
11	18025519	81.310344	Bin1487	11	chr11|13111	20777216	11	18025518	18025519	+
11	18231898	82.544974	Bin1488	11	chr11|13111	21022014	11	18231897	18231898	+
11	18404506	83.028070	Bin1489	11	chr11|13111	21273178	11	18404505	18404506	+
11	18684495	83.997819	Bin1491	11	chr11|13111	21543384	11	18684494	18684495	+
11	18793833	84.480914	Bin1492	11	chr11|13111	21684674	11	18793832	18793833	+
11	19085508	92.632527	Bin1498	11	chr11|13111	22686838	11	19085507	19085508	-
11	19192873	92.392718	Bin1497	11	chr11|13111	22596761	11	19192872	19192873	-
11	19229419	92.152909	Bin1496	11	chr11|13111	22566425	11	19229418	19229419	-
11	19860368	100.572046	Bin1507	11	chr11|13111	24116194	11	19860367	19860368	+
11	20169444	102.032087	Bin1510	11	chr11|13111	24494720	11	20169443	20169444	+
11	20222675	102.762027	Bin1511	11	chr11|13111	24602777	11	20222674	20222675	+
11	20299817	103.491967	Bin1512	11	chr11|13111	24668784	11	20299816	20299817	+
11	20322096	103.731776	Bin1513	11	chr11|13111	24690945	11	20322095	20322096	+
11	20353455	103.971584	Bin1514	11	chr11|13111	24722748	11	20353454	20353455	+
11	20386287	104.211393	Bin1515	11	chr11|13111	24751208	11	20386286	20386287	+
11	20419953	106.776057	Bin1516	11	chr11|13111	24777397	11	20419952	20419953	+
11	21198079	107.978579	Bin1520	11	chr11|13111	25852000	11	21198078	21198079	+
11	21222807	111.636461	Bin1528	11	chr11|13111	26676752	11	21222806	21222807	+
11	21325393	108.218387	Bin1521	11	chr11|13111	25933964	11	21325392	21325393	+
11	21432124	108.698005	Bin1523	11	chr11|13111	26011622	11	21432123	21432124	+
11	21498317	109.181100	Bin1524	11	chr11|13111	26083849	11	21498316	21498317	+
11	21582871	109.420909	Bin1525	11	chr11|13111	26323541	11	21582870	21582871	+
11	22209935	111.876270	Bin1529	11	chr11|13111	26729338	11	22209934	22209935	-
11	22255293	112.606210	Bin1530	11	chr11|13111	26764933	11	22255292	22255293	-
11	22350971	112.846018	Bin1531	11	chr11|13111	26799758	11	22350970	22350971	-
11	22826760	116.241999	Bin1538	11	chr11|13111	28270503	11	22826759	22826760	+
11	22880393	116.481807	Bin1539	11	chr11|13111	28317872	11	22880392	22880393	+
11	23004714	116.721616	Bin1540	11	chr11|13111	28428547	11	23004713	23004714	+
12	551303	0.000000	Bin1541	12	chr12|13112	362244	12	551302	551303	+
12	1172176	1.234631	Bin1542	12	chr12|13112	944584	12	1172175	1172176	+
12	1505751	1.474439	Bin1543	12	chr12|13112	1177882	12	1505750	1505751	+
12	3263531	14.044944	Bin1545	12	chr12|13112	3032408	12	3263530	3263531	+
12	3353488	14.284752	Bin1546	12	chr12|13112	3094679	12	3353487	3353488	+
12	3785059	16.039318	Bin1547	12	chr12|13112	3487819	12	3785058	3785059	+
12	5284105	37.999765	Bin1549	12	chr12|13112	5063106	12	5284104	5284105	+
12	6752311	40.237426	Bin1551	12	chr12|13112	7295998	12	6752310	6752311	+
12	6891846	40.477235	Bin1552	12	chr12|13112	7399880	12	6891845	6891846	+
12	7043981	40.717044	Bin1553	12	chr12|13112	7529351	12	7043980	7043981	+
12	7983632	43.191035	Bin1557	12	chr12|13112	10269742	12	7983631	7983632	+
12	8562808	43.670653	Bin1559	12	chr12|13112	10764472	12	8562807	8562808	+
12	8575676	43.910461	Bin1560	12	chr12|13112	10784644	12	8575675	8575676	+
12	12615524	45.596078	Bin1565	12	chr12|13112	15464900	12	12615523	12615524	+
12	13138158	46.562269	Bin1567	12	chr12|13112	16412538	12	13138157	13138158	+
12	14010670	48.015113	Bin1570	12	chr12|13112	17621564	12	14010669	14010670	+
12	14519108	49.228149	Bin1572	12	chr12|13112	18099216	12	14519107	14519108	+
12	14672397	50.208572	Bin1573	12	chr12|13112	18271530	12	14672396	14672397	+
12	14732711	50.448381	Bin1574	12	chr12|13112	18330476	12	14732710	14732711	+
12	15163631	54.393588	Bin1576	12	chr12|13112	18839484	12	15163630	15163631	+
12	15398278	55.123528	Bin1577	12	chr12|13112	19123499	12	15398277	15398278	+
12	15734214	56.336564	Bin1579	12	chr12|13112	19490848	12	15734213	15734214	+
12	15978931	59.419515	Bin1581	12	chr12|13112	19748320	12	15978930	15978931	+
12	16932286	62.892836	Bin1585	12	chr12|13112	21237128	12	16932285	16932286	+
12	17117679	68.131784	Bin1586	12	chr12|13112	21459777	12	17117678	17117679	+
12	17297398	68.371593	Bin1587	12	chr12|13112	21658991	12	17297397	17297398	+
12	17492542	68.854688	Bin1588	12	chr12|13112	21872682	12	17492541	17492542	+
12	18065231	76.353597	Bin1590	12	chr12|13112	22505612	12	18065230	18065231	+
12	18302678	77.334021	Bin1591	12	chr12|13112	22749904	12	18302677	18302678	+
12	18507569	77.573830	Bin1592	12	chr12|13112	22994092	12	18507568	18507569	+
12	18750460	77.813638	Bin1593	12	chr12|13112	23222848	12	18750459	18750460	+
12	18991503	81.519037	Bin1594	12	chr12|13112	23436673	12	18991502	18991503	+
12	19085283	83.011685	Bin1595	12	chr12|13112	23530020	12	19085282	19085283	+
12	19449710	83.977876	Bin1597	12	chr12|13112	23893352	12	19449709	19449710	+
12	19512827	84.460972	Bin1598	12	chr12|13112	23933286	12	19512826	19512827	+
12	19577096	84.944067	Bin1599	12	chr12|13112	24021126	12	19577095	19577096	+
12	19673623	86.698633	Bin1600	12	chr12|13112	24099047	12	19673622	19673623	+
12	19827912	87.181729	Bin1601	12	chr12|13112	24281181	12	19827911	19827912	+
12	20034396	87.421537	Bin1602	12	chr12|13112	24480526	12	20034395	20034396	+
12	20076703	87.661346	Bin1603	12	chr12|13112	24543984	12	20076702	20076703	+
12	20168537	87.901154	Bin1604	12	chr12|13112	24637202	12	20168536	20168537	+
12	20339207	91.903290	Bin1605	12	chr12|13112	24781597	12	20339206	20339207	+
12	20615564	92.143098	Bin1606	12	chr12|13112	25051874	12	20615563	20615564	+
12	20827003	93.123522	Bin1607	12	chr12|13112	25262666	12	20827002	20827003	+
12	20860945	93.363331	Bin1608	12	chr12|13112	25293550	12	20860944	20860945	+
12	20901794	94.093271	Bin1609	12	chr12|13112	25330410	12	20901793	20901794	+
12	21065683	96.113748	Bin1610	12	chr12|13112	25477212	12	21065682	21065683	+
12	21350299	97.083496	Bin1612	12	chr12|13112	25721308	12	21350298	21350299	+
12	21596230	104.342597	Bin1613	12	chr12|13112	25939428	12	21596229	21596230	+
12	21852598	104.825692	Bin1614	12	chr12|13112	26199661	12	21852597	21852598	+
12	22012311	105.065501	Bin1615	12	chr12|13112	26358413	12	22012310	22012311	+
12	22121188	106.045924	Bin1616	12	chr12|13112	26458326	12	22121187	22121188	+
12	22257722	106.285733	Bin1617	12	chr12|13112	26592497	12	22257721	22257722	+
12	22440802	106.768828	Bin1618	12	chr12|13112	26839692	12	22440801	22440802	+
