marker_id	best_chr	pos	cM	expected_chr	pident	aln_len	bitscore	competitor_chr	competitor_bitscore	unique	chr_agree
brpb-840382	A1	1288210	19.889501	A1	98.88	445	795.0	C1	706.0	1	1
brpb-659711	A1	1432876	16.776	A1	99.12	228	411.0	A3	207.0	1	1
brpb-657648	A1	2268821	23.47	A1	98.33	299	523.0	C1	239.0	1	1
brpb-658455	A1	2268874	24.082707	A1	97.79	407	702.0	C1	353.0	1	1
brpb-658172	A1	2269231	23.488	A1	98.87	353	632.0	C1	339.0	1	1
brpb-809947	A1	2445551	27.615	A1	93.17	322	470.0	C7	148.0	1	1
brpb-663220	A1	2660894	29.334	A1	99.74	385	706.0	A1	147.0	1	1
brpb-839756	A1	3309563	41.967	A1	96.51	458	758.0	C1	357.0	1	1
brpb-657742	A1	3554719	43.48072	A1	97.27	549	931.0			1	1
brpb-808330	A1	3779975	47.605	A1	92.52	107	156.0			1	1
brpb-663258	A1	4312256	47.043465	A1	96.47	312	516.0	C1	472.0	1	1
brpb-660511	A1	6891773	53.178395	A1	99.34	453	821.0	C1	621.0	1	1
brpb-662948	A1	7538692	57.906354	A1	99.72	701	1284.0	A9	1026.0	1	1
brpb-808614	A1	7932148	56.671169	A1	97.41	270	460.0	C1	422.0	1	1
brpb-658070	A1	8046389	56.4728	A1	97.78	722	1245.0	C1	1070.0	1	1
brpb-657957	A1	8046421	56.4728	A1	95.75	658	1075.0	C1	920.0	1	1
brpb-661347	A1	8914949	62.382385	A1	99.79	474	870.0	C1	828.0	0	1
brpb-660344	A1	10981228	66.374432	A1	99.84	641	1179.0	C1	1011.0	1	1
brpb-657779	A1	10981919	68.010133	A1	97.31	372	632.0	C1	586.0	1	1
brpb-661486	A1	11885628	37.953	C1	98.64	515	907.0	C1	887.0	0	0
brpb-659195	A1	12126623	67.226	A1	99.70	339	621.0	A6	590.0	0	1
brpb-838958	A1	12126623	67.288	A1	100.00	339	627.0	A6	584.0	1	1
brpb-671293	A1	15144963	36.757	C1	96.91	291	486.0	C1	479.0	0	0
brpb-838470	A1	15144963	39.585	C1	96.91	291	486.0	C1	479.0	0	0
brpb-838936	A1	15144963	40.238	C1	96.91	291	486.0	C1	479.0	0	0
brpb-670408	A1	19752786	67.722	A1	98.37	369	649.0	C1	405.0	1	1
brpb-658760	A1	22421049	68.93574	A1	97.95	538	931.0	C1	542.0	1	1
brpb-662342	A1	24678442	75.426002	A1	97.74	752	1297.0	C1	1247.0	0	1
brpb-663286	A1	24806304	73.788	A1	100.00	305	564.0	C1	486.0	1	1
brpb-661010	A1	24806463	73.834	A1	99.84	624	1147.0	C1	1031.0	1	1
brpb-670361	A1	24806552	73.887	A1	96.00	450	749.0	C1	649.0	1	1
brpb-660357	A1	26054463	77.06672	A1	100.00	643	1188.0	C1	928.0	1	1
brpb-669998	A1	27722464	82.668922	A1	98.41	252	451.0			1	1
brpb-662737	A1	27722485	80.788329	A1	99.66	293	536.0	A9	176.0	1	1
brpb-839626	A1	27722518	79.275671	A1	100.00	359	664.0			1	1
brpb-840554	A1	27722518	84.9135	A1	99.16	359	649.0			1	1
brpb-670799	A1	28131423	61.560716	A5	95.60	523	852.0	C1	797.0	1	0
brpb-807992	A1	30081869	123.62984	A1	97.05	339	577.0	C1	566.0	0	1
brpb-808460	A2	438600	11.66	C2	99.81	514	946.0	C2	891.0	1	0
brpb-670904	A2	3736048	11.11	A2	99.34	304	549.0			1	1
brpb-808338	A2	3746223	11.954	A2	92.80	500	741.0	C2	708.0	0	1
brpb-840784	A2	3746223	11.399	A2	99.80	500	918.0	C2	857.0	1	1
brpb-842220	A2	3746223	11.457	A2	99.60	500	915.0	C2	854.0	1	1
brpb-671322	A2	3948598	12.708	A2	100.00	504	931.0			1	1
brpb-840731	A2	3948702	12.845	A2	98.65	296	529.0			1	1
brpb-840545	A2	5370138	15.205	A2	99.23	389	708.0	C2	527.0	1	1
brpb-661469	A2	7609373	20.869	A2	99.78	457	839.0	C2	791.0	1	1
brpb-658386	A2	8008401	23.061	A2	99.68	313	571.0	C2	431.0	1	1
brpb-659016	A2	9620190	24.955	A2	99.35	309	558.0	C2	339.0	1	1
brpb-657868	A2	9620237	24.957	A2	97.51	402	695.0	C2	333.0	1	1
brpb-659053	A2	9620249	24.959	A2	98.83	427	761.0	C2	344.0	1	1
brpb-661407	A2	9620249	24.957	A2	96.74	429	715.0	C2	300.0	1	1
brpb-662239	A2	9620249	24.957	A2	99.06	427	765.0	C2	339.0	1	1
brpb-662312	A2	9620249	24.948	A2	98.83	427	758.0	C2	339.0	1	1
brpb-670471	A2	9620391	24.952	A2	100.00	142	263.0			1	1
brpb-657736	A2	10236286	24.966321	A4	98.88	445	795.0	A4	789.0	0	0
brpb-657600	A2	12516501	67.134	A6	90.65	246	331.0	A6	250.0	1	0
brpb-662889	A2	15736002	56.434149	C2	98.47	588	1035.0			1	0
brpb-658083	A2	23220496	52.175604	A2	100.00	218	403.0			1	1
brpb-809267	A2	27950629	74.024	A2	96.94	327	549.0	C2	527.0	0	1
brpb-840401	A2	27950629	74.002	A2	99.39	327	595.0	C2	496.0	1	1
brpb-660196	A2	27954983	73.974	A2	97.02	470	793.0			1	1
brpb-657949	A2	27955009	73.962	A2	99.42	522	950.0			1	1
brpb-808759	A2	27955112	74.009	A2	97.29	738	1242.0			1	1
brpb-808824	A2	28127205	0	A7	99.72	364	667.0			1	0
brpb-840062	A2	28127205	0	A7	99.18	364	656.0			1	0
brpb-661972	A3	1574069	8.393737	A3	98.59	425	749.0	C3	654.0	1	1
brpb-660648	A3	1727540	9.847163	A3	96.85	349	582.0	C3	580.0	0	1
brpb-659233	A3	1727591	10.779997	A3	98.67	452	809.0	C3	802.0	0	1
brpb-658157	A3	1927932	4.768941	A3	97.28	552	937.0	C3	739.0	1	1
brpb-657679	A3	2288516	29.216801	A3	97.72	307	525.0	C9	206.0	1	1
brpb-659852	A3	2482885	32.402588	A3	100.00	225	416.0	C3	366.0	1	1
brpb-658285	A3	2558946	26.785331	A3	96.11	334	540.0	C3	499.0	1	1
brpb-658945	A3	2558946	26.785331	A3	96.41	334	545.0	C3	505.0	1	1
brpb-661767	A3	2558946	26.785331	A3	95.21	334	521.0	C3	514.0	0	1
brpb-662944	A3	2558946	26.785331	A3	97.01	334	556.0	C3	516.0	1	1
brpb-808545	A3	2558946	26.785331	A3	96.11	334	538.0	C3	531.0	0	1
brpb-659037	A3	2559077	26.785331	A3	94.03	67	102.0			1	1
brpb-658433	A3	2880230	36.401645	A3	96.91	324	547.0	C3	414.0	1	1
brpb-809652	A3	3243611	17.479	C3	95.59	68	110.0			1	0
brpb-657896	A3	3767305	53.355489	A10	99.77	435	800.0	C3	617.0	1	0
brpb-839374	A3	5808966	35.950505	C3	94.69	339	523.0	C3	518.0	0	0
brpb-839739	A3	5808966	35.950505	C3	94.69	339	523.0	C3	518.0	0	0
brpb-663683	A3	7352400	55.656193	A3	100.00	232	429.0			1	1
brpb-840137	A3	7356300	50.716181	A3	98.42	508	894.0	C3	568.0	1	1
brpb-838688	A3	7550475	56.448193	A3	96.04	328	547.0			1	1
brpb-840813	A3	7550475	55.969193	A3	98.78	328	582.0	A4	195.0	1	1
brpb-840898	A3	9948509	60.877593	A3	97.12	417	702.0	C3	662.0	1	1
brpb-660993	A3	12067611	66.808239	A3	95.33	343	540.0			1	1
brpb-839525	A3	12173886	65.176007	A3	98.89	452	808.0	C3	704.0	1	1
brpb-657750	A3	14718055	73.469511	A3	97.98	397	689.0	C3	660.0	0	1
brpb-658436	A3	14718055	73.691193	A3	98.49	397	699.0	C3	665.0	0	1
brpb-658601	A3	14718055	73.578193	A3	98.74	397	704.0	C3	671.0	0	1
brpb-658800	A3	14718055	73.684193	A3	98.49	397	699.0	C3	665.0	0	1
brpb-658844	A3	14718055	73.599193	A3	98.74	397	704.0	C3	671.0	0	1
brpb-660346	A3	14718055	73.776193	A3	98.49	397	699.0	C3	665.0	0	1
brpb-662736	A3	14718055	73.359193	A3	98.49	397	699.0	C3	654.0	1	1
brpb-662935	A3	14718055	77.275952	A3	98.49	397	699.0	C3	665.0	0	1
brpb-808274	A3	14718055	73.075193	A3	98.74	397	704.0	C3	671.0	0	1
brpb-809175	A3	14718055	73.423193	A3	98.49	397	699.0	C3	665.0	0	1
brpb-809214	A3	14718055	73.615193	A3	98.74	397	704.0	C3	671.0	0	1
brpb-809854	A3	14718055	73.779093	A3	97.73	397	689.0	C3	656.0	0	1
brpb-838708	A3	14718055	73.571193	A3	98.24	397	693.0	C3	660.0	0	1
brpb-809205	A3	14718125	73.843193	A3	98.83	256	459.0	C3	422.0	1	1
brpb-660030	A3	14718184	73.311193	A3	95.65	138	228.0	C3	198.0	1	1
brpb-658949	A3	14901068	75.372732	A3	97.62	504	869.0	A3	660.0	1	1
brpb-662347	A3	15112709	72.990193	A3	98.30	705	1236.0	A3	294.0	1	1
brpb-658802	A3	15168545	72.406193	A3	94.83	445	699.0			1	1
brpb-657925	A3	16194376	81.938193	A3	98.66	524	933.0			1	1
brpb-657945	A3	16194377	82.100193	A3	99.62	526	961.0			1	1
brpb-657981	A3	16194377	82.054193	A3	99.81	526	966.0	C3	684.0	1	1
brpb-659638	A3	16740745	85.434193	A3	100.00	166	307.0	A3	154.0	1	1
brpb-663225	A3	16740774	85.674193	A3	100.00	223	412.0	A3	154.0	1	1
brpb-659257	A3	16741006	85.751332	A3	99.09	663	1197.0	C3	935.0	1	1
brpb-671327	A3	16741044	85.491193	A3	99.83	586	1077.0	C3	880.0	1	1
brpb-671284	A3	17027173	88.132193	A3	99.42	521	948.0	C3	721.0	1	1
brpb-839683	A3	17027375	88.566193	A3	98.29	117	206.0			1	1
brpb-838880	A3	21583587	103.495707	A3	96.62	414	702.0	C7	680.0	0	1
brpb-662475	A3	21689233	27.836663	A7	94.14	444	706.0			1	0
brpb-661655	A3	22512337	110.432181	A3	99.79	480	883.0	C7	839.0	0	1
brpb-660733	A3	22512338	110.432181	A3	99.79	482	885.0	C7	841.0	0	1
brpb-659276	A3	25497307	126.651193	A3	90.16	437	560.0	A1	196.0	1	1
brpb-838604	A3	27387772	128.524072	A3	100.00	112	207.0	C7	182.0	1	1
brpb-838788	A3	28083985	129.000816	A3	98.91	183	327.0	A3	327.0	0	1
brpb-658349	A3	28587887	134.17519	A3	96.46	367	597.0	C6	375.0	1	1
brpb-658578	A3	28713078	132.641613	A3	97.97	344	597.0	C7	555.0	1	1
brpb-840964	A3	29487257	144.362193	A3	99.76	418	769.0	C7	532.0	1	1
brpb-659729	A3	29487301	144.902193	A3	99.70	330	604.0	C7	420.0	1	1
brpb-661250	A3	31460752	135.932659	A3	99.77	435	798.0	C7	651.0	1	1
brpb-839485	A3	31460752	135.932659	A3	100.00	435	804.0	C7	656.0	1	1
brpb-839588	A3	31460812	135.932659	A3	97.78	315	553.0	C7	475.0	1	1
brpb-657692	A3	37537427	32.635367	A4	97.19	534	920.0	A3	920.0	0	0
brpb-670950	A3	38058116	47.291626	A5	97.99	497	861.0	C9	704.0	1	0
brpb-663305	A4	361416	10.875964	A4	96.65	478	808.0			1	1
brpb-660316	A4	361539	11.687964	A4	96.69	725	1192.0	C4	420.0	1	1
brpb-663259	A4	361823	11.883964	A4	99.36	156	281.0	C4	198.0	1	1
brpb-660939	A4	969284	16.926964	A4	98.57	560	996.0			1	1
brpb-661628	A4	1138793	14.884	A4	94.22	571	867.0	C4	760.0	1	1
brpb-841242	A4	1138793	14.884	A4	99.82	564	1037.0	C4	808.0	1	1
brpb-658988	A4	2518182	21.239277	A4	97.98	247	429.0	C4	326.0	1	1
brpb-670055	A4	2894617	22.864214	A4	97.10	345	595.0	C4	555.0	1	1
brpb-658486	A4	2894713	22.864214	A4	98.70	538	955.0	C4	797.0	1	1
brpb-658097	A4	2894725	26.167964	A4	99.11	561	1007.0	C4	843.0	1	1
brpb-840517	A4	2894725	26.156964	A4	98.04	561	974.0	C4	832.0	1	1
brpb-658190	A4	3677340	0	A4	99.53	213	387.0			1	1
brpb-840348	A4	3677340	4.332888	A4	100.00	212	392.0			1	1
brpb-809825	A4	4186429	27.994357	A4	99.72	360	658.0	C4	475.0	1	1
brpb-809631	A4	4186455	29.080964	A4	99.68	309	566.0	C4	407.0	1	1
brpb-659874	A4	5274277	32.635367	A4	98.92	278	501.0	C8	100.0	1	1
brpb-841973	A4	5547166	29.642964	A4	100.00	427	789.0	C4	643.0	1	1
brpb-842153	A4	5547166	27.994357	A4	99.77	427	784.0	C4	638.0	1	1
brpb-842031	A4	9744619	30.493964	A4	95.98	522	863.0	C2	494.0	1	1
brpb-838993	A4	9888709	30.727964	A4	100.00	274	507.0			1	1
brpb-839587	A4	9888709	30.734964	A4	100.00	274	507.0			1	1
brpb-671364	A4	10929984	35.106812	A4	100.00	326	603.0			1	1
brpb-841534	A4	10929984	32.400964	A4	100.00	326	603.0			1	1
brpb-660920	A4	10937728	32.810964	A4	100.00	366	676.0			1	1
brpb-661134	A4	10937728	32.748964	A4	100.00	366	676.0			1	1
brpb-839577	A4	10937728	32.893964	A4	100.00	366	676.0			1	1
brpb-657888	A4	11878795	45.42995	A4	99.47	374	684.0	C8	359.0	1	1
brpb-808828	A4	12163900	37.912964	A4	98.10	474	843.0			1	1
brpb-659705	A4	12163908	37.558964	A4	99.39	491	891.0	C4	121.0	1	1
brpb-841683	A4	12163919	37.662964	A4	97.87	470	826.0	C4	124.0	1	1
brpb-660701	A4	13318365	39.133964	A4	99.17	601	1086.0	C4	529.0	1	1
brpb-661773	A4	13489478	49.361561	A4	97.83	46	78.7			1	1
brpb-839460	A4	13737991	40.092964	A4	98.47	524	937.0	C4	780.0	1	1
brpb-669898	A4	16449813	120.748	C3	94.56	753	1140.0	C5	1070.0	1	0
brpb-662684	A4	16449992	120.728	C3	100.00	434	802.0	C5	680.0	1	0
brpb-671115	A4	17554328	65.288251	A4	95.00	480	743.0			1	1
brpb-809176	A4	17554328	67.715964	A4	95.00	480	743.0			1	1
brpb-839360	A4	17554328	67.173306	A4	95.00	480	743.0			1	1
brpb-670695	A4	17554351	68.043964	A4	92.89	436	634.0			1	1
brpb-661133	A4	18780520	78.320073	A4	99.02	611	1092.0	C4	1044.0	0	1
brpb-658257	A4	20028247	82.147564	A4	96.54	752	1251.0	C4	686.0	1	1
brpb-658645	A4	20028315	82.147564	A4	96.25	694	1138.0	C4	520.0	1	1
brpb-839008	A4	20035647	85.667964	A4	92.91	395	566.0			1	1
brpb-660337	A4	20347488	90.288964	A4	99.25	399	721.0	C4	584.0	1	1
brpb-660911	A4	20492499	91.711964	A4	99.73	366	671.0	C4	536.0	1	1
brpb-808709	A4	20492499	92.128964	A4	100.00	366	676.0	C4	542.0	1	1
brpb-658824	A4	20492602	85.033069	A4	91.97	162	226.0	C4	202.0	1	1
brpb-840331	A4	20899651	93.967964	A4	99.62	521	955.0	C4	196.0	1	1
brpb-658275	A4	21120660	93.216711	A4	94.95	99	156.0			1	1
brpb-663578	A5	764300	11.876073	A5	95.18	436	695.0	A4	187.0	1	1
brpb-658634	A5	764317	12.422508	A5	97.83	461	806.0	C4	224.0	1	1
brpb-662868	A5	764318	12.422508	A5	99.34	458	830.0	C4	224.0	1	1
brpb-659536	A5	764453	12.422508	A5	100.00	188	348.0	C4	224.0	1	1
brpb-663516	A5	2070119	9.02	A5	90.68	161	213.0			1	1
brpb-809935	A5	2070398	8.999	A5	95.71	210	340.0	C4	337.0	0	1
brpb-661359	A5	2166521	15.705642	A5	99.82	554	1018.0	C4	335.0	1	1
brpb-842067	A5	2166521	7.928514	A5	99.82	554	1018.0	C4	335.0	1	1
brpb-659900	A5	2172375	9.79	A5	92.50	80	113.0			1	1
brpb-809579	A5	2680653	14.793	A5	95.78	71	115.0			1	1
brpb-659339	A5	2741448	15.41	A5	100.00	683	1262.0	C5	425.0	1	1
brpb-658832	A5	2981882	20.336	A5	100.00	490	905.0	C2	191.0	1	1
brpb-662717	A5	2981882	20.724	A5	100.00	490	905.0	C2	191.0	1	1
brpb-839094	A5	3102928	23.387	A5	99.56	230	422.0	A5	422.0	0	1
brpb-662802	A5	3553383	84.740949	A6	93.45	275	407.0	C4	405.0	0	0
brpb-658816	A5	3769045	22.305707	A5	96.05	531	865.0	C4	460.0	1	1
brpb-661063	A5	4409294	22.271915	A5	92.08	530	734.0	C4	684.0	1	1
brpb-807779	A5	5663584	36.376	A5	96.56	523	870.0	A5	819.0	1	1
brpb-658614	A5	5683267	34.034462	A5	97.98	595	1037.0	A3	152.0	1	1
brpb-660486	A5	5885772	38.141	A5	97.90	334	575.0	C4	259.0	1	1
brpb-840897	A5	5885774	38.133	A5	97.27	330	558.0	C4	259.0	1	1
brpb-660237	A5	6624647	40.101	A5	95.68	185	292.0	C4	263.0	1	1
brpb-670546	A5	6624647	38.782733	A5	95.68	185	292.0	C4	259.0	1	1
brpb-670834	A5	9613039	29.505488	A2	96.26	214	361.0	A3	327.0	1	0
brpb-659095	A5	11342998	45.105369	A5	98.89	718	1290.0	A5	1122.0	1	1
brpb-839251	A5	12145416	46.202155	A5	99.62	262	479.0	C5	451.0	1	1
brpb-657933	A5	12145445	44.065	A5	99.69	319	582.0	C5	556.0	0	1
brpb-809393	A5	12145445	43.884	A5	99.69	319	584.0	C5	556.0	0	1
brpb-659114	A5	14046714	40.507696	A5	97.73	132	233.0	A5	209.0	1	1
brpb-659224	A5	17199682	43.596	A5	100.00	382	706.0	C3	623.0	1	1
brpb-662228	A5	19925552	43.633114	A5	98.80	334	595.0	C5	390.0	1	1
brpb-839815	A5	20386290	39.85018	A5	99.70	330	604.0	C5	143.0	1	1
brpb-841413	A5	22158389	44.01345	A5	99.34	455	824.0	C5	558.0	1	1
brpb-809660	A5	22636745	56.260575	A5	99.13	230	418.0	C5	246.0	1	1
brpb-657955	A5	22775322	54.817571	A5	98.52	203	359.0			1	1
brpb-663261	A5	22775990	54.817571	A5	98.45	194	342.0	C5	287.0	1	1
brpb-839308	A5	24180217	59.127603	A5	98.39	434	763.0			1	1
brpb-662421	A5	24750952	56.433313	A5	96.01	476	774.0	C5	592.0	1	1
brpb-808211	A5	24750952	56.433313	A5	96.85	476	797.0	C5	580.0	1	1
brpb-839331	A5	24750952	56.433313	A5	95.60	477	771.0	C5	564.0	1	1
brpb-657894	A5	24750973	56.433313	A5	95.17	435	697.0	C5	497.0	1	1
brpb-659481	A5	25641214	60.418055	A5	99.21	636	1149.0	C5	248.0	1	1
brpb-807798	A5	25929149	64.89075	A5	99.71	344	630.0	C5	542.0	1	1
brpb-807926	A5	25929149	66.124095	A5	98.54	343	606.0	C5	523.0	1	1
brpb-808842	A5	25929149	64.89075	A5	92.15	344	488.0	C5	472.0	0	1
brpb-659298	A5	26242035	70.876342	A5	100.00	532	983.0	C5	867.0	1	1
brpb-838953	A5	26242035	73.304494	A5	100.00	532	983.0	C5	867.0	1	1
brpb-839825	A5	26242035	69.766323	A5	100.00	532	983.0	C5	867.0	1	1
brpb-807965	A5	26328626	73.030288	A5	96.70	394	667.0	C5	604.0	1	1
brpb-671300	A5	28798949	81.98484	A5	99.25	664	1203.0	C5	928.0	1	1
brpb-670445	A6	851908	9.662	A6	98.10	158	281.0	C6	252.0	1	1
brpb-808360	A6	1387277	11.274	A6	97.26	329	556.0	C6	462.0	1	1
brpb-657614	A6	2351784	19.376738	A2,A6	97.98	248	436.0			1	1
brpb-658152	A6	2351801	22.023409	A6	97.17	283	488.0			1	1
brpb-658027	A6	2351933	19.376738	A6	100.00	545	1007.0			1	1
brpb-838675	A6	2834598	29.462376	A6	97.72	307	529.0	C6	300.0	1	1
brpb-839214	A6	2834598	29.462376	A6	97.72	307	529.0	C6	300.0	1	1
brpb-840757	A6	2939331	31.317	A6	97.86	280	484.0			1	1
brpb-808844	A6	3096285	28.330527	A6	97.51	241	412.0	C5	401.0	0	1
brpb-660024	A6	3200166	30.916275	A6	96.03	126	209.0	C5	198.0	1	1
brpb-671060	A6	3200240	30.916275	A6	98.91	274	490.0	C5	440.0	1	1
brpb-662153	A6	3200320	30.916275	A6	95.85	434	691.0	C5	636.0	1	1
brpb-662278	A6	3200320	32.945145	A6	94.46	433	669.0	C5	638.0	0	1
brpb-809719	A6	3200320	30.916275	A6	99.31	433	784.0	C5	584.0	1	1
brpb-840355	A6	3200320	30.916275	A6	95.85	434	691.0	C5	636.0	1	1
brpb-660405	A6	3200334	30.916275	A6	95.32	406	636.0	C5	582.0	1	1
brpb-661746	A6	3260747	37.592	A6	100.00	462	854.0	C8	206.0	1	1
brpb-809008	A6	3260747	37.638	A6	100.00	462	854.0	C8	206.0	1	1
brpb-841811	A6	3260747	37.288	A6	99.78	462	848.0	C8	206.0	1	1
brpb-662103	A6	3260872	36.818	A6	99.06	212	385.0	C5	241.0	1	1
brpb-670236	A6	3260925	36.409	A6	100.00	106	196.0	C5	185.0	1	1
brpb-658137	A6	3705993	36.816981	A6	100.00	398	736.0	C5	597.0	1	1
brpb-663449	A6	3705993	41.118	A6	99.00	398	721.0	C5	582.0	1	1
brpb-809259	A6	3705994	40.318	A6	99.50	399	730.0	C5	592.0	1	1
brpb-660578	A6	3760209	36.386694	A6	99.79	484	889.0			1	1
brpb-840102	A6	3842679	39.966386	A6	97.86	654	1131.0	C5	678.0	1	1
brpb-662605	A6	4391450	41.827037	A6	99.61	510	931.0	C1	616.0	1	1
brpb-839838	A6	5390854	47.761957	A6	98.06	671	1168.0	C5	931.0	1	1
brpb-659920	A6	5391068	47.761957	A6	99.59	242	444.0			1	1
brpb-659596	A6	6645685	50.074803	A6	99.64	275	503.0	C5	374.0	1	1
brpb-841402	A6	6895954	56.773725	A6	98.24	227	398.0	C5	117.0	1	1
brpb-670835	A6	7016655	47.204402	A6	100.00	185	342.0			1	1
brpb-662129	A6	7396767	60.652348	A6	94.96	516	804.0	A6	126.0	1	1
brpb-661301	A6	9445627	62.316436	A6	94.36	532	809.0			1	1
brpb-658391	A6	10263769	67.267	A6	99.14	348	632.0	C8	579.0	1	1
brpb-670690	A6	11540204	65.497917	A6	99.22	511	929.0	C3	784.0	1	1
brpb-658662	A6	11540327	65.497917	A6	98.85	348	627.0	C3	529.0	1	1
brpb-658144	A6	11613193	65.851	A6	92.20	564	867.0			1	1
brpb-661542	A6	11613297	66.235	A6	98.31	355	632.0	C3	163.0	1	1
brpb-809169	A6	12815081	66.565	A6	97.66	427	736.0	C3	568.0	1	1
brpb-658956	A6	12815132	66.565	A6	98.87	530	942.0	C3	728.0	1	1
brpb-658980	A6	16486716	66.851	A6	100.00	324	599.0	C9	429.0	1	1
brpb-658929	A6	16658408	65.471	A6	99.39	493	900.0	C3	747.0	1	1
brpb-657884	A6	17278570	65.036	A6	100.00	298	551.0	C3	459.0	1	1
brpb-840085	A6	19457007	69.272	A6	92.16	536	737.0	C3	595.0	1	1
brpb-663074	A6	19801103	69.275	A6	97.73	572	992.0	C3	915.0	1	1
brpb-839202	A6	20017705	64.605486	A6	98.50	333	586.0			1	1
brpb-659220	A6	20953970	72.929357	A6	94.07	658	987.0	C3	928.0	1	1
brpb-659119	A6	21136562	75.804856	A6	92.86	112	159.0			1	1
brpb-670936	A6	21136562	71.475	A6	90.99	111	152.0			1	1
brpb-841508	A6	21136562	75.804856	A6	93.69	111	163.0			1	1
brpb-663551	A6	22287389	75.457	A6	93.53	618	917.0	C7	911.0	0	1
brpb-670232	A6	22400459	82.241553	A6	98.77	81	145.0	C2	117.0	1	1
brpb-657796	A6	22836139	77.42847	A6	99.15	472	854.0	C7	701.0	1	1
brpb-660854	A6	22844653	78.095	A6	91.69	638	869.0	C7	822.0	1	1
brpb-657876	A6	23642751	85.286	A6	100.00	323	597.0			1	1
brpb-658730	A6	23642751	88.694756	A6	99.07	323	580.0			1	1
brpb-662992	A6	23710727	84.590967	A6	98.66	599	1064.0	C7	950.0	1	1
brpb-670908	A6	24149993	48.915463	C2	97.45	393	669.0			1	0
brpb-659006	A6	24215029	90.154393	A6	99.65	578	1055.0			1	1
brpb-809115	A6	24365879	87.832	A6	100.00	349	645.0	C7	584.0	1	1
brpb-658875	A6	25256365	103.675686	A6	97.40	538	935.0	C7	291.0	1	1
brpb-660640	A6	25482521	107.652537	A6	99.32	590	1072.0			1	1
brpb-661030	A6	25482543	107.652537	A6	98.91	641	1151.0			1	1
brpb-842247	A7	565941	17.766971	A7	99.18	366	658.0	A7	518.0	1	1
brpb-658332	A7	565990	17.804971	A7	99.78	465	852.0	A7	442.0	1	1
brpb-670852	A7	3008018	23.296971	A7	95.94	345	558.0	C7	518.0	1	1
brpb-660982	A7	7339246	24.595971	A7	90.19	673	867.0			1	1
brpb-658696	A7	12046689	68.119	A9	99.55	448	817.0	C7	702.0	1	0
brpb-658724	A7	12046731	65.698231	A9	95.60	364	601.0	C7	497.0	1	0
brpb-658808	A7	12764640	28.824765	A7	96.52	316	525.0	C7	364.0	1	1
brpb-841234	A7	12927936	12.053549	A7	97.15	421	708.0	C7	667.0	1	1
brpb-809917	A7	13082810	32.03	C2	94.03	419	632.0	A2	627.0	0	0
brpb-841697	A7	13412716	32.308628	A7	98.39	124	219.0			1	1
brpb-839889	A7	13412807	32.617971	A7	100.00	305	564.0	C7	372.0	1	1
brpb-839259	A7	14639486	43.982289	A7	98.18	384	678.0	A4	654.0	0	1
brpb-671004	A7	14639730	43.982289	A7	98.57	491	876.0	A4	865.0	0	1
brpb-659368	A7	14710687	40.923971	A7	99.67	308	564.0	C4	387.0	1	1
brpb-662924	A7	14711996	40.129971	A7	90.98	643	852.0	C4	815.0	0	1
brpb-658673	A7	15994953	44.811971	A7	97.67	514	902.0			1	1
brpb-658283	A7	17270186	53.148971	A7	98.67	451	797.0	C6	617.0	1	1
brpb-661526	A7	21033880	11.45563	A10	98.79	744	1332.0	A10	1321.0	0	0
brpb-659670	A7	22304370	77.239225	A7	100.00	102	189.0	C6	172.0	1	1
brpb-659148	A7	23882814	85.406971	A7	99.74	391	717.0	C6	689.0	0	1
brpb-663334	A7	23882814	85.597971	A7	99.49	391	710.0	C6	682.0	0	1
brpb-670330	A7	23882814	85.445971	A7	98.98	391	708.0	C6	680.0	0	1
brpb-670954	A7	23882814	85.401971	A7	100.00	391	723.0	C6	695.0	0	1
brpb-670686	A7	27135283	9.926	C6	96.89	321	545.0	C6	534.0	0	0
brpb-671296	A7	27135283	9.863	C6	98.44	321	566.0	C6	556.0	0	0
brpb-840347	A7	27827972	102.228882	A7	100.00	532	983.0	C6	950.0	0	1
brpb-841745	A8	1617844	11.486	A6	93.33	345	507.0	C6	484.0	0	0
brpb-658694	A8	2997831	45.105369	A5	97.18	603	1020.0	C8	996.0	0	0
brpb-663111	A8	5640780	74.194	A9	96.95	197	333.0	A7	329.0	0	0
brpb-662459	A8	9720198	53.272948	A8	99.14	467	839.0	C8	612.0	1	1
brpb-670319	A8	11894222	49.421948	A8	94.68	357	580.0	C3	316.0	1	1
brpb-809492	A8	11894222	49.363948	A8	100.00	357	660.0	C3	350.0	1	1
brpb-838682	A8	11894222	49.394948	A8	100.00	357	660.0	C3	350.0	1	1
brpb-841039	A8	16990553	38.900948	A8	100.00	169	313.0			1	1
brpb-659578	A8	18432315	119.754	C3	93.26	356	521.0	A8	100.0	1	0
brpb-660078	A8	19563149	17.710948	A8	98.73	158	279.0	C8	235.0	1	1
brpb-670985	A8	19563237	17.448948	A8	99.70	334	612.0			1	1
brpb-658301	A8	19563303	17.697948	A8	96.99	465	776.0	C8	307.0	1	1
brpb-809609	A8	19563303	17.744948	A8	97.00	466	778.0	C8	296.0	1	1
brpb-840569	A8	19563303	17.058157	A8	94.21	466	702.0			1	1
brpb-660221	A8	19563358	17.696948	A8	95.78	355	571.0	C8	104.0	1	1
brpb-657962	A8	22120372	0	A8	97.44	587	1007.0			1	1
brpb-838790	A9	425596	5.846	C9	100.00	259	479.0	C9	449.0	1	0
brpb-838492	A9	3378543	24.799	C9	98.39	434	767.0	C9	756.0	0	0
brpb-839234	A9	3378543	24.798	C9	98.85	434	774.0	C9	763.0	0	0
brpb-839472	A9	3726107	118.308	A9	100.00	344	636.0	C9	531.0	1	1
brpb-658660	A9	4524004	109.47	A9	92.72	467	688.0	C9	664.0	0	1
brpb-671346	A9	5373659	120.063129	A9	98.00	400	693.0	C9	628.0	1	1
brpb-809095	A9	5730982	98.624	A9	100.00	393	726.0	C9	643.0	1	1
brpb-808671	A9	6433981	110.139531	A9	96.98	430	743.0			1	1
brpb-657774	A9	6845323	108.581483	A9	100.00	434	802.0	C7	344.0	1	1
brpb-670354	A9	11350620	92.236474	A9	99.41	512	931.0	A1	909.0	0	1
brpb-841802	A9	11660971	82.548	A9	96.98	397	664.0	C9	518.0	1	1
brpb-840499	A9	11661007	82.629	A9	99.14	468	843.0	C9	610.0	1	1
brpb-659184	A9	12209647	88.54244	A9	98.76	402	713.0	C5	490.0	1	1
brpb-840188	A9	12346576	87.080353	A9	100.00	329	608.0	C9	536.0	1	1
brpb-658317	A9	12807510	83.435	A9	100.00	372	688.0			1	1
brpb-658973	A9	12951203	80.802313	A9	98.81	587	1053.0			1	1
brpb-661310	A9	18084968	79.340765	A9	100.00	385	712.0	C9	590.0	1	1
brpb-840687	A9	19204259	73.51	A9	99.08	655	1181.0	A8	337.0	1	1
brpb-658542	A9	19891694	74.274	A9	99.15	471	850.0			1	1
brpb-658684	A9	20386550	74.348	A9	97.45	431	741.0	C9	619.0	1	1
brpb-662946	A9	21866499	37.597982	A5	95.34	536	852.0	A7	843.0	0	0
brpb-663320	A9	21866516	37.597982	A5	95.82	502	815.0	A7	797.0	0	0
brpb-663524	A9	22422170	73.012046	A9	98.87	441	785.0	A9	761.0	0	1
brpb-658181	A9	25368743	73.323	A9	92.39	631	870.0	C5	302.0	1	1
brpb-657785	A9	28401201	32.629	A2	90.48	84	108.0			1	0
brpb-658413	A9	28401201	32.779	A2	90.48	84	108.0			1	0
brpb-840563	A9	28401201	32.939	A2	90.48	84	108.0			1	0
brpb-808818	A9	29947786	77.17794	A1	95.09	387	603.0	C5	558.0	1	0
brpb-661587	A9	30294917	69.249	A9	98.17	274	479.0	C5	424.0	1	1
brpb-658946	A9	31864638	17.288584	C5	98.46	389	686.0	C5	608.0	1	0
brpb-810025	A9	31864918	17.288584	C5	96.47	170	283.0	C5	270.0	0	0
brpb-808840	A9	31864947	17.124	C5	92.95	227	322.0	C5	309.0	0	0
brpb-841416	A9	32127954	35.984	A5	99.46	559	1016.0	C8	436.0	1	0
brpb-671072	A9	33342369	57.431521	A9	99.02	510	924.0	C8	802.0	1	1
brpb-808323	A9	33351249	57.678	A9	97.76	446	780.0	C3	632.0	1	1
brpb-658111	A9	33351297	57.583	A9	99.44	541	983.0	C3	789.0	1	1
brpb-838593	A9	33351328	57.598	A9	98.95	478	865.0	C3	688.0	1	1
brpb-839673	A9	33798074	55.882	A9	94.42	394	645.0			1	1
brpb-660373	A9	35659864	51.686	A9	97.75	712	1236.0	C8	1031.0	1	1
brpb-809496	A9	36291978	39.268135	A9	96.86	318	532.0	C8	527.0	0	1
brpb-670978	A9	36936437	40.633763	A9	99.47	568	1037.0			1	1
brpb-661382	A9	36936497	40.633763	A9	99.86	688	1267.0			1	1
brpb-670189	A9	36936729	40.633763	A9	98.66	224	401.0			1	1
brpb-659823	A9	37818312	31.14797	A9	97.48	317	542.0	C8	534.0	0	1
brpb-839095	A9	37886683	31.14797	A9	95.33	385	603.0	C8	529.0	1	1
brpb-658120	A9	37886692	31.14797	A9	99.75	402	737.0	C8	531.0	1	1
brpb-659427	A9	37886692	31.14797	A9	94.05	403	597.0	C8	523.0	1	1
brpb-660428	A9	37886692	31.14797	A9	93.80	403	592.0	C8	518.0	1	1
brpb-662816	A9	37886692	31.14797	A9	97.78	405	693.0	C8	532.0	1	1
brpb-658752	A9	38208997	31.14797	A9	97.43	661	1134.0	C8	507.0	1	1
brpb-658497	A9	38209001	26.651837	A9	98.31	652	1147.0	C8	510.0	1	1
brpb-663196	A9	38211847	40.664819	A9,C8	99.10	553	1000.0	C8	407.0	1	1
brpb-658174	A9	38993800	35.949693	A9	95.22	293	459.0	C8	444.0	0	1
brpb-658850	A9	40829497	21.339612	A9	99.04	625	1125.0	C8	1009.0	1	1
brpb-659102	A9	41448019	58.254764	A3	94.94	237	366.0			1	0
brpb-663652	A9	41452610	62.697	C8	96.68	632	1059.0	C8	617.0	1	0
brpb-670303	A9	43250275	37.940225	A6	92.03	452	643.0	A6	178.0	1	0
brpb-808247	A9	43819054	3.798947	A9	97.09	344	579.0	A9	183.0	1	1
brpb-657939	A9	44081194	5.367	A9	94.84	485	743.0			1	1
brpb-659204	A10	972257	12.048606	A10	99.50	200	364.0	A10	364.0	0	1
brpb-661606	A10	1270420	9.821015	A10	99.23	651	1179.0			1	1
brpb-657934	A10	1796519	11.117015	A10	99.40	334	606.0	A10	134.0	1	1
brpb-663458	A10	8000542	19.155091	A10	99.13	691	1247.0			1	1
brpb-663073	A10	9960056	17.350015	A10	91.60	238	344.0	C9	340.0	0	1
brpb-662443	A10	11547759	46.684517	A3	98.18	768	1360.0	C9	1269.0	1	0
brpb-658290	A10	11570491	20.543015	A10	96.67	600	1000.0			1	1
brpb-659113	A10	11699721	20.416015	A10	98.57	419	741.0	C9	706.0	0	1
brpb-808246	A10	13963924	88.936	C9	95.51	490	804.0	C9	715.0	1	0
brpb-661838	A10	14283935	45.617624	A10	96.15	623	1003.0	C9	935.0	1	1
brpb-809526	A10	14395169	32.892015	A10	92.12	444	623.0	C9	566.0	1	1
brpb-658429	A10	14458577	33.638015	A10	95.44	417	671.0	C9	106.0	1	1
brpb-840529	A10	15290658	46.103205	A10	95.53	559	881.0	C9	682.0	1	1
brpb-658163	A10	15321207	41.374357	A10	98.82	424	754.0	C9	689.0	1	1
brpb-662735	A10	15321207	41.374357	A10	98.82	424	754.0	C9	689.0	1	1
brpb-660213	A10	15463721	31.353389	A10	100.00	76	141.0	C9	132.0	1	1
brpb-660251	A10	15470173	31.353389	A10	94.39	410	625.0	C9	176.0	1	1
brpb-658199	A10	15584827	42.315015	A10	99.74	760	1395.0	C9	492.0	1	1
brpb-658656	A10	15818213	42.681222	A10	98.58	424	754.0	C9	625.0	1	1
brpb-660352	A10	15818361	43.536718	A10	94.52	730	1107.0	C9	1062.0	0	1
brpb-663307	A10	17026401	53.727015	A10	99.37	477	869.0	C9	785.0	1	1
brpb-670588	A10	17634726	60.254286	A10	98.60	429	769.0			1	1
brpb-659745	A10	18672107	74.035015	A10	99.46	371	676.0	A10	348.0	1	1
brpb-658921	A10	18724932	101.09118	A10	99.84	624	1147.0	C9	678.0	1	1
brpb-809539	A10	18967029	75.854916	A10	90.05	221	285.0	C9	206.0	1	1
brpb-658793	A10	18967042	79.123015	A10	92.78	194	279.0	C9	226.0	1	1
brpb-809307	A10	19088992	78.046015	A10	99.37	316	577.0			1	1
brpb-659925	A10	19089019	78.890767	A10	99.73	369	676.0			1	1
brpb-660910	A10	19089057	77.629015	A10	100.00	445	822.0			1	1
brpb-660070	A10	19089116	77.630015	A10	98.78	327	590.0			1	1
brpb-671207	C1	4616669	40.628462	A1	99.41	170	309.0			1	0
brpb-661264	C1	8917396	32.53523	A10	96.78	404	669.0	A1	597.0	1	0
brpb-661799	C1	14497928	11.893203	A9	91.07	224	302.0	C4	296.0	0	0
brpb-840742	C1	17840837	38.788	C1	99.51	203	370.0	A1	272.0	1	1
brpb-838583	C1	17840870	38.719	C1	97.04	270	464.0	A1	265.0	1	1
brpb-839122	C1	17840875	38.738	C1	99.29	280	510.0	A1	272.0	1	1
brpb-839014	C1	17840915	38.753	C1	98.34	361	640.0	A1	285.0	1	1
brpb-838800	C1	17840921	38.714	C1	98.66	374	667.0	A1	313.0	1	1
brpb-839261	C1	17840921	38.716	C1	97.84	371	651.0	A1	296.0	1	1
brpb-839361	C1	17840921	38.712	C1	100.00	372	688.0	A1	333.0	1	1
brpb-840904	C1	17840921	38.698	C1	100.00	372	688.0	A1	333.0	1	1
brpb-840955	C1	17840921	38.748	C1	99.73	372	682.0	A1	327.0	1	1
brpb-838928	C1	17840992	38.713	C1	99.13	231	420.0	A1	331.0	1	1
brpb-659121	C1	18048641	37.473	C1	98.73	158	285.0	C7	252.0	1	1
brpb-658104	C1	22369056	68.224	A1	91.84	466	634.0	A1	473.0	1	0
brpb-661568	C1	22369056	66.623129	A1	92.24	464	643.0	A1	483.0	1	0
brpb-663378	C1	23346069	36.471	C1	98.64	368	656.0	C1	353.0	1	1
brpb-671172	C1	24956386	36.337	C1	100.00	274	507.0	C3	154.0	1	1
brpb-842276	C1	26416630	35.793	C1	99.80	494	907.0	C5	695.0	1	1
brpb-660211	C1	26421908	36.758	C1	96.98	199	335.0	A1	331.0	0	1
brpb-671344	C1	40914211	0	A10	99.84	612	1127.0			1	0
brpb-663093	C1	44456917	47.267	C1	99.64	282	516.0			1	1
brpb-840473	C1	50350020	123.62984	A1	94.71	170	272.0	A1	267.0	0	0
brpb-840278	C1	50350048	123.62984	A1	98.21	223	394.0	A1	388.0	0	0
brpb-659719	C1	50350070	123.62984	A1	98.89	269	483.0	A1	472.0	0	0
brpb-658604	C1	50350146	123.62984	A1	96.61	295	494.0	A1	483.0	0	0
brpb-661339	C1	50350179	123.62984	A1	96.49	228	377.0	A1	372.0	0	0
brpb-839776	C1	50350222	123.62984	A1	98.60	143	252.0	A1	246.0	0	0
brpb-658798	C1	50350235	123.62984	A1	99.14	117	209.0	A1	209.0	0	0
brpb-671396	C1	50350237	123.62984	A1	99.11	113	202.0	A1	202.0	0	0
brpb-809192	C1	50350238	123.62984	A1	100.00	111	206.0	A1	206.0	0	0
brpb-808108	C1	51116614	87.975934	A1	95.76	448	743.0	A1	732.0	0	0
brpb-658523	C1	51116622	86.26458	A1	99.57	463	846.0	A1	830.0	0	0
brpb-670963	C1	51116622	86.26458	A1	100.00	463	856.0	A1	839.0	0	0
brpb-661548	C1	51116763	86.26458	A1	97.79	181	318.0	A1	307.0	0	0
brpb-839516	C1	51379577	93.769407	A1	97.31	371	630.0	A1	630.0	0	0
brpb-838772	C2	15048	7.294	C2	95.37	518	826.0			1	1
brpb-839621	C2	33234	5.951	C2	93.81	388	579.0			1	1
brpb-661051	C2	954812	7.59	C2	93.86	179	270.0	A2	270.0	0	1
brpb-659062	C2	3096546	16.165	C2	99.59	247	451.0			1	1
brpb-841091	C2	3096547	16.111	C2	98.77	244	435.0			1	1
brpb-809530	C2	4630519	24.403	C3	96.86	191	322.0			1	0
brpb-669906	C2	6215686	35.159	C2	93.73	415	638.0			1	1
brpb-841129	C2	6215686	35.122	C2	95.41	414	662.0			1	1
brpb-841359	C2	6215686	35.163	C2	95.89	414	671.0			1	1
brpb-659813	C2	8178410	33.479	C2	99.01	304	549.0			1	1
brpb-660770	C2	9561982	33.784	C2	98.98	393	701.0			1	1
brpb-839164	C2	9561982	30.792159	C2	100.00	393	726.0			1	1
brpb-662354	C2	9710122	63.111806	A6	90.65	139	185.0			1	0
brpb-660919	C2	10896293	33.702	C2	100.00	452	835.0	A5	141.0	1	1
brpb-661055	C2	13998256	68.93574	A1	92.22	167	231.0	A2	119.0	1	0
brpb-660621	C2	24366289	34.931754	A2	92.06	365	503.0	A2	405.0	1	0
brpb-658011	C2	26145081	30.244	A2	97.62	126	217.0	A2	80.5	1	0
brpb-658213	C2	26145081	30.229	A2	97.62	126	217.0	A2	75.0	1	0
brpb-658552	C2	26145081	30.268	A2	97.62	126	217.0	A2	80.5	1	0
brpb-658617	C2	26145081	29.474977	A2	96.03	126	209.0	A2	80.5	1	0
brpb-661820	C2	26145081	29.474977	A2	96.03	126	209.0	A2	80.5	1	0
brpb-662121	C2	26145081	30.28	A2	97.62	126	217.0	A2	80.5	1	0
brpb-808526	C2	26145081	30.121	A2	96.83	126	213.0	A2	76.8	1	0
brpb-657847	C2	26145183	29.575	A2	97.59	83	143.0	A2	80.5	1	0
brpb-661689	C2	26145183	30.23	A2	97.59	83	143.0			1	0
brpb-838654	C2	26145183	29.474977	A2	97.59	83	143.0			1	0
brpb-660803	C2	27601525	56.434149	C2	98.45	581	1029.0	C2	265.0	1	1
brpb-838773	C2	27747387	56.434149	C2	100.00	492	909.0	A2	665.0	1	1
brpb-839858	C2	34471515	56.434149	C2	99.75	402	737.0	C9	217.0	1	1
brpb-842056	C2	35457428	56.434149	C2	99.73	370	678.0			1	1
brpb-661401	C2	43760334	56.134578	C2	100.00	315	582.0			1	1
brpb-839003	C2	43760334	56.134578	C2	99.68	315	579.0			1	1
brpb-840127	C2	43760346	57.316503	C2	98.28	291	520.0			1	1
brpb-840516	C2	50576939	51.184762	C2	99.54	218	398.0			1	1
brpb-661681	C2	53522637	65.79	A2	91.83	575	774.0	A2	774.0	0	0
brpb-658860	C2	58085370	84.164	A2	100.00	411	760.0	C3	87.9	1	0
brpb-659222	C3	355334	9.037	C3	99.82	555	1020.0	A3	893.0	1	1
brpb-809756	C3	833502	8.974	A3,C3	92.47	783	1098.0	A3	867.0	1	1
brpb-661557	C3	1027094	21.024787	A3	95.57	564	900.0	A3	861.0	0	0
brpb-662956	C3	1507106	9.065	C3	91.45	351	481.0			1	1
brpb-659545	C3	1507122	7.568	C3	99.46	368	669.0			1	1
brpb-659400	C3	1983102	8.984	C3	99.62	264	484.0	A3	424.0	1	1
brpb-838807	C3	1983413	9.0245	C3	100.00	355	656.0	A3	579.0	1	1
brpb-658589	C3	5009464	8.516	A2	92.91	127	185.0	A3	180.0	0	0
brpb-662446	C3	5133961	20.292	C3	95.17	228	357.0	A3	318.0	1	1
brpb-808216	C3	5133969	20.292	C3	94.67	244	374.0	A3	339.0	1	1
brpb-808265	C3	5133969	20.292	C3	94.67	244	374.0	A3	339.0	1	1
brpb-839781	C3	5894296	35.253176	A3	95.39	607	966.0	A3	902.0	1	0
brpb-671217	C3	6573034	48.251839	A3	97.08	411	691.0			1	0
brpb-838972	C3	9918731	44.65	C3	98.39	124	219.0	A3	134.0	1	1
brpb-840148	C3	10574809	67.173306	A4	90.06	181	233.0			1	0
brpb-658934	C3	10921228	56.614494	A3	92.39	657	924.0	A3	917.0	0	0
brpb-663121	C3	13616620	60.931193	A3	96.58	234	392.0	A3	379.0	0	0
brpb-658244	C3	14254356	66.116961	A3	94.43	592	902.0	A3	878.0	0	0
brpb-838679	C3	20425851	64.868	C3	100.00	468	865.0			1	1
brpb-660368	C3	20977412	66.529	C3	100.00	323	597.0	A3	379.0	1	1
brpb-662565	C3	33161102	99.461074	A3	96.83	347	575.0	A3	556.0	0	0
brpb-659179	C3	40018345	110.241	C3	92.62	366	521.0	A6	204.0	1	1
brpb-662118	C3	42436171	62.986456	A6	92.79	499	701.0	A6	684.0	0	0
brpb-670433	C3	51369213	61.974	C9	97.31	557	965.0	C1	876.0	1	0
brpb-839761	C3	56041640	120.112852	C3	98.58	564	1013.0	A4	913.0	1	1
brpb-661328	C3	56053269	120.783	C3	100.00	444	821.0	C5	734.0	1	1
brpb-840398	C3	56053292	120.77	C3	99.25	399	723.0	C5	636.0	1	1
brpb-809163	C3	56192142	25.222729	A8	91.88	234	327.0	A8	195.0	1	0
brpb-663102	C3	57857372	30.132	C2	98.59	495	876.0	C1	869.0	0	0
brpb-670863	C3	68581517	49.527948	A8	98.33	480	856.0	A8	769.0	1	0
brpb-659342	C4	3767036	9.682	A5	90.87	219	289.0			1	0
brpb-660916	C4	3767036	9.685	A5	90.41	219	287.0			1	0
brpb-809787	C4	3767036	9.671	A5	92.31	221	313.0	C4	292.0	1	0
brpb-808805	C4	4716758	14.66	A5	95.24	63	100.0			1	0
brpb-808954	C4	4716761	14.422	A5	98.25	57	100.0			1	0
brpb-663380	C4	7436352	38.97	C4	99.26	403	728.0			1	1
brpb-661242	C4	8503190	43.956	C4	99.70	666	1221.0			1	1
brpb-670381	C4	9399657	46.277	C4	96.83	63	106.0			1	1
brpb-841841	C4	9406324	29.600909	A5	91.68	589	800.0	C3	303.0	1	0
brpb-840990	C4	9406343	29.600909	A5	91.39	627	848.0	C3	340.0	1	0
brpb-659526	C4	10814805	35.967	A5	98.25	114	200.0	A5	198.0	0	0
brpb-670365	C4	12578426	33.256823	A5	99.18	490	885.0	A5	616.0	1	0
brpb-658468	C4	12930052	39.27	A5	93.53	634	959.0			1	0
brpb-660096	C4	13217024	51.709	C4	94.44	72	115.0			1	1
brpb-659084	C4	17194125	43.982289	A7	91.28	596	797.0	A7	634.0	1	0
brpb-660360	C4	28678095	60.917762	C4	100.00	326	603.0			1	1
brpb-661180	C4	29393425	58.174	C4	100.00	450	832.0	A8	638.0	1	1
brpb-663660	C4	29393425	58.264	C4	94.89	450	747.0	C4	82.4	1	1
brpb-671298	C4	29393425	58.273	C4	99.78	450	826.0	A8	632.0	1	1
brpb-840966	C4	29393425	58.296	C4	99.78	449	824.0	A8	630.0	1	1
brpb-659557	C4	29393491	58.198	C4	97.49	319	555.0	C4	82.4	1	1
brpb-658153	C4	32641953	22.922964	A4	93.18	308	462.0			1	0
brpb-809236	C4	32641953	22.958964	A4	94.48	308	479.0			1	0
brpb-842021	C4	32641953	22.767964	A4	94.81	308	483.0			1	0
brpb-657641	C4	32641955	22.839964	A4	95.07	304	479.0			1	0
brpb-659798	C4	32642032	23.277964	A4	96.69	151	252.0			1	0
brpb-809583	C4	33528955	29.809125	A4	97.23	325	549.0	A4	542.0	0	0
brpb-659923	C4	36912645	67.89443	C4	99.67	299	547.0			1	1
brpb-808142	C4	39860885	29.645964	A4	96.98	430	719.0	A4	669.0	1	0
brpb-658265	C4	39860918	29.641964	A4	90.69	365	499.0			1	0
brpb-839631	C4	39860954	27.994357	A4	96.89	289	483.0	A4	429.0	1	0
brpb-661414	C4	49152671	83.981	C4	100.00	702	1297.0	A4	1192.0	1	1
brpb-660157	C4	49771721	39.431964	A4	90.91	231	307.0			1	0
brpb-670011	C4	50425195	85.463	C4	99.55	220	399.0	C2	329.0	1	1
brpb-670133	C4	51151076	86.775	C4	96.74	430	719.0	A4	684.0	0	1
brpb-658499	C4	56185109	63.252161	A1	91.79	329	455.0	C4	433.0	0	0
brpb-658492	C4	56688527	67.534964	A4	93.32	404	593.0	A4	579.0	0	0
brpb-662662	C4	56688527	68.173964	A4	93.32	404	593.0	A4	579.0	0	0
brpb-662215	C4	57563439	70.378036	A4	97.04	304	512.0	A4	499.0	0	0
brpb-658557	C4	57563506	73.179441	A4	95.29	170	276.0	A4	254.0	1	0
brpb-659008	C4	58389164	72.787964	A4	99.66	295	540.0			1	0
brpb-663549	C4	58644427	78.320073	A4	98.80	582	1042.0	A4	983.0	1	0
brpb-839769	C4	59640756	105.741	C4	99.59	494	905.0	A4	673.0	1	1
brpb-659659	C4	61948022	132.911	C4	96.99	133	222.0	C4	93.5	1	1
brpb-659694	C4	62308039	130	C4	99.50	201	366.0	A4	311.0	1	1
brpb-663425	C5	1002218	12.048606	A10	97.57	659	1136.0	C5	1033.0	1	0
brpb-658597	C5	1146678	9.990015	A10	95.83	624	1005.0			1	0
brpb-658968	C5	3965234	36.386694	A6	95.24	567	896.0	A6	876.0	0	0
brpb-661245	C5	3965234	36.386694	A6	96.12	567	918.0	A6	898.0	0	0
brpb-671014	C5	3965234	36.386694	A6	94.57	571	880.0	A6	859.0	0	0
brpb-808426	C5	4417641	36.656	C5	95.00	60	95.3			1	1
brpb-663421	C5	4705788	34.976	C5	97.35	302	507.0			1	1
brpb-808961	C5	9400099	56.748845	A6	92.47	93	135.0			1	0
brpb-839592	C5	13877185	17.169	C5	93.61	266	399.0			1	1
brpb-658420	C5	24789744	72.978	A9	96.61	177	294.0			1	0
brpb-671027	C5	38013074	44.215	A5	93.21	265	390.0	A5	390.0	0	0
brpb-661887	C5	43938567	41.079049	A5	97.17	424	715.0	A5	691.0	0	0
brpb-838667	C5	50892042	64.570563	A5	98.10	368	649.0	A5	638.0	0	0
brpb-839027	C5	50892053	64.570563	A5	98.97	390	699.0	A5	691.0	0	0
brpb-658795	C5	52372830	68.001964	A5	99.03	517	933.0	A5	874.0	1	0
brpb-810005	C5	52372836	68.001964	A5	98.42	506	902.0	A5	850.0	1	0
brpb-657632	C6	4236119	29.462376	A6	93.80	355	536.0	A6	351.0	1	0
brpb-808769	C6	4236120	29.462376	A6	94.12	357	544.0	A6	351.0	1	0
brpb-658746	C6	7216343	17.185	A6	94.12	51	78.7			1	0
brpb-660912	C6	7216468	16.397	A6	96.61	443	761.0	A6	649.0	1	0
brpb-840778	C6	8853604	86.383	C6	99.69	326	599.0	A6	566.0	1	1
brpb-658647	C6	9723616	6.278185	A6	92.05	667	931.0	A6	640.0	1	0
brpb-661207	C6	9975800	82.848	A9	100.00	256	473.0	C5	468.0	0	0
brpb-809443	C6	25779016	52.481138	A7	91.02	256	348.0			1	0
brpb-660965	C6	26062109	72.588	C6	96.00	400	652.0	A7	630.0	0	1
brpb-660930	C6	26062220	72.892	C6	96.90	484	811.0	A7	798.0	0	1
brpb-841303	C6	27528662	27.891964	A4	93.33	150	222.0	C3	222.0	0	0
brpb-841475	C6	29452846	80.468012	A6	95.99	299	488.0	C4	191.0	1	0
brpb-658251	C6	30271665	46.279964	A4	95.49	421	669.0	C6	643.0	0	0
brpb-809771	C6	30271665	46.953964	A4	95.96	421	680.0	C6	649.0	0	0
brpb-657950	C6	30793244	63.077971	A7	96.61	502	833.0	A7	789.0	1	0
brpb-662624	C6	35487211	72.171971	A7	91.48	317	424.0			1	0
brpb-840991	C6	39142491	40.134	C6	99.72	357	654.0	A7	95.3	1	1
brpb-660868	C6	40783997	41.027	C6	99.85	661	1218.0	A7	989.0	1	1
brpb-670740	C6	41271121	73.251	A9	100.00	488	902.0	A9	527.0	1	0
brpb-658547	C7	14244801	24.519971	A7	93.89	393	590.0	A7	453.0	1	0
brpb-659894	C7	24742158	68.183	A9	95.47	243	387.0	A7	383.0	0	0
brpb-809585	C7	24742258	67.965	A9	93.02	444	647.0	A7	628.0	0	0
brpb-841326	C7	24966904	27.836663	A7	93.38	272	399.0	A7	346.0	1	0
brpb-663295	C7	24969685	27.836663	A7	100.00	187	346.0			1	0
brpb-661786	C7	29632617	38.826971	A7	90.18	387	503.0	A7	412.0	1	0
brpb-808993	C7	40739957	37.387983	A4	90.09	464	590.0	C6	261.0	1	0
brpb-670555	C7	41218399	6.341	C7	96.24	346	566.0	A6	392.0	1	1
brpb-662033	C7	44683591	103.495707	A3	98.67	450	797.0	A3	791.0	0	0
brpb-662488	C7	44683591	103.495707	A3	98.44	450	791.0	A3	785.0	0	0
brpb-662586	C7	44683591	103.495707	A3	98.67	450	797.0	A3	791.0	0	0
brpb-660108	C7	45101846	82.73	A2	90.72	97	126.0			1	0
brpb-663509	C7	50729843	44.760387	C7	90.00	580	752.0			1	1
brpb-660955	C7	50729894	45.231	C7	93.96	480	715.0	A3	296.0	1	1
brpb-671142	C7	52574753	54.422	C7	98.52	474	845.0	A3	562.0	1	1
brpb-659327	C7	52863418	59.45	C7	98.62	654	1168.0	A3	996.0	1	1
brpb-839254	C7	52863501	58.992559	C7	98.97	585	1055.0	A3	832.0	1	1
brpb-662015	C8	1474771	5.884	A9	94.65	579	894.0	A8	730.0	1	0
brpb-661741	C8	1474855	5.614	A9	90.29	412	575.0			1	0
brpb-840216	C8	25684695	19.216	A9	98.44	64	113.0	A8	113.0	0	0
brpb-809293	C8	27962640	8.183948	A8	95.59	272	433.0	C5	139.0	1	0
brpb-840256	C8	27962678	8.311948	A8	95.16	351	551.0			1	0
brpb-660994	C8	36640294	23.26	C8	99.28	557	1014.0	A9	730.0	1	1
brpb-808599	C8	36911744	27.359964	A4,A9	93.75	208	309.0	A4	213.0	1	0
brpb-839662	C8	40372277	33.119	C8	99.85	662	1216.0	C8	279.0	1	1
brpb-661341	C8	45112232	21.339612	A9	97.81	411	710.0	A9	682.0	0	0
brpb-661438	C8	45112232	21.339612	A9	97.08	411	693.0	A9	665.0	0	0
brpb-661461	C8	45112232	21.339612	A9	96.84	411	688.0	A9	682.0	0	0
brpb-662321	C8	45112232	21.339612	A9	97.08	411	693.0	A9	688.0	0	0
brpb-671041	C8	45112232	21.339612	A9	97.81	411	710.0	A9	682.0	0	0
brpb-841591	C8	45112232	21.339612	A9	97.81	411	710.0	A9	682.0	0	0
brpb-670226	C8	45112313	21.339612	A9	99.60	249	455.0	A9	405.0	1	0
brpb-840699	C8	45112359	21.339612	A9	95.54	157	263.0	A9	241.0	1	0
brpb-659274	C8	45348540	59.86	C8	98.98	591	1055.0	A9	241.0	1	1
brpb-670302	C8	45665587	62.741	C8	98.20	499	876.0	A9	431.0	1	1
brpb-659993	C8	47950582	16.777	A9	94.90	157	244.0	A9	82.4	1	0
brpb-658666	C9	1159109	120.74584	A9	91.86	307	420.0	A9	420.0	0	0
brpb-661779	C9	1159109	120.74584	A9	91.53	307	414.0	A9	414.0	0	0
brpb-807995	C9	1159109	120.74584	A9	92.83	307	436.0	A9	436.0	0	0
brpb-663692	C9	3515508	24.776	C9	98.00	250	435.0	A9	435.0	0	1
brpb-658975	C9	4977812	109.781	A9	94.49	472	730.0	A9	721.0	0	0
brpb-661964	C9	8481011	110.139531	A9	93.26	445	649.0	A9	564.0	1	0
brpb-808055	C9	19252486	83.133	A9	91.96	336	457.0	A9	440.0	0	0
brpb-839875	C9	19995180	83.807	A9	95.90	610	981.0	C9	976.0	0	0
brpb-840166	C9	23305868	60.049	C9	98.22	225	394.0	C7	394.0	0	1
brpb-660506	C9	23305869	54.495018	C9	98.24	227	398.0	C7	398.0	0	1
brpb-663244	C9	37900776	92.65593	A1	98.85	696	1249.0	C3	1186.0	1	0
brpb-659743	C9	38233969	19.155091	A10	95.27	148	231.0			1	0
brpb-658266	C9	39486226	136.192506	A3	93.22	339	486.0	C8	231.0	1	0
brpb-670937	C9	39486226	136.192506	A3	94.10	339	505.0	C8	255.0	1	0
brpb-659992	C9	42182830	75.168064	C9	99.44	178	324.0	C8	126.0	1	1
brpb-839212	C9	42183174	75.168064	C9	97.75	666	1171.0	C8	383.0	1	1
brpb-670917	C9	52886355	86.031	C9	99.35	612	1116.0			1	1
brpb-663056	C9	57707555	31.353389	A10	94.46	469	737.0	A10	693.0	1	0
brpb-809027	C9	61560112	56.539015	A10	90.93	408	538.0	A10	198.0	1	0
brpb-658018	C9	64676772	82.593024	A10	97.86	373	645.0	C2	532.0	1	0
brpb-659122	C9	64676772	82.593024	A10	97.59	373	641.0	C2	529.0	1	0
brpb-662201	C9	64676772	82.593024	A10	97.86	373	645.0	C2	532.0	1	0
brpb-808864	C9	64676772	82.593024	A10	97.86	373	645.0	C2	532.0	1	0
brpb-809839	C9	64676772	80.497015	A10	97.86	373	645.0	C2	532.0	1	0
