marker_id	marker_join_id	chr	cM	marker_class	is_dart
XHR-CL-265	hr-cl-265	A1	0	Non-DArT	0
XCB10081	cb10081	A1	4.811	Non-DArT	0
Xniab113	niab113	A1	6.357	Non-DArT	0
XsN11641	sn11641	A1	7.199	Non-DArT	0
XIGF3222b	igf3222b	A1	7.83	Non-DArT	0
XHBr003	hbr003	A1	8.92	Non-DArT	0
Xniab097	niab097	A1	12.821	Non-DArT	0
XBRMS-098	brms-098	A1	14.931	Non-DArT	0
XbrPb-659711	brpb-659711	A1	16.776	DArT	1
XpW157	pw157	A1	18.013	Non-DArT	0
XpW248	pw248	A1	19.405	Non-DArT	0
XbrPb-840382	brpb-840382	A1	19.889501	DArT	1
XCNU142	cnu142	A1	20.564	Non-DArT	0
XbrPb-657648	brpb-657648	A1	23.47	DArT	1
XbrPb-658172	brpb-658172	A1	23.488	DArT	1
XbrPb-658455	brpb-658455	A1	24.082707	DArT	1
XCB10097	cb10097	A1	26.045	Non-DArT	0
XCNU139	cnu139	A1	26.687	Non-DArT	0
XbrPb-809947	brpb-809947	A1	27.615	DArT	1
XbrPb-663220	brpb-663220	A1	29.334	DArT	1
Xniab096	niab096	A1	31.742	Non-DArT	0
XbrPb-658050	brpb-658050	A1	32.642142	DArT	1
XHBr006	hbr006	A1	34.524	Non-DArT	0
XHBr018	hbr018	A1	36.213	Non-DArT	0
XpW145	pw145	A1	37.415	Non-DArT	0
XJICB0455	jicb0455	A1	37.808	Non-DArT	0
XbrPb-671207	brpb-671207	A1	40.628462	DArT	1
XbrPb-839756	brpb-839756	A1	41.967	DArT	1
XbrPb-657742	brpb-657742	A1	43.48072	DArT	1
XRA2G09	ra2g09	A1	46.244	Non-DArT	0
XbrPb-663258	brpb-663258	A1	47.043465	DArT	1
XbrPb-808330	brpb-808330	A1	47.605	DArT	1
XJICB1214	jicb1214	A1	48.855	Non-DArT	0
XIGF0191b	igf0191b	A1	50.962	Non-DArT	0
XbrPb-660511	brpb-660511	A1	53.178395	DArT	1
XJICB0009	jicb0009	A1	53.796	Non-DArT	0
XbrPb-657957	brpb-657957	A1	56.4728	DArT	1
XbrPb-658070	brpb-658070	A1	56.4728	DArT	1
XCNU235	cnu235	A1	56.482	Non-DArT	0
XbrPb-808614	brpb-808614	A1	56.671169	DArT	1
XJICB0619	jicb0619	A1	57.094	Non-DArT	0
XIGF9014b	igf9014b	A1	57.674	Non-DArT	0
XbrPb-662948	brpb-662948	A1	57.906354	DArT	1
XIGF9014a	igf9014a	A1	58.159	Non-DArT	0
XOl12F11	ol12f11	A1	58.361	Non-DArT	0
XIGF0557c	igf0557c	A1	59.561	Non-DArT	0
XBN35D	bn35d	A1	59.98	Non-DArT	0
XBRAS084	bras084	A1	60.823	Non-DArT	0
XBRAS078	bras078	A1	60.971	Non-DArT	0
XbrPb-838668	brpb-838668	A1	61.354938	DArT	1
XbrPb-661347	brpb-661347	A1	62.382385	DArT	1
XBRMS-245	brms-245	A1	62.664	Non-DArT	0
XbrPb-658499	brpb-658499	A1	63.252161	DArT	1
XCNU132	cnu132	A1	63.524	Non-DArT	0
XRA2E04	ra2e04	A1	63.806	Non-DArT	0
XSA63	sa63	A1	64.42	Non-DArT	0
XBRMS-287	brms-287	A1	64.782	Non-DArT	0
XHBr011	hbr011	A1	65.698	Non-DArT	0
XbrPb-659237	brpb-659237	A1	66.298778	DArT	1
XbrPb-660344	brpb-660344	A1	66.374432	DArT	1
XbrPb-658209	brpb-658209	A1	66.623129	DArT	1
XbrPb-661568	brpb-661568	A1	66.623129	DArT	1
XbrPb-661581	brpb-661581	A1	66.623129	DArT	1
XHR-C004-A1	hr-c004-a1	A1	66.669	Non-DArT	0
XbrPb-659195	brpb-659195	A1	67.226	DArT	1
XbrPb-838958	brpb-838958	A1	67.288	DArT	1
XbrPb-670408	brpb-670408	A1	67.722	DArT	1
XbrPb-657779	brpb-657779	A1	68.010133	DArT	1
XbrPb-658104	brpb-658104	A1	68.224	DArT	1
XbrPb-658760	brpb-658760	A1	68.93574	DArT	1
XbrPb-659034	brpb-659034	A1	68.93574	DArT	1
XbrPb-661055	brpb-661055	A1	68.93574	DArT	1
XH121N24-2	h121n24-2	A1	69.856	Non-DArT	0
XbrPb-663286	brpb-663286	A1	73.788	DArT	1
XbrPb-661010	brpb-661010	A1	73.834	DArT	1
XbrPb-670361	brpb-670361	A1	73.887	DArT	1
XbrPb-659171	brpb-659171	A1	74.32006	DArT	1
XbrPb-662342	brpb-662342	A1	75.426002	DArT	1
XbrPb-662499	brpb-662499	A1	75.426002	DArT	1
XbrPb-660357	brpb-660357	A1	77.06672	DArT	1
XbrPb-808818	brpb-808818	A1	77.17794	DArT	1
XbrPb-839626	brpb-839626	A1	79.275671	DArT	1
XbrPb-662737	brpb-662737	A1	80.788329	DArT	1
XbrPb-669998	brpb-669998	A1	82.668922	DArT	1
XbrPb-662007	brpb-662007	A1	84.854016	DArT	1
XbrPb-840554	brpb-840554	A1	84.9135	DArT	1
XbrPb-658523	brpb-658523	A1	86.26458	DArT	1
XbrPb-661548	brpb-661548	A1	86.26458	DArT	1
XbrPb-670963	brpb-670963	A1	86.26458	DArT	1
XbrPb-839763	brpb-839763	A1	87.924	DArT	1
XbrPb-808108	brpb-808108	A1	87.975934	DArT	1
XbrPb-663244	brpb-663244	A1	92.65593	DArT	1
XbrPb-839516	brpb-839516	A1	93.769407	DArT	1
XbrPb-841624	brpb-841624	A1	95.97133	DArT	1
XbrPb-670633	brpb-670633	A1	96.899137	DArT	1
XbrPb-659231	brpb-659231	A1	97.808713	DArT	1
XbrPb-842239	brpb-842239	A1	109.115793	DArT	1
XbrPb-839883	brpb-839883	A1	109.969565	DArT	1
XbrPb-842221	brpb-842221	A1	109.969565	DArT	1
XbrPb-658604	brpb-658604	A1	123.62984	DArT	1
XbrPb-658798	brpb-658798	A1	123.62984	DArT	1
XbrPb-659719	brpb-659719	A1	123.62984	DArT	1
XbrPb-661339	brpb-661339	A1	123.62984	DArT	1
XbrPb-671396	brpb-671396	A1	123.62984	DArT	1
XbrPb-807992	brpb-807992	A1	123.62984	DArT	1
XbrPb-809192	brpb-809192	A1	123.62984	DArT	1
XbrPb-839776	brpb-839776	A1	123.62984	DArT	1
XbrPb-840278	brpb-840278	A1	123.62984	DArT	1
XbrPb-840473	brpb-840473	A1	123.62984	DArT	1
XbrPb-841120	brpb-841120	A1	123.62984	DArT	1
XbrPb-671344	brpb-671344	A10	0	DArT	1
XpW117	pw117	A10	7.317015	Non-DArT	0
Xniab034	niab034	A10	8.365015	Non-DArT	0
XbrPb-661606	brpb-661606	A10	9.821015	DArT	1
XbrPb-659419	brpb-659419	A10	9.905515	DArT	1
XbrPb-840385	brpb-840385	A10	9.905515	DArT	1
XbrPb-658597	brpb-658597	A10	9.990015	DArT	1
XbrPb-840375	brpb-840375	A10	10.625668	DArT	1
XbrPb-657934	brpb-657934	A10	11.117015	DArT	1
XbrPb-661526	brpb-661526	A10	11.45563	DArT	1
XbrPb-659204	brpb-659204	A10	12.048606	DArT	1
XbrPb-663425	brpb-663425	A10	12.048606	DArT	1
Xniab015	niab015	A10	13.945015	Non-DArT	0
XHR-C003-A10	hr-c003-a10	A10	15.964015	Non-DArT	0
XNa12D11	na12d11	A10	16.299015	Non-DArT	0
XIGF1073a	igf1073a	A10	16.739015	Non-DArT	0
XbrPb-663073	brpb-663073	A10	17.350015	DArT	1
XCB10122	cb10122	A10	17.909015	Non-DArT	0
XpW240	pw240	A10	18.758015	Non-DArT	0
XbrPb-659743	brpb-659743	A10	19.155091	DArT	1
XbrPb-663458	brpb-663458	A10	19.155091	DArT	1
XbrPb-660669	brpb-660669	A10	19.660015	DArT	1
XbrPb-661082	brpb-661082	A10	19.720015	DArT	1
XbrPb-658735	brpb-658735	A10	19.766015	DArT	1
XbrPb-838923	brpb-838923	A10	19.926015	DArT	1
XbrPb-658333	brpb-658333	A10	19.966015	DArT	1
XbrPb-660661	brpb-660661	A10	20.010587	DArT	1
XbrPb-659113	brpb-659113	A10	20.416015	DArT	1
XbrPb-658290	brpb-658290	A10	20.543015	DArT	1
XRA2E03	ra2e03	A10	23.751015	Non-DArT	0
XNa10D07a	na10d07a	A10	25.107015	Non-DArT	0
XHS-b14-1	hs-b14-1	A10	26.190015	Non-DArT	0
XHS-j90	hs-j90	A10	26.977015	Non-DArT	0
XSs2066	ss2066	A10	28.216015	Non-DArT	0
XbrPb-660213	brpb-660213	A10	31.353389	DArT	1
XbrPb-660251	brpb-660251	A10	31.353389	DArT	1
XbrPb-663056	brpb-663056	A10	31.353389	DArT	1
XbrPb-661264	brpb-661264	A10	32.53523	DArT	1
Xniab123	niab123	A10	32.747015	Non-DArT	0
XbrPb-809526	brpb-809526	A10	32.892015	DArT	1
XbrPb-660630	brpb-660630	A10	33.141015	DArT	1
XbrPb-658429	brpb-658429	A10	33.638015	DArT	1
XHG4-BSR5	hg4-bsr5	A10	37.490015	Non-DArT	0
XHG4-BSR4	hg4-bsr4	A10	37.920015	Non-DArT	0
XHG4-BSR7	hg4-bsr7	A10	38.602015	Non-DArT	0
XbrPb-658163	brpb-658163	A10	41.374357	DArT	1
XbrPb-660401	brpb-660401	A10	41.374357	DArT	1
XbrPb-662735	brpb-662735	A10	41.374357	DArT	1
Xpw155b	pw155b	A10	41.592015	Non-DArT	0
XbrPb-658199	brpb-658199	A10	42.315015	DArT	1
XbrPb-658656	brpb-658656	A10	42.681222	DArT	1
XHG-CO-A10	hg-co-a10	A10	43.505015	Non-DArT	0
XbrPb-660352	brpb-660352	A10	43.536718	DArT	1
XbrPb-661838	brpb-661838	A10	45.617624	DArT	1
XbrPb-840529	brpb-840529	A10	46.103205	DArT	1
XsN8502	sn8502	A10	46.396015	Non-DArT	0
XsN8474	sn8474	A10	51.459015	Non-DArT	0
XHG-FLC-A10	hg-flc-a10	A10	52.095015	Non-DArT	0
Xniab009	niab009	A10	52.795015	Non-DArT	0
XbrPb-657896	brpb-657896	A10	53.355489	DArT	1
XbrPb-663307	brpb-663307	A10	53.727015	DArT	1
XbrPb-809027	brpb-809027	A10	56.539015	DArT	1
XbrPb-670588	brpb-670588	A10	60.254286	DArT	1
XJICB0272	jicb0272	A10	60.816015	Non-DArT	0
XbrPb-663265	brpb-663265	A10	62.100015	DArT	1
XBRMS-244	brms-244	A10	63.892015	Non-DArT	0
XBRMS-062	brms-062	A10	66.206015	Non-DArT	0
XJICB0551	jicb0551	A10	69.459015	Non-DArT	0
XbrPb-659745	brpb-659745	A10	74.035015	DArT	1
XbrPb-809539	brpb-809539	A10	75.854916	DArT	1
XbrPb-660910	brpb-660910	A10	77.629015	DArT	1
XbrPb-660070	brpb-660070	A10	77.630015	DArT	1
XbrPb-809307	brpb-809307	A10	78.046015	DArT	1
XbrPb-659925	brpb-659925	A10	78.890767	DArT	1
XbrPb-658793	brpb-658793	A10	79.123015	DArT	1
XbrPb-809839	brpb-809839	A10	80.497015	DArT	1
XBRMS-019	brms-019	A10	81.909015	Non-DArT	0
XbrPb-658018	brpb-658018	A10	82.593024	DArT	1
XbrPb-659122	brpb-659122	A10	82.593024	DArT	1
XbrPb-662201	brpb-662201	A10	82.593024	DArT	1
XbrPb-808864	brpb-808864	A10	82.593024	DArT	1
XbrPb-658921	brpb-658921	A10	101.09118	DArT	1
XHBr024	hbr024	A2	0	Non-DArT	0
XHBr028	hbr028	A2	5.659	Non-DArT	0
Xbac-49	bac-49	A2	7.448	Non-DArT	0
Xbac-48	bac-48	A2	8.516	Non-DArT	0
XbrPb-658589	brpb-658589	A2	8.516	DArT	1
XbrPb-670904	brpb-670904	A2	11.11	DArT	1
XbrPb-840784	brpb-840784	A2	11.399	DArT	1
XbrPb-842220	brpb-842220	A2	11.457	DArT	1
XbrPb-808338	brpb-808338	A2	11.954	DArT	1
XbrPb-671322	brpb-671322	A2	12.708	DArT	1
XbrPb-840731	brpb-840731	A2	12.845	DArT	1
XbrPb-840545	brpb-840545	A2	15.205	DArT	1
XsN3761a	sn3761a	A2	15.847	Non-DArT	0
XsR6293a	sr6293a	A2	16.424	Non-DArT	0
XpW252	pw252	A2	18.062	Non-DArT	0
XpW144	pw144	A2	18.833	Non-DArT	0
XbrPb-661469	brpb-661469	A2	20.869	DArT	1
XbrPb-658386	brpb-658386	A2	23.061	DArT	1
XbrPb-662312	brpb-662312	A2	24.948	DArT	1
XbrPb-670471	brpb-670471	A2	24.952	DArT	1
XbrPb-659016	brpb-659016	A2	24.955	DArT	1
XbrPb-657868	brpb-657868	A2	24.957	DArT	1
XbrPb-661407	brpb-661407	A2	24.957	DArT	1
XbrPb-662239	brpb-662239	A2	24.957	DArT	1
XbrPb-659053	brpb-659053	A2	24.959	DArT	1
XbrPb-657614	brpb-657614	A2	28.625	DArT	1
XbrPb-658617	brpb-658617	A2	29.474977	DArT	1
XbrPb-661820	brpb-661820	A2	29.474977	DArT	1
XbrPb-838654	brpb-838654	A2	29.474977	DArT	1
XbrPb-670834	brpb-670834	A2	29.505488	DArT	1
XbrPb-657847	brpb-657847	A2	29.575	DArT	1
XbrPb-660007	brpb-660007	A2	29.805	DArT	1
XbrPb-808526	brpb-808526	A2	30.121	DArT	1
XbrPb-658213	brpb-658213	A2	30.229	DArT	1
XbrPb-661689	brpb-661689	A2	30.23	DArT	1
XbrPb-839167	brpb-839167	A2	30.232	DArT	1
XbrPb-658011	brpb-658011	A2	30.244	DArT	1
XbrPb-658552	brpb-658552	A2	30.268	DArT	1
XbrPb-662121	brpb-662121	A2	30.28	DArT	1
Xp154	p154	A2	31.961	Non-DArT	0
Xp155	p155	A2	32.149	Non-DArT	0
XbrPb-657785	brpb-657785	A2	32.629	DArT	1
XbrPb-658413	brpb-658413	A2	32.779	DArT	1
XbrPb-658122	brpb-658122	A2	32.92	DArT	1
XbrPb-840563	brpb-840563	A2	32.939	DArT	1
XbrPb-809263	brpb-809263	A2	33.122999	DArT	1
XbrPb-660621	brpb-660621	A2	34.931754	DArT	1
XbrPb-839048	brpb-839048	A2	34.931754	DArT	1
XBRMS-332	brms-332	A2	37.382	Non-DArT	0
XH129I15-4-2	h129i15-4-2	A2	38.569	Non-DArT	0
XbrPb-657915	brpb-657915	A2	40.082172	DArT	1
XZAAS113	zaas113	A2	41.018	Non-DArT	0
XbrPb-658083	brpb-658083	A2	52.175604	DArT	1
XHBr027	hbr027	A2	53.348	Non-DArT	0
XOl13E08	ol13e08	A2	56.398	Non-DArT	0
XCB10416	cb10416	A2	58.461	Non-DArT	0
XIGF5222g	igf5222g	A2	63.565	Non-DArT	0
XIGF5224g	igf5224g	A2	64.119	Non-DArT	0
XbrPb-661681	brpb-661681	A2	65.79	DArT	1
XBRMS-026	brms-026	A2	67.362	Non-DArT	0
XbrPb-657949	brpb-657949	A2	73.962	DArT	1
XbrPb-660196	brpb-660196	A2	73.974	DArT	1
XbrPb-840401	brpb-840401	A2	74.002	DArT	1
XbrPb-808759	brpb-808759	A2	74.009	DArT	1
XbrPb-809267	brpb-809267	A2	74.024	DArT	1
XOl10F04	ol10f04	A2	78.804	Non-DArT	0
XBRMS-228	brms-228	A2	80.212	Non-DArT	0
XbrPb-660108	brpb-660108	A2	82.73	DArT	1
XbrPb-658860	brpb-658860	A2	84.164	DArT	1
XCB10355	cb10355	A2	90.47	Non-DArT	0
XbrPb-809152	brpb-809152	A3	0	DArT	1
XbrPb-658157	brpb-658157	A3	4.768941	DArT	1
XbrPb-660869	brpb-660869	A3	4.768941	DArT	1
XbrPb-661972	brpb-661972	A3	8.393737	DArT	1
XbrPb-660648	brpb-660648	A3	9.847163	DArT	1
XbrPb-659233	brpb-659233	A3	10.779997	DArT	1
XbrPb-809756	brpb-809756	A3	14.894713	DArT	1
XbrPb-661557	brpb-661557	A3	21.024787	DArT	1
Xniab115	niab115	A3	23.013193	Non-DArT	0
Xniab116	niab116	A3	26.746193	Non-DArT	0
XbrPb-658285	brpb-658285	A3	26.785331	DArT	1
XbrPb-658945	brpb-658945	A3	26.785331	DArT	1
XbrPb-659037	brpb-659037	A3	26.785331	DArT	1
XbrPb-661767	brpb-661767	A3	26.785331	DArT	1
XbrPb-662944	brpb-662944	A3	26.785331	DArT	1
XbrPb-808545	brpb-808545	A3	26.785331	DArT	1
XB080H21-1	b080h21-1	A3	28.882193	Non-DArT	0
XbrPb-657679	brpb-657679	A3	29.216801	DArT	1
XH013I08-3	h013i08-3	A3	32.333193	Non-DArT	0
XbrPb-659852	brpb-659852	A3	32.402588	DArT	1
XB008I08-4	b008i08-4	A3	33.493193	Non-DArT	0
Xniab102	niab102	A3	34.668193	Non-DArT	0
XbrPb-839781	brpb-839781	A3	35.253176	DArT	1
XIGF5154c	igf5154c	A3	35.415193	Non-DArT	0
XbrPb-658433	brpb-658433	A3	36.401645	DArT	1
XH003M07-4	h003m07-4	A3	37.837193	Non-DArT	0
XbrPb-662170	brpb-662170	A3	46.684517	DArT	1
XbrPb-662443	brpb-662443	A3	46.684517	DArT	1
XbrPb-671217	brpb-671217	A3	48.251839	DArT	1
XH048M02-5	h048m02-5	A3	48.254193	Non-DArT	0
XB054N05-2	b054n05-2	A3	49.281193	Non-DArT	0
XB071P24-1	b071p24-1	A3	50.196193	Non-DArT	0
XbrPb-840137	brpb-840137	A3	50.716181	DArT	1
XRA2E11	ra2e11	A3	51.377193	Non-DArT	0
XBRAS029	bras029	A3	51.690193	Non-DArT	0
XHG-FLC-A3	hg-flc-a3	A3	52.153193	Non-DArT	0
XKR20530-3	kr20530-3	A3	53.017193	Non-DArT	0
XbrPb-658100	brpb-658100	A3	53.321193	DArT	1
XCB10271	cb10271	A3	53.588193	Non-DArT	0
XBRMS-303	brms-303	A3	53.782193	Non-DArT	0
XMR123	mr123	A3	54.275193	Non-DArT	0
XIGF2134f2	igf2134f2	A3	55.125193	Non-DArT	0
XIGF2544b	igf2544b	A3	55.450193	Non-DArT	0
XbrPb-663683	brpb-663683	A3	55.656193	DArT	1
XbrPb-840813	brpb-840813	A3	55.969193	DArT	1
XbrPb-838688	brpb-838688	A3	56.448193	DArT	1
XbrPb-658934	brpb-658934	A3	56.614494	DArT	1
XCNU250	cnu250	A3	57.974193	Non-DArT	0
XbrPb-659102	brpb-659102	A3	58.254764	DArT	1
XIGF5385a	igf5385a	A3	58.500193	Non-DArT	0
XCNU253	cnu253	A3	59.060193	Non-DArT	0
XBRMS-043	brms-043	A3	59.711193	Non-DArT	0
XB092O02-4	b092o02-4	A3	60.085193	Non-DArT	0
XHS-Au14	hs-au14	A3	60.540193	Non-DArT	0
XbrPb-840898	brpb-840898	A3	60.877593	DArT	1
XbrPb-663121	brpb-663121	A3	60.931193	DArT	1
XCB10427	cb10427	A3	61.386193	Non-DArT	0
XbrPb-658241	brpb-658241	A3	62.381193	DArT	1
XCNU384	cnu384	A3	62.892193	Non-DArT	0
XCNU288	cnu288	A3	63.305193	Non-DArT	0
XbrPb-839525	brpb-839525	A3	65.176007	DArT	1
XbrPb-658244	brpb-658244	A3	66.116961	DArT	1
XB068E07-2	b068e07-2	A3	66.133193	Non-DArT	0
XH010E23-2	h010e23-2	A3	66.684193	Non-DArT	0
XbrPb-660993	brpb-660993	A3	66.808239	DArT	1
XbrPb-658802	brpb-658802	A3	72.406193	DArT	1
XbrPb-662347	brpb-662347	A3	72.990193	DArT	1
XbrPb-808274	brpb-808274	A3	73.075193	DArT	1
XbrPb-660030	brpb-660030	A3	73.311193	DArT	1
XbrPb-662736	brpb-662736	A3	73.359193	DArT	1
XbrPb-809175	brpb-809175	A3	73.423193	DArT	1
XbrPb-657750	brpb-657750	A3	73.469511	DArT	1
XbrPb-838708	brpb-838708	A3	73.571193	DArT	1
XbrPb-658601	brpb-658601	A3	73.578193	DArT	1
XbrPb-658844	brpb-658844	A3	73.599193	DArT	1
XbrPb-809214	brpb-809214	A3	73.615193	DArT	1
XbrPb-657695	brpb-657695	A3	73.620193	DArT	1
XbrPb-658800	brpb-658800	A3	73.684193	DArT	1
XbrPb-658436	brpb-658436	A3	73.691193	DArT	1
XbrPb-660346	brpb-660346	A3	73.776193	DArT	1
XbrPb-809854	brpb-809854	A3	73.779093	DArT	1
XbrPb-809205	brpb-809205	A3	73.843193	DArT	1
XbrPb-658949	brpb-658949	A3	75.372732	DArT	1
XH129I15-4-1	h129i15-4-1	A3	75.557193	Non-DArT	0
XH085M22-4	h085m22-4	A3	75.745193	Non-DArT	0
XH007D13-3-2	h007d13-3-2	A3	76.147193	Non-DArT	0
XKBrB001H24-13	kbrb001h24-13	A3	76.683193	Non-DArT	0
XCNU098	cnu098	A3	76.817193	Non-DArT	0
XbrPb-662935	brpb-662935	A3	77.275952	DArT	1
XB049D17-4	b049d17-4	A3	78.249193	Non-DArT	0
XIGF3125a	igf3125a	A3	80.663193	Non-DArT	0
XbrPb-657925	brpb-657925	A3	81.938193	DArT	1
XbrPb-657981	brpb-657981	A3	82.054193	DArT	1
XbrPb-657945	brpb-657945	A3	82.100193	DArT	1
XB044E18-1-2	b044e18-1-2	A3	82.946193	Non-DArT	0
XOl11G11a	ol11g11a	A3	83.586193	Non-DArT	0
XH034E17-1	h034e17-1	A3	84.592193	Non-DArT	0
XbrPb-659638	brpb-659638	A3	85.434193	DArT	1
XbrPb-671327	brpb-671327	A3	85.491193	DArT	1
XbrPb-663225	brpb-663225	A3	85.674193	DArT	1
XbrPb-659257	brpb-659257	A3	85.751332	DArT	1
XbrPb-670322	brpb-670322	A3	85.751332	DArT	1
XbrPb-671284	brpb-671284	A3	88.132193	DArT	1
XbrPb-839683	brpb-839683	A3	88.566193	DArT	1
XCNU270	cnu270	A3	92.237193	Non-DArT	0
XIGF3165c	igf3165c	A3	92.859193	Non-DArT	0
XCNU321	cnu321	A3	93.994193	Non-DArT	0
XZAAS98a	zaas98a	A3	94.530193	Non-DArT	0
XHBr001	hbr001	A3	94.768193	Non-DArT	0
XCNU002	cnu002	A3	95.335193	Non-DArT	0
XB042O05	b042o05	A3	95.568193	Non-DArT	0
XbrPb-662565	brpb-662565	A3	99.461074	DArT	1
XB069K06-3	b069k06-3	A3	101.240193	Non-DArT	0
XCNU215	cnu215	A3	101.869193	Non-DArT	0
XbrPb-662033	brpb-662033	A3	103.495707	DArT	1
XbrPb-662488	brpb-662488	A3	103.495707	DArT	1
XbrPb-662586	brpb-662586	A3	103.495707	DArT	1
XbrPb-838880	brpb-838880	A3	103.495707	DArT	1
XKR20070-2	kr20070-2	A3	104.286193	Non-DArT	0
XCB10415	cb10415	A3	105.165193	Non-DArT	0
XpW188b	pw188b	A3	106.073193	Non-DArT	0
XB072K21-4	b072k21-4	A3	107.419193	Non-DArT	0
XCNU370	cnu370	A3	110.328193	Non-DArT	0
XbrPb-660733	brpb-660733	A3	110.432181	DArT	1
XbrPb-661458	brpb-661458	A3	110.432181	DArT	1
XbrPb-661655	brpb-661655	A3	110.432181	DArT	1
XCNU371	cnu371	A3	113.529193	Non-DArT	0
XCNU435	cnu435	A3	116.286193	Non-DArT	0
XCNU316	cnu316	A3	116.672193	Non-DArT	0
XCNU306	cnu306	A3	116.833193	Non-DArT	0
XHS-Au39b	hs-au39b	A3	118.151193	Non-DArT	0
XS003O10	s003o10	A3	120.342193	Non-DArT	0
XB085J21-2	b085j21-2	A3	122.111193	Non-DArT	0
XH069E01-1	h069e01-1	A3	124.129193	Non-DArT	0
XB080F13-2	b080f13-2	A3	125.331193	Non-DArT	0
XH129J18-3	h129j18-3	A3	125.875193	Non-DArT	0
XbrPb-659276	brpb-659276	A3	126.651193	DArT	1
XB032G23-3	b032g23-3	A3	128.241193	Non-DArT	0
XbrPb-838604	brpb-838604	A3	128.524072	DArT	1
XH005A08-1-2	h005a08-1-2	A3	128.829193	Non-DArT	0
XbrPb-838788	brpb-838788	A3	129.000816	DArT	1
XH035D15-1	h035d15-1	A3	130.562193	Non-DArT	0
XNa12A08	na12a08	A3	132.029193	Non-DArT	0
XbrPb-658578	brpb-658578	A3	132.641613	DArT	1
XbrPb-658349	brpb-658349	A3	134.17519	DArT	1
XbrPb-663150	brpb-663150	A3	134.17519	DArT	1
XbrPb-661250	brpb-661250	A3	135.932659	DArT	1
XbrPb-839485	brpb-839485	A3	135.932659	DArT	1
XbrPb-839588	brpb-839588	A3	135.932659	DArT	1
XbrPb-839640	brpb-839640	A3	135.932659	DArT	1
XbrPb-658266	brpb-658266	A3	136.192506	DArT	1
XbrPb-670937	brpb-670937	A3	136.192506	DArT	1
XIGF0570a2	igf0570a2	A3	139.135193	Non-DArT	0
XHR-C009-A3	hr-c009-a3	A3	142.812193	Non-DArT	0
XbrPb-840964	brpb-840964	A3	144.362193	DArT	1
XbrPb-659729	brpb-659729	A3	144.902193	DArT	1
XbrPb-658190	brpb-658190	A4	0	DArT	1
XbrPb-840348	brpb-840348	A4	4.332888	DArT	1
XIGF3391a	igf3391a	A4	7.340964	Non-DArT	0
XIGF3395d	igf3395d	A4	8.086964	Non-DArT	0
XbrPb-662842	brpb-662842	A4	9.298706	DArT	1
XbrPb-663305	brpb-663305	A4	10.875964	DArT	1
XbrPb-660316	brpb-660316	A4	11.687964	DArT	1
XbrPb-663259	brpb-663259	A4	11.883964	DArT	1
XbrPb-661628	brpb-661628	A4	14.884	DArT	1
XbrPb-841242	brpb-841242	A4	14.884	DArT	1
XbrPb-660939	brpb-660939	A4	16.926964	DArT	1
XbrPb-657687	brpb-657687	A4	19.730964	DArT	1
XbrPb-657786	brpb-657786	A4	19.768964	DArT	1
XbrPb-658988	brpb-658988	A4	21.239277	DArT	1
XbrPb-842021	brpb-842021	A4	22.767964	DArT	1
XbrPb-657641	brpb-657641	A4	22.839964	DArT	1
XbrPb-658486	brpb-658486	A4	22.864214	DArT	1
XbrPb-670055	brpb-670055	A4	22.864214	DArT	1
XbrPb-658153	brpb-658153	A4	22.922964	DArT	1
XbrPb-809236	brpb-809236	A4	22.958964	DArT	1
XbrPb-659798	brpb-659798	A4	23.277964	DArT	1
XbrPb-657736	brpb-657736	A4	24.966321	DArT	1
XbrPb-840517	brpb-840517	A4	26.156964	DArT	1
XbrPb-658097	brpb-658097	A4	26.167964	DArT	1
XbrPb-659960	brpb-659960	A4	26.424964	DArT	1
XbrPb-808599	brpb-808599	A4	27.359964	DArT	1
XbrPb-841303	brpb-841303	A4	27.891964	DArT	1
XbrPb-809825	brpb-809825	A4	27.994357	DArT	1
XbrPb-839631	brpb-839631	A4	27.994357	DArT	1
XbrPb-842153	brpb-842153	A4	27.994357	DArT	1
XbrPb-809631	brpb-809631	A4	29.080964	DArT	1
XbrPb-808642	brpb-808642	A4	29.463964	DArT	1
XbrPb-658265	brpb-658265	A4	29.641964	DArT	1
XbrPb-841973	brpb-841973	A4	29.642964	DArT	1
XbrPb-808142	brpb-808142	A4	29.645964	DArT	1
XbrPb-809583	brpb-809583	A4	29.809125	DArT	1
XbrPb-842031	brpb-842031	A4	30.493964	DArT	1
XbrPb-838993	brpb-838993	A4	30.727964	DArT	1
XbrPb-839587	brpb-839587	A4	30.734964	DArT	1
XbrPb-841534	brpb-841534	A4	32.400964	DArT	1
XbrPb-657581	brpb-657581	A4	32.407964	DArT	1
XbrPb-657692	brpb-657692	A4	32.635367	DArT	1
XbrPb-659874	brpb-659874	A4	32.635367	DArT	1
XbrPb-661134	brpb-661134	A4	32.748964	DArT	1
XbrPb-660920	brpb-660920	A4	32.810964	DArT	1
XbrPb-839577	brpb-839577	A4	32.893964	DArT	1
XbrPb-671364	brpb-671364	A4	35.106812	DArT	1
XbrPb-808993	brpb-808993	A4	37.387983	DArT	1
XbrPb-659705	brpb-659705	A4	37.558964	DArT	1
XbrPb-841683	brpb-841683	A4	37.662964	DArT	1
XbrPb-808828	brpb-808828	A4	37.912964	DArT	1
XbrPb-659838	brpb-659838	A4	38.085964	DArT	1
XbrPb-660701	brpb-660701	A4	39.133964	DArT	1
XbrPb-660157	brpb-660157	A4	39.431964	DArT	1
XbrPb-839460	brpb-839460	A4	40.092964	DArT	1
XbrPb-657888	brpb-657888	A4	45.42995	DArT	1
XbrPb-658251	brpb-658251	A4	46.279964	DArT	1
XbrPb-809771	brpb-809771	A4	46.953964	DArT	1
XbrPb-661773	brpb-661773	A4	49.361561	DArT	1
Xniab048	niab048	A4	51.914964	Non-DArT	0
XCNU246	cnu246	A4	52.389964	Non-DArT	0
XIGF2021e	igf2021e	A4	53.972964	Non-DArT	0
XJICB0134	jicb0134	A4	62.650964	Non-DArT	0
XBRMS-105	brms-105	A4	64.791964	Non-DArT	0
XbrPb-671115	brpb-671115	A4	65.288251	DArT	1
XBRMS-054	brms-054	A4	65.368964	Non-DArT	0
XbrPb-839360	brpb-839360	A4	67.173306	DArT	1
XbrPb-840148	brpb-840148	A4	67.173306	DArT	1
XbrPb-658492	brpb-658492	A4	67.534964	DArT	1
XbrPb-809176	brpb-809176	A4	67.715964	DArT	1
XbrPb-670695	brpb-670695	A4	68.043964	DArT	1
XbrPb-662662	brpb-662662	A4	68.173964	DArT	1
XbrPb-662215	brpb-662215	A4	70.378036	DArT	1
XbrPb-809088	brpb-809088	A4	72.719964	DArT	1
XbrPb-659008	brpb-659008	A4	72.787964	DArT	1
XbrPb-658557	brpb-658557	A4	73.179441	DArT	1
XCNU360	cnu360	A4	78.054964	Non-DArT	0
XbrPb-661133	brpb-661133	A4	78.320073	DArT	1
XbrPb-663549	brpb-663549	A4	78.320073	DArT	1
XCNU254	cnu254	A4	78.458964	Non-DArT	0
XCNU256	cnu256	A4	80.531964	Non-DArT	0
XHS-k02-2	hs-k02-2	A4	81.434964	Non-DArT	0
XbrPb-658257	brpb-658257	A4	82.147564	DArT	1
XbrPb-658645	brpb-658645	A4	82.147564	DArT	1
XbrPb-658824	brpb-658824	A4	85.033069	DArT	1
XbrPb-839008	brpb-839008	A4	85.667964	DArT	1
XbrPb-660337	brpb-660337	A4	90.288964	DArT	1
XbrPb-660911	brpb-660911	A4	91.711964	DArT	1
XbrPb-670739	brpb-670739	A4	92.077964	DArT	1
XbrPb-808709	brpb-808709	A4	92.128964	DArT	1
XbrPb-658275	brpb-658275	A4	93.216711	DArT	1
XbrPb-840331	brpb-840331	A4	93.967964	DArT	1
XOl10B01	ol10b01	A4	96.593964	Non-DArT	0
XJICB0283	jicb0283	A4	97.009964	Non-DArT	0
XbrPb-841544	brpb-841544	A4	97.230977	DArT	1
XJICB0584	jicb0584	A4	98.011964	Non-DArT	0
XOl11H02c	ol11h02c	A4	102.345964	Non-DArT	0
XBRMS-034	brms-034	A5	0	Non-DArT	0
XJICB0153	jicb0153	A5	1.691	Non-DArT	0
XbrPb-842067	brpb-842067	A5	7.928514	DArT	1
XbrPb-809935	brpb-809935	A5	8.999	DArT	1
XbrPb-663516	brpb-663516	A5	9.02	DArT	1
XbrPb-661313	brpb-661313	A5	9.287888	DArT	1
XbrPb-809787	brpb-809787	A5	9.671	DArT	1
XbrPb-659342	brpb-659342	A5	9.682	DArT	1
XbrPb-660916	brpb-660916	A5	9.685	DArT	1
XbrPb-659900	brpb-659900	A5	9.79	DArT	1
XbrPb-663578	brpb-663578	A5	11.876073	DArT	1
XbrPb-658634	brpb-658634	A5	12.422508	DArT	1
XbrPb-659536	brpb-659536	A5	12.422508	DArT	1
XbrPb-662868	brpb-662868	A5	12.422508	DArT	1
XbrPb-808954	brpb-808954	A5	14.422	DArT	1
XbrPb-808805	brpb-808805	A5	14.66	DArT	1
XbrPb-809579	brpb-809579	A5	14.793	DArT	1
XbrPb-659339	brpb-659339	A5	15.41	DArT	1
XbrPb-661359	brpb-661359	A5	15.705642	DArT	1
XbrPb-662385	brpb-662385	A5	19.81	DArT	1
XbrPb-658832	brpb-658832	A5	20.336	DArT	1
XbrPb-662717	brpb-662717	A5	20.724	DArT	1
XbrPb-661063	brpb-661063	A5	22.271915	DArT	1
XbrPb-658816	brpb-658816	A5	22.305707	DArT	1
XbrPb-839094	brpb-839094	A5	23.387	DArT	1
XbrPb-840990	brpb-840990	A5	29.600909	DArT	1
XbrPb-841841	brpb-841841	A5	29.600909	DArT	1
XbrPb-670365	brpb-670365	A5	33.256823	DArT	1
XbrPb-658614	brpb-658614	A5	34.034462	DArT	1
XbrPb-659025	brpb-659025	A5	34.754	DArT	1
XbrPb-659526	brpb-659526	A5	35.967	DArT	1
XbrPb-841416	brpb-841416	A5	35.984	DArT	1
XbrPb-807779	brpb-807779	A5	36.376	DArT	1
XbrPb-662946	brpb-662946	A5	37.597982	DArT	1
XbrPb-663320	brpb-663320	A5	37.597982	DArT	1
XbrPb-840897	brpb-840897	A5	38.133	DArT	1
XbrPb-660486	brpb-660486	A5	38.141	DArT	1
XbrPb-670546	brpb-670546	A5	38.782733	DArT	1
XbrPb-658468	brpb-658468	A5	39.27	DArT	1
XbrPb-839815	brpb-839815	A5	39.85018	DArT	1
XbrPb-660237	brpb-660237	A5	40.101	DArT	1
XbrPb-659114	brpb-659114	A5	40.507696	DArT	1
XbrPb-661887	brpb-661887	A5	41.079049	DArT	1
XbrPb-659224	brpb-659224	A5	43.596	DArT	1
XbrPb-662228	brpb-662228	A5	43.633114	DArT	1
XbrPb-809393	brpb-809393	A5	43.884	DArT	1
XbrPb-841413	brpb-841413	A5	44.01345	DArT	1
XbrPb-657933	brpb-657933	A5	44.065	DArT	1
XbrPb-671027	brpb-671027	A5	44.215	DArT	1
XbrPb-658694	brpb-658694	A5	45.105369	DArT	1
XbrPb-659095	brpb-659095	A5	45.105369	DArT	1
XHR-C016-A5	hr-c016-a5	A5	45.417	Non-DArT	0
XS012H21-1	s012h21-1	A5	45.438	Non-DArT	0
Xbac-26	bac-26	A5	45.484	Non-DArT	0
Xbac-19	bac-19	A5	45.557	Non-DArT	0
Xbac-23	bac-23	A5	45.621	Non-DArT	0
XbrPb-839251	brpb-839251	A5	46.202155	DArT	1
XbrPb-670950	brpb-670950	A5	47.291626	DArT	1
Xp129a	p129a	A5	47.326	Non-DArT	0
XsR9222	sr9222	A5	47.716	Non-DArT	0
XNa12E01b	na12e01b	A5	48.172	Non-DArT	0
XCNU029	cnu029	A5	49.174	Non-DArT	0
XNa10B08	na10b08	A5	49.551	Non-DArT	0
Xniab013	niab013	A5	50.301	Non-DArT	0
XCNU325	cnu325	A5	51.64	Non-DArT	0
XCNU206	cnu206	A5	53.172	Non-DArT	0
XbrPb-662094	brpb-662094	A5	53.59461	DArT	1
XbrPb-657955	brpb-657955	A5	54.817571	DArT	1
XbrPb-663261	brpb-663261	A5	54.817571	DArT	1
XbrPb-809660	brpb-809660	A5	56.260575	DArT	1
XbrPb-657894	brpb-657894	A5	56.433313	DArT	1
XbrPb-662421	brpb-662421	A5	56.433313	DArT	1
XbrPb-808211	brpb-808211	A5	56.433313	DArT	1
XbrPb-839331	brpb-839331	A5	56.433313	DArT	1
XIGF0149c	igf0149c	A5	57.071	Non-DArT	0
XbrPb-839308	brpb-839308	A5	59.127603	DArT	1
XbrPb-659481	brpb-659481	A5	60.418055	DArT	1
XbrPb-670799	brpb-670799	A5	61.560716	DArT	1
XbrPb-660131	brpb-660131	A5	62.331925	DArT	1
XKBrH001C24-16	kbrh001c24-16	A5	63.149	Non-DArT	0
XbrPb-838667	brpb-838667	A5	64.570563	DArT	1
XbrPb-839027	brpb-839027	A5	64.570563	DArT	1
XbrPb-807798	brpb-807798	A5	64.89075	DArT	1
XbrPb-808842	brpb-808842	A5	64.89075	DArT	1
XbrPb-807926	brpb-807926	A5	66.124095	DArT	1
XbrPb-658795	brpb-658795	A5	68.001964	DArT	1
XbrPb-810005	brpb-810005	A5	68.001964	DArT	1
XbrPb-839825	brpb-839825	A5	69.766323	DArT	1
XbrPb-659298	brpb-659298	A5	70.876342	DArT	1
XbrPb-807965	brpb-807965	A5	73.030288	DArT	1
XbrPb-838953	brpb-838953	A5	73.304494	DArT	1
XbrPb-671300	brpb-671300	A5	81.98484	DArT	1
XOl11F12a	ol11f12a	A6	0	Non-DArT	0
XbrPb-658647	brpb-658647	A6	6.278185	DArT	1
XbrPb-670445	brpb-670445	A6	9.662	DArT	1
XbrPb-808360	brpb-808360	A6	11.274	DArT	1
XbrPb-838677	brpb-838677	A6	11.398	DArT	1
XbrPb-658402	brpb-658402	A6	11.423	DArT	1
XbrPb-841745	brpb-841745	A6	11.486	DArT	1
XbrPb-660912	brpb-660912	A6	16.397	DArT	1
XbrPb-841736	brpb-841736	A6	16.754	DArT	1
XbrPb-658746	brpb-658746	A6	17.185	DArT	1
XbrPb-661213	brpb-661213	A6	17.244	DArT	1
XpW217	pw217	A6	17.608	Non-DArT	0
XbrPb-657614	brpb-657614	A6	19.376738	DArT	1
XbrPb-658027	brpb-658027	A6	19.376738	DArT	1
XHS-WA7	hs-wa7	A6	19.71	Non-DArT	0
Xbac-36	bac-36	A6	19.821	Non-DArT	0
Xbac-35	bac-35	A6	20.054	Non-DArT	0
Xbac-33	bac-33	A6	20.413	Non-DArT	0
XbrPb-658152	brpb-658152	A6	22.023409	DArT	1
XBRMS-101	brms-101	A6	24.433	Non-DArT	0
XBRMS-027	brms-027	A6	26.001	Non-DArT	0
XbrPb-808844	brpb-808844	A6	28.330527	DArT	1
XbrPb-657632	brpb-657632	A6	29.462376	DArT	1
XbrPb-808769	brpb-808769	A6	29.462376	DArT	1
XbrPb-838675	brpb-838675	A6	29.462376	DArT	1
XbrPb-839214	brpb-839214	A6	29.462376	DArT	1
XbrPb-660024	brpb-660024	A6	30.916275	DArT	1
XbrPb-660405	brpb-660405	A6	30.916275	DArT	1
XbrPb-662153	brpb-662153	A6	30.916275	DArT	1
XbrPb-671060	brpb-671060	A6	30.916275	DArT	1
XbrPb-809719	brpb-809719	A6	30.916275	DArT	1
XbrPb-840355	brpb-840355	A6	30.916275	DArT	1
XbrPb-840896	brpb-840896	A6	30.916275	DArT	1
XbrPb-840757	brpb-840757	A6	31.317	DArT	1
XbrPb-662278	brpb-662278	A6	32.945145	DArT	1
XbrPb-658968	brpb-658968	A6	36.386694	DArT	1
XbrPb-660578	brpb-660578	A6	36.386694	DArT	1
XbrPb-661245	brpb-661245	A6	36.386694	DArT	1
XbrPb-671014	brpb-671014	A6	36.386694	DArT	1
XbrPb-670236	brpb-670236	A6	36.409	DArT	1
XbrPb-658137	brpb-658137	A6	36.816981	DArT	1
XbrPb-662103	brpb-662103	A6	36.818	DArT	1
XbrPb-841811	brpb-841811	A6	37.288	DArT	1
XbrPb-660122	brpb-660122	A6	37.51	DArT	1
XbrPb-661746	brpb-661746	A6	37.592	DArT	1
XbrPb-809008	brpb-809008	A6	37.638	DArT	1
XbrPb-670303	brpb-670303	A6	37.940225	DArT	1
XbrPb-808136	brpb-808136	A6	39.129542	DArT	1
XbrPb-840102	brpb-840102	A6	39.966386	DArT	1
XbrPb-809259	brpb-809259	A6	40.318	DArT	1
XbrPb-663449	brpb-663449	A6	41.118	DArT	1
XbrPb-662605	brpb-662605	A6	41.827037	DArT	1
XbrPb-670835	brpb-670835	A6	47.204402	DArT	1
XbrPb-659920	brpb-659920	A6	47.761957	DArT	1
XbrPb-839838	brpb-839838	A6	47.761957	DArT	1
XBRMS-030	brms-030	A6	47.944	Non-DArT	0
XpW123bH	pw123bh	A6	48.593	Non-DArT	0
XpW123aE	pw123ae	A6	49.879	Non-DArT	0
XbrPb-659596	brpb-659596	A6	50.074803	DArT	1
XBRMS-201	brms-201	A6	52.434	Non-DArT	0
XbrPb-671051	brpb-671051	A6	54.362734	DArT	1
XbrPb-808961	brpb-808961	A6	56.748845	DArT	1
XbrPb-841402	brpb-841402	A6	56.773725	DArT	1
XIGF1075e	igf1075e	A6	60.214	Non-DArT	0
XbrPb-662129	brpb-662129	A6	60.652348	DArT	1
XbrPb-661301	brpb-661301	A6	62.316436	DArT	1
XJICB2011_176	jicb2011_176	A6	62.511	Non-DArT	0
XIGF3321d	igf3321d	A6	62.697	Non-DArT	0
XbrPb-662118	brpb-662118	A6	62.986456	DArT	1
XCNU149	cnu149	A6	63.055	Non-DArT	0
XbrPb-662354	brpb-662354	A6	63.111806	DArT	1
XCB10065	cb10065	A6	63.577	Non-DArT	0
XJICB2036_550	jicb2036_550	A6	63.997	Non-DArT	0
XbrPb-663404	brpb-663404	A6	64.420145	DArT	1
XbrPb-839202	brpb-839202	A6	64.605486	DArT	1
XbrPb-657884	brpb-657884	A6	65.036	DArT	1
XbrPb-658929	brpb-658929	A6	65.471	DArT	1
XbrPb-658662	brpb-658662	A6	65.497917	DArT	1
XbrPb-670690	brpb-670690	A6	65.497917	DArT	1
XbrPb-658144	brpb-658144	A6	65.851	DArT	1
XbrPb-661542	brpb-661542	A6	66.235	DArT	1
XbrPb-658956	brpb-658956	A6	66.565	DArT	1
XbrPb-809169	brpb-809169	A6	66.565	DArT	1
XbrPb-658980	brpb-658980	A6	66.851	DArT	1
XbrPb-840556	brpb-840556	A6	66.903	DArT	1
XbrPb-840906	brpb-840906	A6	66.92	DArT	1
XbrPb-657600	brpb-657600	A6	67.134	DArT	1
XbrPb-658391	brpb-658391	A6	67.267	DArT	1
XHBr013	hbr013	A6	67.345	Non-DArT	0
XHR-C006-A6	hr-c006-a6	A6	67.345	Non-DArT	0
XbrPb-840085	brpb-840085	A6	69.272	DArT	1
XbrPb-663074	brpb-663074	A6	69.275	DArT	1
XbrPb-657667	brpb-657667	A6	69.368542	DArT	1
XbrPb-670936	brpb-670936	A6	71.475	DArT	1
XbrPb-659220	brpb-659220	A6	72.929357	DArT	1
XNa12H07	na12h07	A6	73.789	Non-DArT	0
XBRMS-221	brms-221	A6	74.925	Non-DArT	0
XbrPb-663551	brpb-663551	A6	75.457	DArT	1
XbrPb-659119	brpb-659119	A6	75.804856	DArT	1
XbrPb-841508	brpb-841508	A6	75.804856	DArT	1
XKR50510-2	kr50510-2	A6	76.702	Non-DArT	0
XbrPb-657796	brpb-657796	A6	77.42847	DArT	1
XbrPb-660854	brpb-660854	A6	78.095	DArT	1
XbrPb-841475	brpb-841475	A6	80.468012	DArT	1
XpW258	pw258	A6	80.827	Non-DArT	0
XbrPb-670232	brpb-670232	A6	82.241553	DArT	1
XbrPb-662992	brpb-662992	A6	84.590967	DArT	1
XbrPb-662802	brpb-662802	A6	84.740949	DArT	1
XbrPb-657876	brpb-657876	A6	85.286	DArT	1
XbrPb-809115	brpb-809115	A6	87.832	DArT	1
XbrPb-658730	brpb-658730	A6	88.694756	DArT	1
XbrPb-659006	brpb-659006	A6	90.154393	DArT	1
XCNU219	cnu219	A6	90.725	Non-DArT	0
XHBr029	hbr029	A6	91.093	Non-DArT	0
XIGF3239d	igf3239d	A6	94.136	Non-DArT	0
XbrPb-658875	brpb-658875	A6	103.675686	DArT	1
XbrPb-660640	brpb-660640	A6	107.652537	DArT	1
XbrPb-661030	brpb-661030	A6	107.652537	DArT	1
XbrPb-808824	brpb-808824	A7	0	DArT	1
XbrPb-840062	brpb-840062	A7	0	DArT	1
XbrPb-841234	brpb-841234	A7	12.053549	DArT	1
XbrPb-842247	brpb-842247	A7	17.766971	DArT	1
XbrPb-658332	brpb-658332	A7	17.804971	DArT	1
XCNU063	cnu063	A7	19.340971	Non-DArT	0
XHG-TAG1-A7	hg-tag1-a7	A7	19.453971	Non-DArT	0
XIGF2036b	igf2036b	A7	21.015971	Non-DArT	0
XJICB0532	jicb0532	A7	21.160971	Non-DArT	0
XsR0282R	sr0282r	A7	22.224971	Non-DArT	0
XbrPb-670852	brpb-670852	A7	23.296971	DArT	1
XbrPb-671083	brpb-671083	A7	24.102971	DArT	1
XHR-C014-C1	hr-c014-c1	A7	24.258971	Non-DArT	0
XHR-C011-A7b	hr-c011-a7b	A7	24.260971	Non-DArT	0
XHR-C010-A7a	hr-c010-a7a	A7	24.296971	Non-DArT	0
XbrPb-658547	brpb-658547	A7	24.519971	DArT	1
XbrPb-660982	brpb-660982	A7	24.595971	DArT	1
Xp116a	p116a	A7	25.601971	Non-DArT	0
XRA2G08	ra2g08	A7	26.276971	Non-DArT	0
XbrPb-662475	brpb-662475	A7	27.836663	DArT	1
XbrPb-663295	brpb-663295	A7	27.836663	DArT	1
XbrPb-841326	brpb-841326	A7	27.836663	DArT	1
XJICB0373	jicb0373	A7	28.617971	Non-DArT	0
XbrPb-658808	brpb-658808	A7	28.824765	DArT	1
XIGF1092c	igf1092c	A7	29.734971	Non-DArT	0
XBRMS-018	brms-018	A7	30.982971	Non-DArT	0
XBRAS023	bras023	A7	31.109971	Non-DArT	0
XbrPb-841697	brpb-841697	A7	32.308628	DArT	1
XbrPb-839889	brpb-839889	A7	32.617971	DArT	1
XbrPb-661786	brpb-661786	A7	38.826971	DArT	1
XbrPb-661422	brpb-661422	A7	40.017971	DArT	1
XbrPb-662924	brpb-662924	A7	40.129971	DArT	1
XbrPb-659368	brpb-659368	A7	40.923971	DArT	1
XIGF1178b	igf1178b	A7	41.577971	Non-DArT	0
XbrPb-659084	brpb-659084	A7	43.982289	DArT	1
XbrPb-671004	brpb-671004	A7	43.982289	DArT	1
XbrPb-839259	brpb-839259	A7	43.982289	DArT	1
XbrPb-658673	brpb-658673	A7	44.811971	DArT	1
XKBrB084H08-24	kbrb084h08-24	A7	50.850971	Non-DArT	0
Xniab063	niab063	A7	52.063971	Non-DArT	0
XbrPb-809443	brpb-809443	A7	52.481138	DArT	1
XbrPb-658283	brpb-658283	A7	53.148971	DArT	1
XsR7223	sr7223	A7	54.114971	Non-DArT	0
XsNRA59	snra59	A7	57.072971	Non-DArT	0
XKBrB027O09-8	kbrb027o09-8	A7	57.736971	Non-DArT	0
XbrPb-657950	brpb-657950	A7	63.077971	DArT	1
Xniab043	niab043	A7	63.998971	Non-DArT	0
XHBr030	hbr030	A7	68.106971	Non-DArT	0
XJICB0571	jicb0571	A7	69.887971	Non-DArT	0
XRPSaA	rpsaa	A7	71.264971	Non-DArT	0
XbrPb-662624	brpb-662624	A7	72.171971	DArT	1
XCNU167	cnu167	A7	72.602971	Non-DArT	0
Xniab030	niab030	A7	73.340971	Non-DArT	0
XBOM65	bom65	A7	73.668971	Non-DArT	0
XBON19	bon19	A7	74.284971	Non-DArT	0
XCNU044	cnu044	A7	75.105971	Non-DArT	0
XBRMS-036	brms-036	A7	76.405971	Non-DArT	0
XbrPb-659670	brpb-659670	A7	77.239225	DArT	1
XT23	t23	A7	77.373971	Non-DArT	0
XHBr021	hbr021	A7	79.801971	Non-DArT	0
XCNU339	cnu339	A7	82.262971	Non-DArT	0
XbrPb-670954	brpb-670954	A7	85.401971	DArT	1
XbrPb-659148	brpb-659148	A7	85.406971	DArT	1
XbrPb-663186	brpb-663186	A7	85.416971	DArT	1
XbrPb-670330	brpb-670330	A7	85.445971	DArT	1
XbrPb-663334	brpb-663334	A7	85.597971	DArT	1
XCNU331	cnu331	A7	92.841971	Non-DArT	0
XHG-WRI1-A7	hg-wri1-a7	A7	93.571971	Non-DArT	0
XCNU168	cnu168	A7	96.997971	Non-DArT	0
XJICB0553	jicb0553	A7	98.429971	Non-DArT	0
XJICB0416	jicb0416	A7	100.432971	Non-DArT	0
XHG-FT-A7a	hg-ft-a7a	A7	101.859971	Non-DArT	0
XbrPb-840347	brpb-840347	A7	102.228882	DArT	1
XJICB0274	jicb0274	A7	102.541971	Non-DArT	0
XHBr009	hbr009	A7	103.083971	Non-DArT	0
XIGF1226l	igf1226l	A7	103.672971	Non-DArT	0
XJICB0011	jicb0011	A7	103.826971	Non-DArT	0
XIGF1226f	igf1226f	A7	104.426971	Non-DArT	0
XCNU053b	cnu053b	A7	107.331971	Non-DArT	0
XIGF1226a	igf1226a	A7	112.853971	Non-DArT	0
XCB10211	cb10211	A7	115.260971	Non-DArT	0
XbrPb-657962	brpb-657962	A8	0	DArT	1
XB034P14-1-1	b034p14-1-1	A8	6.054948	Non-DArT	0
XbrPb-809293	brpb-809293	A8	8.183948	DArT	1
XbrPb-840256	brpb-840256	A8	8.311948	DArT	1
XHBr017	hbr017	A8	10.166948	Non-DArT	0
XbrPb-840569	brpb-840569	A8	17.058157	DArT	1
XbrPb-670985	brpb-670985	A8	17.448948	DArT	1
XbrPb-660221	brpb-660221	A8	17.696948	DArT	1
XbrPb-658301	brpb-658301	A8	17.697948	DArT	1
XbrPb-660078	brpb-660078	A8	17.710948	DArT	1
XbrPb-809609	brpb-809609	A8	17.744948	DArT	1
XHBr010	hbr010	A8	21.328948	Non-DArT	0
XBRMS-176	brms-176	A8	24.597948	Non-DArT	0
XbrPb-809163	brpb-809163	A8	25.222729	DArT	1
XNa12B05a	na12b05a	A8	27.401948	Non-DArT	0
XIGF1108c	igf1108c	A8	33.740948	Non-DArT	0
XbrPb-841039	brpb-841039	A8	38.900948	DArT	1
Xniab090	niab090	A8	43.198948	Non-DArT	0
XBRMS-088	brms-088	A8	45.134948	Non-DArT	0
XRA2E12	ra2e12	A8	45.680948	Non-DArT	0
XHG-FAE1-A8	hg-fae1-a8	A8	46.291948	Non-DArT	0
XsS1702	ss1702	A8	47.139948	Non-DArT	0
XsR7178	sr7178	A8	48.741948	Non-DArT	0
XbrPb-809492	brpb-809492	A8	49.363948	DArT	1
XbrPb-838682	brpb-838682	A8	49.394948	DArT	1
XbrPb-670319	brpb-670319	A8	49.421948	DArT	1
XbrPb-670863	brpb-670863	A8	49.527948	DArT	1
XbrPb-840706	brpb-840706	A8	49.834948	DArT	1
XHBr015	hbr015	A8	51.469948	Non-DArT	0
XHBr016	hbr016	A8	52.028948	Non-DArT	0
XbrPb-662459	brpb-662459	A8	53.272948	DArT	1
XCNU090	cnu090	A8	54.750948	Non-DArT	0
XHR-C002-A8	hr-c002-a8	A8	56.748948	Non-DArT	0
XJICB0018	jicb0018	A8	62.495948	Non-DArT	0
XHBr026	hbr026	A8	66.872948	Non-DArT	0
XB043F18-C2-0-3	b043f18-c2-0-3	A9	0	Non-DArT	0
XB043F18-C1-4	b043f18-c1-4	A9	2.34	Non-DArT	0
XbrPb-807847	brpb-807847	A9	2.567331	DArT	1
XB092L06-C4-0	b092l06-c4-0	A9	3.403	Non-DArT	0
XB089B13-C4-0	b089b13-c4-0	A9	3.549	Non-DArT	0
XbrPb-808247	brpb-808247	A9	3.798947	DArT	1
XbrPb-658630	brpb-658630	A9	5.352	DArT	1
XbrPb-657939	brpb-657939	A9	5.367	DArT	1
XbrPb-661741	brpb-661741	A9	5.614	DArT	1
XbrPb-661730	brpb-661730	A9	5.688844	DArT	1
XbrPb-662015	brpb-662015	A9	5.884	DArT	1
XIGF5706e	igf5706e	A9	9.318	Non-DArT	0
XKC10122-2	kc10122-2	A9	11.875	Non-DArT	0
XbrPb-661799	brpb-661799	A9	11.893203	DArT	1
XJICB0516	jicb0516	A9	14.413	Non-DArT	0
XbrPb-659993	brpb-659993	A9	16.777	DArT	1
XH091P21-4	h091p21-4	A9	18.357	Non-DArT	0
XbrPb-840216	brpb-840216	A9	19.216	DArT	1
XbrPb-658850	brpb-658850	A9	21.339612	DArT	1
XbrPb-661341	brpb-661341	A9	21.339612	DArT	1
XbrPb-661438	brpb-661438	A9	21.339612	DArT	1
XbrPb-661461	brpb-661461	A9	21.339612	DArT	1
XbrPb-662321	brpb-662321	A9	21.339612	DArT	1
XbrPb-670226	brpb-670226	A9	21.339612	DArT	1
XbrPb-671041	brpb-671041	A9	21.339612	DArT	1
XbrPb-840699	brpb-840699	A9	21.339612	DArT	1
XbrPb-841591	brpb-841591	A9	21.339612	DArT	1
XpW123aH	pw123ah	A9	22.718	Non-DArT	0
XpW123bE	pw123be	A9	24.322	Non-DArT	0
Xniab033	niab033	A9	26.567	Non-DArT	0
XbrPb-658497	brpb-658497	A9	26.651837	DArT	1
XJICB0101	jicb0101	A9	28.418	Non-DArT	0
XJICB0192	jicb0192	A9	29.005	Non-DArT	0
XCNU008	cnu008	A9	29.122	Non-DArT	0
Xniab131	niab131	A9	30.693	Non-DArT	0
XbrPb-658120	brpb-658120	A9	31.14797	DArT	1
XbrPb-658752	brpb-658752	A9	31.14797	DArT	1
XbrPb-659427	brpb-659427	A9	31.14797	DArT	1
XbrPb-659823	brpb-659823	A9	31.14797	DArT	1
XbrPb-660428	brpb-660428	A9	31.14797	DArT	1
XbrPb-662816	brpb-662816	A9	31.14797	DArT	1
XbrPb-809030	brpb-809030	A9	31.14797	DArT	1
XbrPb-809053	brpb-809053	A9	31.14797	DArT	1
XbrPb-809065	brpb-809065	A9	31.14797	DArT	1
XbrPb-839095	brpb-839095	A9	31.14797	DArT	1
XCNU465	cnu465	A9	31.485	Non-DArT	0
XH081N08-1	h081n08-1	A9	32.143	Non-DArT	0
XKC20280-2	kc20280-2	A9	32.748	Non-DArT	0
XB025M01-1	b025m01-1	A9	33.9	Non-DArT	0
XS009B06-2	s009b06-2	A9	34.698	Non-DArT	0
XbrPb-658174	brpb-658174	A9	35.949693	DArT	1
XBRMS-247	brms-247	A9	36.416	Non-DArT	0
XbrPb-659007	brpb-659007	A9	37.156058	DArT	1
XbrPb-661001	brpb-661001	A9	37.75924	DArT	1
XbrPb-658230	brpb-658230	A9	37.812221	DArT	1
XB019F12-3	b019f12-3	A9	38.221	Non-DArT	0
XbrPb-809496	brpb-809496	A9	39.268135	DArT	1
XbrPb-661382	brpb-661382	A9	40.633763	DArT	1
XbrPb-670189	brpb-670189	A9	40.633763	DArT	1
XbrPb-670978	brpb-670978	A9	40.633763	DArT	1
XB063K02-1	b063k02-1	A9	40.65	Non-DArT	0
XbrPb-663196	brpb-663196	A9	40.664819	DArT	1
XsN11670b	sn11670b	A9	41.833	Non-DArT	0
XKBrH071P14-25	kbrh071p14-25	A9	43.1	Non-DArT	0
XNa10B07	na10b07	A9	44.125	Non-DArT	0
XH012J09-2	h012j09-2	A9	44.81	Non-DArT	0
XCNU296	cnu296	A9	46.931	Non-DArT	0
XB036H01-2	b036h01-2	A9	47.69	Non-DArT	0
XZAAS246b	zaas246b	A9	50.84	Non-DArT	0
XbrPb-660373	brpb-660373	A9	51.686	DArT	1
XKBrB073D09-12	kbrb073d09-12	A9	52.292	Non-DArT	0
XB073D09-1	b073d09-1	A9	53.123	Non-DArT	0
XbrPb-839673	brpb-839673	A9	55.882	DArT	1
XbrPb-671072	brpb-671072	A9	57.431521	DArT	1
XbrPb-658111	brpb-658111	A9	57.583	DArT	1
XbrPb-838593	brpb-838593	A9	57.598	DArT	1
XbrPb-808323	brpb-808323	A9	57.678	DArT	1
XB088I08-3	b088i08-3	A9	61.634	Non-DArT	0
XKR30900-1	kr30900-1	A9	62.098	Non-DArT	0
XbrPb-658724	brpb-658724	A9	65.698231	DArT	1
Xniab003	niab003	A9	66.963	Non-DArT	0
Xniab004	niab004	A9	67.386	Non-DArT	0
XCNU076	cnu076	A9	67.413	Non-DArT	0
XbrPb-808599	brpb-808599	A9	67.515864	DArT	1
XbrPb-809585	brpb-809585	A9	67.965	DArT	1
XbrPb-658696	brpb-658696	A9	68.119	DArT	1
XbrPb-659894	brpb-659894	A9	68.183	DArT	1
XbrPb-661587	brpb-661587	A9	69.249	DArT	1
Xniab047	niab047	A9	69.902	Non-DArT	0
Xniab127	niab127	A9	71.083	Non-DArT	0
XIGF1207c	igf1207c	A9	71.664	Non-DArT	0
XNa10A08	na10a08	A9	71.901	Non-DArT	0
XCB10029	cb10029	A9	72.211	Non-DArT	0
XbrPb-658420	brpb-658420	A9	72.978	DArT	1
XbrPb-663524	brpb-663524	A9	73.012046	DArT	1
XbrPb-670740	brpb-670740	A9	73.251	DArT	1
XbrPb-658181	brpb-658181	A9	73.323	DArT	1
XbrPb-840687	brpb-840687	A9	73.51	DArT	1
XHR-C012-A9a	hr-c012-a9a	A9	74.189	Non-DArT	0
XbrPb-663111	brpb-663111	A9	74.194	DArT	1
XbrPb-658542	brpb-658542	A9	74.274	DArT	1
XbrPb-658684	brpb-658684	A9	74.348	DArT	1
XHR-C013-A9b	hr-c013-a9b	A9	74.413	Non-DArT	0
XH032N11-2	h032n11-2	A9	74.461	Non-DArT	0
XH143H14-2	h143h14-2	A9	74.973	Non-DArT	0
XB042K13-5	b042k13-5	A9	75.99	Non-DArT	0
XbrPb-661310	brpb-661310	A9	79.340765	DArT	1
XbrPb-658973	brpb-658973	A9	80.802313	DArT	1
XpW233a	pw233a	A9	81.775	Non-DArT	0
XbrPb-841802	brpb-841802	A9	82.548	DArT	1
XbrPb-840499	brpb-840499	A9	82.629	DArT	1
XbrPb-661207	brpb-661207	A9	82.848	DArT	1
XbrPb-808055	brpb-808055	A9	83.133	DArT	1
XbrPb-658317	brpb-658317	A9	83.435	DArT	1
XbrPb-839875	brpb-839875	A9	83.807	DArT	1
XbrPb-840188	brpb-840188	A9	87.080353	DArT	1
XB036K20-3	b036k20-3	A9	87.768	Non-DArT	0
XbrPb-659184	brpb-659184	A9	88.54244	DArT	1
XB039K15-5-2	b039k15-5-2	A9	89.285	Non-DArT	0
XH053G11-1	h053g11-1	A9	90.128	Non-DArT	0
XpW122	pw122	A9	91.333	Non-DArT	0
XbrPb-670354	brpb-670354	A9	92.236474	DArT	1
XH010M17-3	h010m17-3	A9	94.858	Non-DArT	0
XIGF2029a	igf2029a	A9	96.301	Non-DArT	0
XbrPb-809095	brpb-809095	A9	98.624	DArT	1
XH133J19-37	h133j19-37	A9	99.985	Non-DArT	0
XKBrB011P07	kbrb011p07	A9	101.163	Non-DArT	0
XbrPb-657774	brpb-657774	A9	108.581483	DArT	1
XbrPb-658660	brpb-658660	A9	109.47	DArT	1
XbrPb-658975	brpb-658975	A9	109.781	DArT	1
XbrPb-661964	brpb-661964	A9	110.139531	DArT	1
XbrPb-808671	brpb-808671	A9	110.139531	DArT	1
XH055O17-4	h055o17-4	A9	112.077	Non-DArT	0
Xmyb28-1F/R	myb28-1f/r	A9	112.737	Non-DArT	0
XKBrB051M06	kbrb051m06	A9	113.424	Non-DArT	0
XKBrB068N22-1	kbrb068n22-1	A9	115.169	Non-DArT	0
XB005E24-3	b005e24-3	A9	117.563	Non-DArT	0
XbrPb-839472	brpb-839472	A9	118.308	DArT	1
XS001F23-2	s001f23-2	A9	119.912	Non-DArT	0
XbrPb-671346	brpb-671346	A9	120.063129	DArT	1
XbrPb-658666	brpb-658666	A9	120.74584	DArT	1
XbrPb-661779	brpb-661779	A9	120.74584	DArT	1
XbrPb-807995	brpb-807995	A9	120.74584	DArT	1
XIGF5385f	igf5385f	A9	121.573	Non-DArT	0
XIGF5222b	igf5222b	A9	128.328	Non-DArT	0
XIGF2041E	igf2041e	C1	0	Non-DArT	0
XCB10208	cb10208	C1	6.442	Non-DArT	0
XBRMS-056	brms-056	C1	10.85	Non-DArT	0
XIGF2026c	igf2026c	C1	12.374	Non-DArT	0
XCB10369	cb10369	C1	14.637	Non-DArT	0
XIGF0178b	igf0178b	C1	21.291	Non-DArT	0
XIGF2105a	igf2105a	C1	22.174	Non-DArT	0
XCB10277	cb10277	C1	26.398	Non-DArT	0
XZAAS156b	zaas156b	C1	27.962	Non-DArT	0
XSA34	sa34	C1	29.539	Non-DArT	0
XZAAS02	zaas02	C1	29.903	Non-DArT	0
XJICB0483	jicb0483	C1	30.986	Non-DArT	0
XIGF0504b	igf0504b	C1	31.837	Non-DArT	0
XIGF1059E	igf1059e	C1	32.3	Non-DArT	0
XNa12C08	na12c08	C1	32.539	Non-DArT	0
XCB10258	cb10258	C1	32.895	Non-DArT	0
XbrPb-842276	brpb-842276	C1	35.793	DArT	1
XbrPb-671172	brpb-671172	C1	36.337	DArT	1
XbrPb-663378	brpb-663378	C1	36.471	DArT	1
XbrPb-671293	brpb-671293	C1	36.757	DArT	1
XbrPb-660211	brpb-660211	C1	36.758	DArT	1
XbrPb-659121	brpb-659121	C1	37.473	DArT	1
XbrPb-661486	brpb-661486	C1	37.953	DArT	1
XbrPb-840904	brpb-840904	C1	38.698	DArT	1
XbrPb-839539	brpb-839539	C1	38.709	DArT	1
XbrPb-839361	brpb-839361	C1	38.712	DArT	1
XbrPb-838928	brpb-838928	C1	38.713	DArT	1
XbrPb-838800	brpb-838800	C1	38.714	DArT	1
XbrPb-839261	brpb-839261	C1	38.716	DArT	1
XbrPb-838583	brpb-838583	C1	38.719	DArT	1
XbrPb-839122	brpb-839122	C1	38.738	DArT	1
XbrPb-840955	brpb-840955	C1	38.748	DArT	1
XbrPb-670896	brpb-670896	C1	38.753	DArT	1
XbrPb-839014	brpb-839014	C1	38.753	DArT	1
XbrPb-840742	brpb-840742	C1	38.788	DArT	1
XbrPb-838470	brpb-838470	C1	39.585	DArT	1
XbrPb-838936	brpb-838936	C1	40.238	DArT	1
XbrPb-663093	brpb-663093	C1	47.267	DArT	1
XZAAS146	zaas146	C1	56.021	Non-DArT	0
XpW190b	pw190b	C1	57.644	Non-DArT	0
XBRMS-175	brms-175	C1	60.918	Non-DArT	0
XIGF3141e	igf3141e	C1	63.841	Non-DArT	0
XpW119	pw119	C2	0	Non-DArT	0
XsR12095	sr12095	C2	2.574	Non-DArT	0
XbrPb-839621	brpb-839621	C2	5.951	DArT	1
XbrPb-670051	brpb-670051	C2	6.444	DArT	1
XbrPb-660779	brpb-660779	C2	6.526	DArT	1
XbrPb-838772	brpb-838772	C2	7.294	DArT	1
XbrPb-662275	brpb-662275	C2	7.32	DArT	1
XbrPb-661051	brpb-661051	C2	7.59	DArT	1
XbrPb-808460	brpb-808460	C2	11.66	DArT	1
XbrPb-841091	brpb-841091	C2	16.111	DArT	1
XbrPb-659062	brpb-659062	C2	16.165	DArT	1
XbrPb-663102	brpb-663102	C2	30.132	DArT	1
XbrPb-839164	brpb-839164	C2	30.792159	DArT	1
XbrPb-809917	brpb-809917	C2	32.03	DArT	1
XbrPb-659813	brpb-659813	C2	33.479	DArT	1
XbrPb-660919	brpb-660919	C2	33.702	DArT	1
XbrPb-660770	brpb-660770	C2	33.784	DArT	1
XbrPb-841752	brpb-841752	C2	35.12	DArT	1
XbrPb-841129	brpb-841129	C2	35.122	DArT	1
XbrPb-669906	brpb-669906	C2	35.159	DArT	1
XbrPb-841359	brpb-841359	C2	35.163	DArT	1
XsN3761b	sn3761b	C2	38.213	Non-DArT	0
XIGF5190b	igf5190b	C2	39.842	Non-DArT	0
XCB10530b	cb10530b	C2	41.536	Non-DArT	0
XOl13G05	ol13g05	C2	43.879	Non-DArT	0
XHG-FT-C2	hg-ft-c2	C2	47.041	Non-DArT	0
XbrPb-670908	brpb-670908	C2	48.915463	DArT	1
XbrPb-840516	brpb-840516	C2	51.184762	DArT	1
XbrPb-661401	brpb-661401	C2	56.134578	DArT	1
XbrPb-839003	brpb-839003	C2	56.134578	DArT	1
XbrPb-660803	brpb-660803	C2	56.434149	DArT	1
XbrPb-662889	brpb-662889	C2	56.434149	DArT	1
XbrPb-838773	brpb-838773	C2	56.434149	DArT	1
XbrPb-839858	brpb-839858	C2	56.434149	DArT	1
XbrPb-842056	brpb-842056	C2	56.434149	DArT	1
XbrPb-840239	brpb-840239	C2	56.8	DArT	1
XbrPb-838970	brpb-838970	C2	56.824	DArT	1
XbrPb-840127	brpb-840127	C2	57.316503	DArT	1
XbrPb-841932	brpb-841932	C2	57.316503	DArT	1
XHR-C008-C2	hr-c008-c2	C2	60.924	Non-DArT	0
XSA12a	sa12a	C2	62.691	Non-DArT	0
XbrPb-838939	brpb-838939	C2	67.8376	DArT	1
XbrPb-660347	brpb-660347	C2	68.620117	DArT	1
XIGF3246z	igf3246z	C2	72.767	Non-DArT	0
XOl10H02	ol10h02	C2	78.69	Non-DArT	0
XOl12B03	ol12b03	C2	79.045	Non-DArT	0
XsORA43	sora43	C2	79.78	Non-DArT	0
XNa12C12	na12c12	C2	86.684	Non-DArT	0
XsNRE30	snre30	C2	91.297	Non-DArT	0
XbrPb-809033	brpb-809033	C2	103.045	DArT	1
XNa12C03	na12c03	C2	110.204	Non-DArT	0
XJICB0260	jicb0260	C3	0	Non-DArT	0
XbrPb-660869	brpb-660869	C3	4.49	DArT	1
XBRMS-218	brms-218	C3	6.694	Non-DArT	0
XbrPb-659545	brpb-659545	C3	7.568	DArT	1
XbrPb-809756	brpb-809756	C3	8.974	DArT	1
XbrPb-659400	brpb-659400	C3	8.984	DArT	1
XbrPb-662113	brpb-662113	C3	9.0245	DArT	1
XbrPb-838807	brpb-838807	C3	9.0245	DArT	1
XbrPb-659222	brpb-659222	C3	9.037	DArT	1
XbrPb-662956	brpb-662956	C3	9.065	DArT	1
XKR50010-3	kr50010-3	C3	9.695	Non-DArT	0
XB027A19-1	b027a19-1	C3	10.08	Non-DArT	0
XbrPb-809652	brpb-809652	C3	17.479	DArT	1
XbrPb-670951	brpb-670951	C3	20.284	DArT	1
XbrPb-662446	brpb-662446	C3	20.292	DArT	1
XbrPb-808216	brpb-808216	C3	20.292	DArT	1
XbrPb-808265	brpb-808265	C3	20.292	DArT	1
XbrPb-659783	brpb-659783	C3	20.3	DArT	1
XBRMS-269	brms-269	C3	23.289	Non-DArT	0
XbrPb-809530	brpb-809530	C3	24.403	DArT	1
XH048N09-4	h048n09-4	C3	26.519	Non-DArT	0
XB020N18-4	b020n18-4	C3	27.308	Non-DArT	0
XH091F08-1	h091f08-1	C3	28.025	Non-DArT	0
XpW221	pw221	C3	29.565	Non-DArT	0
XBRMS-071	brms-071	C3	30.043	Non-DArT	0
XBRMS-106	brms-106	C3	30.707	Non-DArT	0
Xpx141bH	px141bh	C3	33.636	Non-DArT	0
XBN12A	bn12a	C3	35.134	Non-DArT	0
XbrPb-670779	brpb-670779	C3	35.950505	DArT	1
XbrPb-839374	brpb-839374	C3	35.950505	DArT	1
XbrPb-839739	brpb-839739	C3	35.950505	DArT	1
Xpx141aE	px141ae	C3	36.871	Non-DArT	0
XHG-FLC-C3b	hg-flc-c3b	C3	40.003	Non-DArT	0
XIGF2134e	igf2134e	C3	42.627	Non-DArT	0
XbrPb-838972	brpb-838972	C3	44.65	DArT	1
XB063O08-4	b063o08-4	C3	47.02	Non-DArT	0
XH021E08-5	h021e08-5	C3	52.246	Non-DArT	0
Xbac-10	bac-10	C3	54.353	Non-DArT	0
XB078E04-2	b078e04-2	C3	61.879	Non-DArT	0
XbrPb-838679	brpb-838679	C3	64.868	DArT	1
XbrPb-660368	brpb-660368	C3	66.529	DArT	1
XH007D13-3-1	h007d13-3-1	C3	68.563	Non-DArT	0
XIGF0117a	igf0117a	C3	76.988	Non-DArT	0
XKR30140-1	kr30140-1	C3	80.64	Non-DArT	0
XOl11G11b	ol11g11b	C3	82.97	Non-DArT	0
XJICB2040_200	jicb2040_200	C3	93.574	Non-DArT	0
XIGF3165b	igf3165b	C3	94.852	Non-DArT	0
XH048J07-1	h048j07-1	C3	97.759	Non-DArT	0
XCNU099	cnu099	C3	99.249	Non-DArT	0
XIGF1141f	igf1141f	C3	103.171	Non-DArT	0
XJICB2035_300	jicb2035_300	C3	109.172	Non-DArT	0
XbrPb-659179	brpb-659179	C3	110.241	DArT	1
XSA27	sa27	C3	112.941	Non-DArT	0
XJICB2001_300	jicb2001_300	C3	113.085	Non-DArT	0
XsN2032	sn2032	C3	113.424	Non-DArT	0
XNa10G06b	na10g06b	C3	114.174	Non-DArT	0
XJICB2047_250	jicb2047_250	C3	114.403	Non-DArT	0
XpW146	pw146	C3	116.159	Non-DArT	0
XIGF5376b	igf5376b	C3	116.485	Non-DArT	0
XbrPb-659578	brpb-659578	C3	119.754	DArT	1
XbrPb-670773	brpb-670773	C3	120.112852	DArT	1
XbrPb-839761	brpb-839761	C3	120.112852	DArT	1
XbrPb-662684	brpb-662684	C3	120.728	DArT	1
XbrPb-669898	brpb-669898	C3	120.748	DArT	1
XbrPb-840398	brpb-840398	C3	120.77	DArT	1
XbrPb-661328	brpb-661328	C3	120.783	DArT	1
XBOG33R	bog33r	C3	123.219	Non-DArT	0
XMR049	mr049	C3	129.872	Non-DArT	0
XBRAS068	bras068	C3	129.881	Non-DArT	0
XOl13C12	ol13c12	C3	130.803	Non-DArT	0
XbrPb-663222	brpb-663222	C3	133.316546	DArT	1
XJICB0633	jicb0633	C3	135.538	Non-DArT	0
XHG-FAE1-C3	hg-fae1-c3	C3	137.021	Non-DArT	0
XHS-Au8	hs-au8	C3	141.369	Non-DArT	0
XBRMS-093	brms-093	C3	145.41	Non-DArT	0
XIGF1152z	igf1152z	C3	153.917	Non-DArT	0
XbrPb-659237	brpb-659237	C4	0	DArT	1
XbrPb-658209	brpb-658209	C4	4.858392	DArT	1
XbrPb-661581	brpb-661581	C4	4.858392	DArT	1
XJICB2056_150	jicb2056_150	C4	12.302	Non-DArT	0
XJICB0088	jicb0088	C4	15.62	Non-DArT	0
XbrPb-660881	brpb-660881	C4	17.304	DArT	1
XBRMS-166	brms-166	C4	19.534	Non-DArT	0
XsS2277	ss2277	C4	25.108	Non-DArT	0
XNa10F06	na10f06	C4	27.711	Non-DArT	0
XBRMS-315	brms-315	C4	33.249	Non-DArT	0
XIGF3310l	igf3310l	C4	36.079	Non-DArT	0
XIGF5702d	igf5702d	C4	37.992	Non-DArT	0
XbrPb-663380	brpb-663380	C4	38.97	DArT	1
XsORF73	sorf73	C4	41.883	Non-DArT	0
XSA55	sa55	C4	42.778	Non-DArT	0
XbrPb-661242	brpb-661242	C4	43.956	DArT	1
XsN12353c	sn12353c	C4	44.888	Non-DArT	0
XbrPb-670381	brpb-670381	C4	46.277	DArT	1
XbrPb-660096	brpb-660096	C4	51.709	DArT	1
XCB10530a	cb10530a	C4	54.844	Non-DArT	0
XNa10C01a	na10c01a	C4	55.812	Non-DArT	0
XBRAS061	bras061	C4	56.394	Non-DArT	0
XOl12D02	ol12d02	C4	56.784	Non-DArT	0
XbrPb-661180	brpb-661180	C4	58.174	DArT	1
XbrPb-659557	brpb-659557	C4	58.198	DArT	1
XbrPb-663660	brpb-663660	C4	58.264	DArT	1
XbrPb-671298	brpb-671298	C4	58.273	DArT	1
XbrPb-840966	brpb-840966	C4	58.296	DArT	1
XHR-C015-C4b	hr-c015-c4b	C4	58.612	Non-DArT	0
XbrPb-660360	brpb-660360	C4	60.917762	DArT	1
XIGF3395c	igf3395c	C4	61.304	Non-DArT	0
XMR140	mr140	C4	62.387	Non-DArT	0
XbrPb-659923	brpb-659923	C4	67.89443	DArT	1
XbrPb-661414	brpb-661414	C4	83.981	DArT	1
XbrPb-670011	brpb-670011	C4	85.463	DArT	1
XbrPb-670133	brpb-670133	C4	86.775	DArT	1
XZAAS245	zaas245	C4	96.369	Non-DArT	0
XbrPb-839769	brpb-839769	C4	105.741	DArT	1
XIGF1002e	igf1002e	C4	110.339	Non-DArT	0
XJICB0149	jicb0149	C4	116.717	Non-DArT	0
XJICB0111	jicb0111	C4	118.86	Non-DArT	0
XCB10493	cb10493	C4	121.557	Non-DArT	0
XMR155	mr155	C4	127.145	Non-DArT	0
XbrPb-659694	brpb-659694	C4	130	DArT	1
XbrPb-659659	brpb-659659	C4	132.911	DArT	1
XBRMS-309	brms-309	C5	0	Non-DArT	0
XNa10D11	na10d11	C5	6.105	Non-DArT	0
XsS2131	ss2131	C5	6.262	Non-DArT	0
XsS2129	ss2129	C5	6.905	Non-DArT	0
Xem12me21-150	em12me21-150	C5	8.819	Non-DArT	0
XNa12E06B	na12e06b	C5	9.898	Non-DArT	0
XRA2F11	ra2f11	C5	12.987	Non-DArT	0
XbrPb-808840	brpb-808840	C5	17.124	DArT	1
XbrPb-839592	brpb-839592	C5	17.169	DArT	1
XbrPb-658946	brpb-658946	C5	17.288584	DArT	1
XbrPb-810025	brpb-810025	C5	17.288584	DArT	1
XIGF3112a	igf3112a	C5	25.682	Non-DArT	0
XKBrB086M23-6_575	kbrb086m23-6_575	C5	28.184	Non-DArT	0
XbrPb-663421	brpb-663421	C5	34.976	DArT	1
XbrPb-808426	brpb-808426	C5	36.656	DArT	1
XbrPb-809377	brpb-809377	C5	37.685	DArT	1
XJICB0509	jicb0509	C5	54.676	Non-DArT	0
XOl10B02	ol10b02	C5	57.172	Non-DArT	0
XNa12G12	na12g12	C5	67.108	Non-DArT	0
XsORH13	sorh13	C5	67.521	Non-DArT	0
XIGF1017E	igf1017e	C5	75.016	Non-DArT	0
XCB10124	cb10124	C5	81.191	Non-DArT	0
XpW243	pw243	C5	85.315	Non-DArT	0
XSA02	sa02	C5	93.87	Non-DArT	0
XIGF1226b	igf1226b	C6	0	Non-DArT	0
XbrPb-671296	brpb-671296	C6	9.863	DArT	1
XbrPb-670686	brpb-670686	C6	9.926	DArT	1
XCNU053a	cnu053a	C6	12.38	Non-DArT	0
XBog46-2	bog46-2	C6	23.39	Non-DArT	0
XPA28	pa28	C6	26.286	Non-DArT	0
XBOG44-1	bog44-1	C6	38.779	Non-DArT	0
XbrPb-840991	brpb-840991	C6	40.134	DArT	1
XbrPb-660868	brpb-660868	C6	41.027	DArT	1
XHG-FT-C6b	hg-ft-c6b	C6	44.293	Non-DArT	0
XHS-Au4	hs-au4	C6	44.76	Non-DArT	0
XHG-AP1-C6a	hg-ap1-c6a	C6	44.858	Non-DArT	0
XNa12A05	na12a05	C6	45.353	Non-DArT	0
XpW134	pw134	C6	45.563	Non-DArT	0
XNa12A02	na12a02	C6	45.818	Non-DArT	0
XHS-CCSSR1	hs-ccssr1	C6	45.991	Non-DArT	0
XHS-028L01_AT3	hs-028l01_at3	C6	46.449	Non-DArT	0
XsR12387	sr12387	C6	47.756	Non-DArT	0
XBOM09	bom09	C6	52.462	Non-DArT	0
XBRMS-015	brms-015	C6	55.117	Non-DArT	0
XBOH88	boh88	C6	56.367	Non-DArT	0
XCB10010	cb10010	C6	66.697	Non-DArT	0
XHS-WA3	hs-wa3	C6	67.483	Non-DArT	0
XIGF3380b	igf3380b	C6	67.882	Non-DArT	0
XHBr025	hbr025	C6	71.067	Non-DArT	0
XbrPb-660965	brpb-660965	C6	72.588	DArT	1
XbrPb-660930	brpb-660930	C6	72.892	DArT	1
XMR133.1	mr133.1	C6	73.963	Non-DArT	0
XbrPb-840884	brpb-840884	C6	76.583	DArT	1
XHS-CJA115	hs-cja115	C6	77.116	Non-DArT	0
XNa12E01a	na12e01a	C6	77.839	Non-DArT	0
XCB10234	cb10234	C6	79.478	Non-DArT	0
XHR-C005-C6	hr-c005-c6	C6	84.722	Non-DArT	0
XbrPb-840778	brpb-840778	C6	86.383	DArT	1
XbrPb-840224	brpb-840224	C6	86.8	DArT	1
XbrPb-839764	brpb-839764	C6	86.815	DArT	1
XbrPb-660629	brpb-660629	C6	86.978	DArT	1
XH005A08-1-3	h005a08-1-3	C6	87.658	Non-DArT	0
XH023G06-1-1	h023g06-1-1	C6	89.083	Non-DArT	0
XsS2486	ss2486	C6	90.875	Non-DArT	0
XHG4-BSR10	hg4-bsr10	C6	96.065	Non-DArT	0
XHG-TAG1-C6	hg-tag1-c6	C6	98.796	Non-DArT	0
XCNU400	cnu400	C7	0	Non-DArT	0
XbrPb-670555	brpb-670555	C7	6.341	DArT	1
XIGF3138z	igf3138z	C7	7.656	Non-DArT	0
XIGF5702e	igf5702e	C7	9.68	Non-DArT	0
XIGF5706y	igf5706y	C7	13.322	Non-DArT	0
XIGF5707b	igf5707b	C7	14.748	Non-DArT	0
XIGF5415a	igf5415a	C7	17.992	Non-DArT	0
XB068N22-1	b068n22-1	C7	19.88	Non-DArT	0
XKC30870-3	kc30870-3	C7	25.616	Non-DArT	0
XbrPb-661067	brpb-661067	C7	28.682	DArT	1
XbrPb-838511	brpb-838511	C7	28.701	DArT	1
XHS-Au39a	hs-au39a	C7	30.071	Non-DArT	0
XBRMS-185	brms-185	C7	31.176	Non-DArT	0
XIGF9014c	igf9014c	C7	34.658	Non-DArT	0
XpW179a	pw179a	C7	37.331	Non-DArT	0
XH023G06-1-2	h023g06-1-2	C7	40.477	Non-DArT	0
XbrPb-663509	brpb-663509	C7	44.760387	DArT	1
XbrPb-660955	brpb-660955	C7	45.231	DArT	1
XB079E08-3	b079e08-3	C7	51.581	Non-DArT	0
XbrPb-671142	brpb-671142	C7	54.422	DArT	1
XH111N19-5	h111n19-5	C7	55.857	Non-DArT	0
XbrPb-839254	brpb-839254	C7	58.992559	DArT	1
XbrPb-659327	brpb-659327	C7	59.45	DArT	1
XNa12B05b	na12b05b	C8	0	Non-DArT	0
XOl12G04	ol12g04	C8	7.546	Non-DArT	0
XSA82	sa82	C8	14.898	Non-DArT	0
XKBrB088I08-12	kbrb088i08-12	C8	17.713	Non-DArT	0
XbrPb-839099	brpb-839099	C8	19.729	DArT	1
XbrPb-660994	brpb-660994	C8	23.26	DArT	1
XIGF3369a	igf3369a	C8	29.798	Non-DArT	0
XbrPb-839662	brpb-839662	C8	33.119	DArT	1
XbrPb-660785	brpb-660785	C8	33.703	DArT	1
XH076J01-2	h076j01-2	C8	36.035	Non-DArT	0
XFITO409	fito409	C8	36.53	Non-DArT	0
XH110N19-3	h110n19-3	C8	37.714	Non-DArT	0
XCB10179	cb10179	C8	38.932	Non-DArT	0
XMR64	mr64	C8	39.631	Non-DArT	0
Xniab129	niab129	C8	40.301	Non-DArT	0
XsN11670a	sn11670a	C8	42.476	Non-DArT	0
XbrPb-663196	brpb-663196	C8	43.74	DArT	1
XIGF2529z	igf2529z	C8	51.686	Non-DArT	0
XCB10504	cb10504	C8	52.631	Non-DArT	0
XKC20270-1	kc20270-1	C8	54.265	Non-DArT	0
XbrPb-659274	brpb-659274	C8	59.86	DArT	1
XB034P14-1-2	b034p14-1-2	C8	61.486	Non-DArT	0
XbrPb-663652	brpb-663652	C8	62.697	DArT	1
XbrPb-670302	brpb-670302	C8	62.741	DArT	1
XpW123cE	pw123ce	C8	66.028	Non-DArT	0
XsR5795	sr5795	C8	66.547	Non-DArT	0
XIGF1048c	igf1048c	C8	71.768	Non-DArT	0
XCB10092	cb10092	C8	72.802	Non-DArT	0
XCB10028	cb10028	C8	75.044	Non-DArT	0
XIGF5193c	igf5193c	C8	86.372	Non-DArT	0
XB043F18-C2-0-1	b043f18-c2-0-1	C8	103.022	Non-DArT	0
XH121P05-2	h121p05-2	C9	0	Non-DArT	0
XbrPb-838790	brpb-838790	C9	5.846	DArT	1
XH143A13-2-1	h143a13-2-1	C9	7.683	Non-DArT	0
XKBrH121P05-2	kbrh121p05-2	C9	10.226	Non-DArT	0
XCB10064	cb10064	C9	14.738	Non-DArT	0
XBnB120P10	bnb120p10	C9	18.381	Non-DArT	0
XBnB072G20	bnb072g20	C9	23.874	Non-DArT	0
XbrPb-663692	brpb-663692	C9	24.776	DArT	1
XbrPb-839234	brpb-839234	C9	24.798	DArT	1
XbrPb-838492	brpb-838492	C9	24.799	DArT	1
XbrPb-670326	brpb-670326	C9	24.869	DArT	1
XKBrH125N23-1	kbrh125n23-1	C9	25.854	Non-DArT	0
XH015F23-4	h015f23-4	C9	27.524	Non-DArT	0
XMyb28-3F/R	myb28-3f/r	C9	34.535	Non-DArT	0
XB025K04-1	b025k04-1	C9	48.737	Non-DArT	0
XB039K15-5-1	b039k15-5-1	C9	49.516	Non-DArT	0
XB068A23-1	b068a23-1	C9	50.519	Non-DArT	0
XbrPb-660506	brpb-660506	C9	54.495018	DArT	1
XB086C10-1	b086c10-1	C9	56.406	Non-DArT	0
XH099I08-130	h099i08-130	C9	58.419	Non-DArT	0
XbrPb-840166	brpb-840166	C9	60.049	DArT	1
XbrPb-670433	brpb-670433	C9	61.974	DArT	1
XpW233b	pw233b	C9	63.118	Non-DArT	0
Xniab022	niab022	C9	64.151	Non-DArT	0
XOl13C03	ol13c03	C9	64.876	Non-DArT	0
XSA30	sa30	C9	66.167	Non-DArT	0
XsNRG42	snrg42	C9	73.528	Non-DArT	0
XHR-C017-C9	hr-c017-c9	C9	75.041	Non-DArT	0
XbrPb-659992	brpb-659992	C9	75.168064	DArT	1
XbrPb-839212	brpb-839212	C9	75.168064	DArT	1
XNa12G04	na12g04	C9	77.575	Non-DArT	0
XIGF5193b	igf5193b	C9	83.051	Non-DArT	0
XCB10288	cb10288	C9	83.934	Non-DArT	0
XNa10D07b	na10d07b	C9	84.83	Non-DArT	0
XbrPb-670917	brpb-670917	C9	86.031	DArT	1
XbrPb-808246	brpb-808246	C9	88.936	DArT	1
XsR12384I	sr12384i	C9	91.659	Non-DArT	0
XHG4-BSR8	hg4-bsr8	C9	99.781	Non-DArT	0
Xpw155a	pw155a	C9	108.621	Non-DArT	0
