chr	pos	cM	feature_id	linkage_group	unigene	plants_scored	mismatches_to_template	sequence	ref_seq	alignment_start	cigar	MAPQ	NM	X0	X1
1	10118607	9.7643	HA_X303_Y1534	1	>HEL_CD847737.1	44	6	CAGTGGTTGTCGACTTTTGGAGCAA	NC_035433.2	10118595	25M	25	0	1	0
1	10118607	11.7832	HA_X303_Y1533	1	>HEL_186Contig2	48	6	CAGTGGTTGTCGACTTTTGGAGCAA	NC_035433.2	10118595	25M	25	0	1	0
1	133595595	38.1627	HA_X1279_Y684	1	>HEL_EL429753.1	48	4	CTTGAAACCAGTGTCACCTGGATTA	NC_035433.2	133595583	25M	25	0	1	0
1	133595595	38.7265	HA_X1279_Y685	1	>HEL_DY913227.1	48	5	CTTGAAACCAGTGTCACCTGGATTA	NC_035433.2	133595583	25M	25	0	1	0
1	133595595	41.3903	HA_X1279_Y911	1	>HEL_AJ541168.1	52	1	CTTGAAACCAGTGTCACCTGGATTA	NC_035433.2	133595583	25M	25	0	1	0
2	24732257	21.8092	HA_X1464_Y1037	2	>HEL_EE607763.1	58	0	CGATGAGCCGCCATCAATGGAGTTT	NC_035434.2	24732245	25M	25	0	1	0
2	24732257	22.0931	HA_X1464_Y1036	2	>HEL_4947Contig1	50	3	CGATGAGCCGCCATCAATGGAGTTT	NC_035434.2	24732245	25M	25	0	1	0
3	11406125	11.2952	HA_X791_Y778	3	>HEL_1Contig239	48	3	TGTGGCGTATGCTAAAAATCCTACC	NC_035435.2	11406113	25M	25	0	1	0
3	11406125	12.1034	HA_X698_Y173	3	CTRL_CL27C1.rc-5_st	46	5	GGTAGGATTTTTAGCATACGCCACA	NC_035435.2	11406113	25M	25	0	1	0
3	142875277	33.378	HA_X1271_Y69	3	>HEL_DY919685.1	44	5	TGTGACCTAGCACGTGCGCATCTCC	NC_035435.2	142875265	25M	25	0	1	0
3	142875277	34.1726	HA_X1271_Y70	3	>HEL_DY919685.1	46	3	TGTGACCTAGCACGTGCGCATCTCC	NC_035435.2	142875265	25M	25	0	1	0
3	161859717	42.9168	HA_X111_Y165	3	>HEL_CF090906.1	52	6	ATCCGATTCTGGCTCCTCTTCTATT	NC_035435.2	161859705	25M	25	0	1	0
3	161859717	45.238	HA_X111_Y164	3	>HEL_EL515303.1	48	6	ATCCGATTCTGGCTCCTCTTCTATT	NC_035435.2	161859705	25M	25	0	1	0
3	163430162	44.932	HA_X1172_Y1029	3	>HEL_CF087309.1	41	4	CACATGTGATCTTGAGTATGTCTTC	NC_035435.2	163430150	25M	25	0	1	0
3	163430162	48.8751	HA_X761_Y988	3	>HEL_CF087309.1	57	1	GAAGACATACTCAAGATCACATGTG	NC_035435.2	163430150	25M	25	0	1	0
3	167650841	50.4882	HA_X1171_Y1545	3	>HEL_CX946439.1	49	5	GACCTTTGAGGCAAAAAGTTTTAGC	NC_035435.2	167650829	25M	25	0	1	0
3	167650841	53.725	HA_X696_Y177	3	>HEL_CX946439.1	48	1	GCTAAAACTTTTTGCCTCAAAGGTC	NC_035435.2	167650829	25M	25	0	1	0
3	169076712	54.5271	HA_X463_Y1258	3	>HEL_CD853664.1	44	5	ACCAACATTTCTGGTGTTAAACAGC	NC_035435.2	169076700	25M	25	0	1	0
3	169076712	56.9333	HA_X463_Y1260	3	>HEL_CD851856.1	47	4	ACCAACATTTCTGGTGTTAAACAGC	NC_035435.2	169076700	25M	25	0	1	0
3	169076720	53.725	HA_X976_Y1192	3	>HEL_CD853664.1	45	5	AGTGTTTTACCAACATTTCTGGTGT	NC_035435.2	169076708	25M	25	0	1	0
3	169076720	54.5271	HA_X976_Y1194	3	>HEL_CD851856.1	48	6	AGTGTTTTACCAACATTTCTGGTGT	NC_035435.2	169076708	25M	25	0	1	0
3	169078313	54.5271	HA_X1444_Y161	3	>HEL_CD849569.1	45	6	AATGCAAAACATTCTCAATGTGAAG	NC_035435.2	169078301	25M	25	0	1	0
3	169078313	57.8241	HA_X1444_Y160	3	>HEL_CD849768.1	51	6	AATGCAAAACATTCTCAATGTGAAG	NC_035435.2	169078301	25M	25	0	1	0
3	169078315	52.4797	HA_X971_Y934	3	>HEL_EE610014.1	45	6	CCAATGCAAAACATTCTCAATGTGA	NC_035435.2	169078303	25M	25	0	1	0
3	169078315	54.5271	HA_X971_Y935	3	>HEL_EE641365.1	47	3	CCAATGCAAAACATTCTCAATGTGA	NC_035435.2	169078303	25M	25	0	1	0
3	169078315	56.9333	HA_X971_Y932	3	>HEL_CD849569.1	51	4	CCAATGCAAAACATTCTCAATGTGA	NC_035435.2	169078303	25M	25	0	1	0
3	169078318	51.0528	HA_X1268_Y547	3	>HEL_EE613700.1	48	6	AAACCAATGCAAAACATTCTCAATG	NC_035435.2	169078306	25M	25	0	1	0
3	169078318	54.5271	HA_X1268_Y549	3	>HEL_EE631146.1	52	2	AAACCAATGCAAAACATTCTCAATG	NC_035435.2	169078306	25M	25	0	1	0
4	5531223	17.2142	HA_X1335_Y905	4	>HEL_DY930934.1	51	3	TAGCTTGATTATTACCCGACATTCA	NC_035436.2	5531211	25M	25	0	1	0
4	5531223	18.0126	HA_X1335_Y903	4	>HEL_DY926532.1	49	2	TAGCTTGATTATTACCCGACATTCA	NC_035436.2	5531211	25M	25	0	1	0
4	35562136	38.5678	HA_X251_Y1128	4	>HEL_DY928969.1	50	3	TCAATACCCGTATAAACAACCACCC	NC_035436.2	35562124	25M	25	0	1	0
4	35562136	40.1377	HA_X251_Y1129	4	>HEL_DY930923.1	53	5	TCAATACCCGTATAAACAACCACCC	NC_035436.2	35562124	25M	25	0	1	0
4	35562136	40.9227	HA_X251_Y1127	4	>HEL_DY928936.1	49	2	TCAATACCCGTATAAACAACCACCC	NC_035436.2	35562124	25M	25	0	1	0
4	35562137	38.5678	HA_X120_Y582	4	>HEL_DY931334.1	54	1	GTCAATACCCGTATAAACAACCACC	NC_035436.2	35562125	25M	25	0	1	0
4	35562137	40.9227	HA_X120_Y583	4	>HEL_DY928936.1	53	2	GTCAATACCCGTATAAACAACCACC	NC_035436.2	35562125	25M	25	0	1	0
4	35562138	38.5678	HA_X121_Y1282	4	>HEL_DY930978.1	49	6	CGTCAATACCCGTATAAACAACCAC	NC_035436.2	35562126	25M	25	0	1	0
4	35562138	40.1377	HA_X120_Y584	4	>HEL_DY930923.1	45	4	CGTCAATACCCGTATAAACAACCAC	NC_035436.2	35562126	25M	25	0	1	0
4	35562138	40.9227	HA_X121_Y1284	4	>HEL_DY929900.1	49	3	CGTCAATACCCGTATAAACAACCAC	NC_035436.2	35562126	25M	25	0	1	0
4	157111590	47.1413	HA_X1389_Y424	4	>HEL_EE606194.1	60	0	TATAGCTTGCAGATACAATGGTCCA	NC_035436.2	157111578	25M	25	0	1	0
4	157111590	47.6595	HA_X567_Y1501	4	>HEL_EE606194.1	49	4	TGGACCATTGTATCTGCAAGCTATA	NC_035436.2	157111578	25M	25	0	1	0
4	178718451	49.5701	HA_X1374_Y515	4	>HEL_DY918864.1	57	2	AGTCCGGGATTTTAAACTGGCGAGG	NC_035436.2	178718439	25M	25	0	1	0
4	178718451	50.4358	HA_X1374_Y516	4	>HEL_DY918864.1	52	4	AGTCCGGGATTTTAAACTGGCGAGG	NC_035436.2	178718439	25M	25	0	1	0
4	178718453	50.4358	HA_X50_Y1442	4	>HEL_DY918864.1	50	3	CCAGTCCGGGATTTTAAACTGGCGA	NC_035436.2	178718441	25M	25	0	1	0
4	178718453	52.6088	HA_X50_Y1443	4	>HEL_DY918864.1	53	3	CCAGTCCGGGATTTTAAACTGGCGA	NC_035436.2	178718441	25M	25	0	1	0
4	185609298	53.2698	HA_X512_Y153	4	>HEL_EE606632.1	53	4	TATCCATGCTAGTTTAAGATGCTTG	NC_035436.2	185609286	25M	25	0	1	0
4	185609298	55.2528	HA_X845_Y301	4	>HEL_EE606632.1	53	0	CAAGCATCTTAAACTAGCATGGATA	NC_035436.2	185609286	25M	25	0	1	0
4	191644757	53.2698	HA_X1473_Y240	4	>HEL_EE611550.1	41	5	TCTTCTGGAGCATACATTGATCAGC	NC_035436.2	191644745	25M	25	0	1	0
4	191644757	55.9139	HA_X1427_Y1175	4	>HEL_EE611550.1	51	2	GCTGATCAATGTATGCTCCAGAAGA	NC_035436.2	191644745	25M	25	0	1	0
4	194151036	55.9139	HA_X322_Y578	4	>HEL_EL429220.1	49	6	CTATTTTCTCGCCACGATCCAGGAC	NC_035436.2	194151024	25M	25	0	1	0
4	194151036	58.7059	HA_X322_Y579	4	>HEL_EE649657.1	47	6	CTATTTTCTCGCCACGATCCAGGAC	NC_035436.2	194151024	25M	25	0	1	0
4	196545977	55.9139	HA_X1083_Y513	4	>HEL_EE619762.1	61	2	CCCTCAAAAGGCTCCATGATATCAA	NC_035436.2	196545965	25M	25	0	1	0
4	196545977	62.4601	HA_X1178_Y1402	4	>HEL_EE619762.1	49	5	TTGATATCATGGAGCCTTTTGAGGG	NC_035436.2	196545965	25M	25	0	1	0
5	109157053	40.9041	HA_X668_Y906	5	>HEL_555Contig2	56	2	GGTTTAGTGAATGAATGAAAACGCC	NC_035437.2	109157041	25M	25	0	1	0
5	109157053	41.8137	HA_X668_Y905	5	>HEL_555Contig1	55	4	GGTTTAGTGAATGAATGAAAACGCC	NC_035437.2	109157041	25M	25	0	1	0
5	159140295	49.8905	HA_X1054_Y232	5	>HEL_CD855920.1	56	0	CATTTGCTTGGACGATTGGATAGAC	NC_035437.2	159140283	25M	25	0	1	0
5	159140295	52.2513	HA_X1357_Y126	5	>HEL_CD855920.1	60	1	GTCTATCCAATCGTCCAAGCAAATG	NC_035437.2	159140283	25M	25	0	1	0
5	162809326	89.0402	HA_X712_Y421	5	>HEL_3409Contig1	50	4	TCTGGATTCCTATCTGCCTCAAAGA	NC_035437.2	162809314	25M	25	0	1	0
5	162809326	91.8879	HA_X712_Y422	5	>HEL_3409Contig2	51	6	TCTGGATTCCTATCTGCCTCAAAGA	NC_035437.2	162809314	25M	25	0	1	0
5	172787490	65.0752	HA_X1425_Y1358	5	>HEL_1Contig632	54	3	ATCTGGATCAAATGCTCTTCACAGT	NC_035437.2	172787478	25M	25	0	1	0
5	172787490	70.1215	HA_X1425_Y1357	5	>HEL_CD847297.1	50	1	ATCTGGATCAAATGCTCTTCACAGT	NC_035437.2	172787478	25M	25	0	1	0
6	43192174	46.7484	HA_X308_Y1204	6	>HEL_EL486979.1	55	2	TCAAAAATCGAATCCCTTCCTCCAG	NC_035438.2	43192162	25M	25	0	1	0
6	43192174	47.065	HA_X308_Y1203	6	>HEL_DY954964.1	50	4	TCAAAAATCGAATCCCTTCCTCCAG	NC_035438.2	43192162	25M	25	0	1	0
6	43192524	46.7484	HA_X285_Y648	6	>HEL_EE656568.1	39	3	TGTCCTTTCGGTTCCTCTCCAAGTG	NC_035438.2	43192512	25M	25	0	1	0
6	43192524	47.065	HA_X285_Y647	6	>HEL_EE654684.1	48	2	TGTCCTTTCGGTTCCTCTCCAAGTG	NC_035438.2	43192512	25M	25	0	1	0
6	43634598	46.046	HA_X59_Y395	6	>HEL_CD856315.1	48	4	GCACCAACAGGAGGTCAAGTCAACC	NC_035438.2	43634586	25M	25	0	1	0
6	43634598	46.7484	HA_X632_Y1100	6	>HEL_CD856315.1	54	3	GGTTGACTTGACCTCCTGTTGGTGC	NC_035438.2	43634586	25M	25	0	1	0
6	53893347	48.2467	HA_X1079_Y403	6	>HEL_BQ914168.1	59	2	GACCGAATGACAGACAGCGAGACAG	NC_035438.2	53893335	25M	25	0	1	0
6	53893347	48.5885	HA_X1079_Y388	6	>HEL_BQ975692.1	60	3	GACCGAATGACAGACAGCGAGACAG	NC_035438.2	53893335	25M	25	0	1	0
6	53893351	47.67	HA_X1296_Y587	6	>HEL_BQ976001.1	40	4	GAATGACAGACAGCGAGACAGGAAA	NC_035438.2	53893339	25M	25	0	1	0
6	53893351	47.9584	HA_X1296_Y583	6	>HEL_BQ914168.1	42	5	GAATGACAGACAGCGAGACAGGAAA	NC_035438.2	53893339	25M	25	0	1	0
6	53893360	47.9584	HA_X58_Y145	6	>HEL_BQ975692.1	45	4	ACAGCGAGACAGGAAAAAAGGGCAG	NC_035438.2	53893348	25M	25	0	1	0
6	53893360	48.5885	HA_X58_Y147	6	>HEL_BQ975692.1	45	4	ACAGCGAGACAGGAAAAAAGGGCAG	NC_035438.2	53893348	25M	25	0	1	0
7	123137041	13.9258	HA_X90_Y1117	7	>HEL_AJ539840.1	57	2	GTCAATAATGGATCACTTTCAGGCA	NC_035439.2	123137029	25M	25	0	1	0
7	123137041	16.3328	HA_X669_Y1279	7	>HEL_AJ539840.1	59	1	TGCCTGAAAGTGATCCATTATTGAC	NC_035439.2	123137029	25M	25	0	1	0
7	123673152	15.0052	HA_X758_Y599	7	>HEL_CX947966.1	58	2	TTGGCAGGCCTCAACCGAATGTAGC	NC_035439.2	123673140	25M	25	0	1	0
7	123673152	16.3328	HA_X19_Y843	7	>HEL_CX947966.1	53	1	GCTACATTCGGTTGAGGCCTGCCAA	NC_035439.2	123673140	25M	25	0	1	0
8	35811333	40.8198	HA_X1265_Y652	8	>HEL_CF093911.1	51	5	TTTTGTTGCAAAACAGTGACGGGTC	NC_035440.2	35811321	25M	25	0	1	0
8	35811333	41.0154	HA_X1251_Y1319	8	>HEL_CF093911.1	59	1	GACCCGTCACTGTTTTGCAACAAAA	NC_035440.2	35811321	25M	25	0	1	0
8	43500358	43.5534	HA_X1483_Y1237	8	>HEL_1Contig69	47	5	TGACTTTTCATGTAGTTCAGTTCCC	NC_035440.2	43500346	25M	25	0	1	0
8	43500358	43.7865	HA_X1483_Y1236	8	>HEL_CD846364.1	51	4	TGACTTTTCATGTAGTTCAGTTCCC	NC_035440.2	43500346	25M	25	0	1	0
8	86863106	51.2905	HA_X1447_Y1027	8	>HEL_DY925417.1	49	3	GATCATCCACCATAAGTCTAGGAGG	NC_035440.2	86863094	25M	25	0	1	0
8	86863106	51.6323	HA_X1447_Y1026	8	>HEL_5609Contig1	54	1	GATCATCCACCATAAGTCTAGGAGG	NC_035440.2	86863094	25M	25	0	1	0
8	91790238	51.9741	HA_X946_Y841	8	>HEL_EL492384.1	49	1	TCTTACCAACGTTAACCCACTGATG	NC_035440.2	91790226	25M	25	0	1	0
8	91790238	54.8176	HA_X410_Y934	8	>HEL_EL492384.1	46	3	CATCAGTGGGTTAACGTTGGTAAGA	NC_035440.2	91790226	25M	25	0	1	0
8	167030822	61.1162	HA_X435_Y195	8	>HEL_EL513796.1	57	3	CAAAAGTATTAGTGGATCGGTTGCA	NC_035440.2	167030810	25M	25	0	1	0
8	167030822	63.853	HA_X214_Y1449	8	>HEL_EL513796.1	58	0	TGCAACCGATCCACTAATACTTTTG	NC_035440.2	167030810	25M	25	0	1	0
9	16533237	14.5966	HA_X676_Y969	9	>HEL_EL489320.1	41	3	CAGAAGTGTTGTGACGGCAGAATCC	NC_035441.2	16533225	25M	25	0	1	0
9	16533237	18.9973	HA_X256_Y1315	9	>HEL_EL489320.1	46	4	GGATTCTGCCGTCACAACACTTCTG	NC_035441.2	16533225	25M	25	0	1	0
9	86113516	24.3112	HA_X1257_Y109	9	>HEL_137Contig1	51	4	CACACCATAGGCAAATAAACAGAAG	NC_035441.2	86113504	25M	25	0	1	0
9	86113516	26.0266	HA_X1257_Y110	9	>HEL_137Contig2	45	6	CACACCATAGGCAAATAAACAGAAG	NC_035441.2	86113504	25M	25	0	1	0
9	140710398	41.3792	HA_X126_Y1376	9	>HEL_DY916649.1	56	3	TTTTACCCTTTGTACCACAAGCAAG	NC_035441.2	140710386	25M	25	0	1	0
9	140710398	45.4698	HA_X126_Y1370	9	>HEL_DY951764.1	56	5	TTTTACCCTTTGTACCACAAGCAAG	NC_035441.2	140710386	25M	25	0	1	0
9	140710425	40.4878	HA_X188_Y1601	9	>HEL_EL480830.1	42	5	GAAAAGCTCCCATAGATGCAGCCAG	NC_035441.2	140710413	25M	25	0	1	0
9	140710425	45.4698	HA_X188_Y1600	9	>HEL_EL469027.1	44	5	GAAAAGCTCCCATAGATGCAGCCAG	NC_035441.2	140710413	25M	25	0	1	0
9	140712110	41.3792	HA_X310_Y1523	9	>HEL_EL469027.1	48	4	CTCATCTTCTGCATCGAGAAATAAC	NC_035441.2	140712098	25M	25	0	1	0
9	140712110	45.4698	HA_X310_Y1518	9	>HEL_EL480830.1	55	3	CTCATCTTCTGCATCGAGAAATAAC	NC_035441.2	140712098	25M	25	0	1	0
9	172754572	54.1965	HA_X700_Y38	9	>HEL_EE621173.1	55	1	GGTCGCTACTTCCTCTTACACAAGA	NC_035441.2	172754560	25M	25	0	1	0
9	172754572	54.5574	HA_X1104_Y1045	9	>HEL_EE621173.1	43	5	TCTTGTGTAAGAGGAAGTAGCGACC	NC_035441.2	172754560	25M	25	0	1	0
9	181229806	55.7225	HA_X1185_Y1324	9	>HEL_EL479227.1	55	4	CAGAACTCCCAAAGGCGCTACAAAA	NC_035441.2	181229794	25M	25	0	1	0
9	181229806	56.3906	HA_X1185_Y1325	9	>HEL_3907Contig2	53	4	CAGAACTCCCAAAGGCGCTACAAAA	NC_035441.2	181229794	25M	25	0	1	0
10	34866447	36.5085	HA_X353_Y628	10	>HEL_EE620997.1	44	5	CACGGTTTTTCCAGTTATGGTTGTA	NC_035442.2	34866435	25M	25	0	1	0
10	34866447	37.399	HA_X353_Y629	10	>HEL_EE610664.1	53	5	CACGGTTTTTCCAGTTATGGTTGTA	NC_035442.2	34866435	25M	25	0	1	0
10	34866455	36.5085	HA_X1238_Y1202	10	>HEL_EE636009.1	46	4	TTACGCCACACGGTTTTTCCAGTTA	NC_035442.2	34866443	25M	25	0	1	0
10	34866455	37.399	HA_X1238_Y1201	10	>HEL_EE620997.1	53	4	TTACGCCACACGGTTTTTCCAGTTA	NC_035442.2	34866443	25M	25	0	1	0
10	34866457	36.5085	HA_X1242_Y811	10	>HEL_EE610664.1	52	1	GATTACGCCACACGGTTTTTCCAGT	NC_035442.2	34866445	25M	25	0	1	0
10	34866457	37.399	HA_X1242_Y810	10	>HEL_EE636009.1	51	4	GATTACGCCACACGGTTTTTCCAGT	NC_035442.2	34866445	25M	25	0	1	0
10	47111974	36.5085	HA_X1002_Y1365	10	>HEL_EE617218.1	52	2	TATGGAGACATACAAGGAAAGCAGC	NC_035442.2	47111962	25M	25	0	1	0
10	47111974	40.2332	HA_X695_Y1290	10	>HEL_EE617218.1	50	3	GCTGCTTTCCTTGTATGTCTCCATA	NC_035442.2	47111962	25M	25	0	1	0
10	100359194	36.5085	HA_X1059_Y1247	10	>HEL_EL491522.1	58	1	AGAGGGTCGACTTTGGCACTTCACC	NC_035442.2	100359182	25M	25	0	1	0
10	100359194	37.399	HA_X239_Y949	10	>HEL_EL491522.1	58	1	GGTGAAGTGCCAAAGTCGACCCTCT	NC_035442.2	100359182	25M	25	0	1	0
10	125763468	36.5085	HA_X237_Y873	10	>HEL_EE613528.1	51	3	TCCTTCACTGCCGACATATCCTTTG	NC_035442.2	125763456	25M	25	0	1	0
10	125763468	37.399	HA_X597_Y1290	10	>HEL_EE613528.1	58	0	CAAAGGATATGTCGGCAGTGAAGGA	NC_035442.2	125763456	25M	25	0	1	0
10	126258509	35.0668	HA_X954_Y1460	10	>HEL_EE658627.1	57	3	AACTCCGAACTCTCAAGAAACTCCT	NC_035442.2	126258497	25M	25	0	1	0
10	126258509	36.5085	HA_X954_Y1459	10	>HEL_EL426665.1	59	1	AACTCCGAACTCTCAAGAAACTCCT	NC_035442.2	126258497	25M	25	0	1	0
10	126258509	37.399	HA_X954_Y1464	10	>HEL_DY958068.1	54	2	AACTCCGAACTCTCAAGAAACTCCT	NC_035442.2	126258497	25M	25	0	1	0
10	126258510	36.5085	HA_X1012_Y551	10	>HEL_EL463189.1	60	3	GAACTCCGAACTCTCAAGAAACTCC	NC_035442.2	126258498	25M	25	0	1	0
10	126258510	37.399	HA_X1012_Y549	10	>HEL_DY957403.1	57	2	GAACTCCGAACTCTCAAGAAACTCC	NC_035442.2	126258498	25M	25	0	1	0
10	126258511	36.5085	HA_X1013_Y725	10	>HEL_DY958068.1	60	3	AGAACTCCGAACTCTCAAGAAACTC	NC_035442.2	126258499	25M	25	0	1	0
10	126258511	37.399	HA_X1012_Y548	10	>HEL_DY947910.1	64	1	AGAACTCCGAACTCTCAAGAAACTC	NC_035442.2	126258499	25M	25	0	1	0
10	126258515	36.5085	HA_X954_Y1379	10	>HEL_EL426665.1	53	5	AAAAAGAACTCCGAACTCTCAAGAA	NC_035442.2	126258503	25M	25	0	1	0
10	126258515	37.399	HA_X954_Y1378	10	>HEL_DY947910.1	59	2	AAAAAGAACTCCGAACTCTCAAGAA	NC_035442.2	126258503	25M	25	0	1	0
10	136258423	36.5085	HA_X1254_Y1194	10	>HEL_EE609187.1	52	2	TGAACGCTTCACAAACGAACCATGG	NC_035442.2	136258411	25M	25	0	1	0
10	136258423	39.7794	HA_X503_Y243	10	>HEL_EE609187.1	62	2	CCATGGTTCGTTTGTGAAGCGTTCA	NC_035442.2	136258411	25M	25	0	1	0
10	145251130	36.5085	HA_X616_Y701	10	>HEL_2552Contig2	51	6	TGTATTGTGTTGTGACTTCACCAGC	NC_035442.2	145251118	25M	25	0	1	0
10	145251130	40.0496	HA_X616_Y702	10	>HEL_2552Contig1	47	4	TGTATTGTGTTGTGACTTCACCAGC	NC_035442.2	145251118	25M	25	0	1	0
10	153255446	36.5085	HA_X141_Y769	10	>HEL_1Contig112	61	1	AACATAGCAACCGAGAACAACCGAG	NC_035442.2	153255434	25M	25	0	1	0
10	153255446	40.2332	HA_X141_Y765	10	>HEL_BU033283.1	61	1	AACATAGCAACCGAGAACAACCGAG	NC_035442.2	153255434	25M	25	0	1	0
10	153255446	40.9722	HA_X141_Y768	10	>HEL_BU036314.1	62	0	AACATAGCAACCGAGAACAACCGAG	NC_035442.2	153255434	25M	25	0	1	0
10	153255447	36.5085	HA_X547_Y154	10	>HEL_1Contig544	49	5	CCTCGGTTGTTCTCGGTTGCTATGT	NC_035442.2	153255435	25M	25	0	1	0
10	153255447	40.2332	HA_X273_Y1039	10	>HEL_BU036132.1	60	1	ACATAGCAACCGAGAACAACCGAGG	NC_035442.2	153255435	25M	25	0	1	0
10	153255449	36.5085	HA_X1164_Y841	10	>HEL_1Contig112	59	1	ATAGCAACCGAGAACAACCGAGGAG	NC_035442.2	153255437	25M	25	0	1	0
10	153255449	40.2332	HA_X1164_Y840	10	>HEL_BU036132.1	61	1	ATAGCAACCGAGAACAACCGAGGAG	NC_035442.2	153255437	25M	25	0	1	0
10	153255451	36.5085	HA_X1025_Y102	10	>HEL_BU036314.1	56	1	AGCAACCGAGAACAACCGAGGAGAA	NC_035442.2	153255439	25M	25	0	1	0
10	153255451	40.2332	HA_X1025_Y103	10	>HEL_BU036132.1	63	0	AGCAACCGAGAACAACCGAGGAGAA	NC_035442.2	153255439	25M	25	0	1	0
10	153255452	40.2332	HA_X1025_Y101	10	>HEL_1Contig112	66	0	GCAACCGAGAACAACCGAGGAGAAC	NC_035442.2	153255440	25M	25	0	1	0
10	153255452	40.9722	HA_X289_Y974	10	>HEL_1Contig544	52	1	GTTCTCCTCGGTTGTTCTCGGTTGC	NC_035442.2	153255440	25M	25	0	1	0
10	153255453	36.5085	HA_X964_Y1224	10	>HEL_BU036132.1	57	0	CAACCGAGAACAACCGAGGAGAACA	NC_035442.2	153255441	25M	25	0	1	0
10	153255453	37.399	HA_X289_Y1221	10	>HEL_1Contig544	52	5	TGTTCTCCTCGGTTGTTCTCGGTTG	NC_035442.2	153255441	25M	25	0	1	0
10	153255453	40.2332	HA_X964_Y1225	10	>HEL_1Contig112	55	1	CAACCGAGAACAACCGAGGAGAACA	NC_035442.2	153255441	25M	25	0	1	0
10	165708906	44.549	HA_X1468_Y709	10	>HEL_4607Contig1	53	5	TCAGCACCTATCATCCTCATGCAAG	NC_035442.2	165708894	25M	25	0	1	0
10	165708906	44.9098	HA_X1468_Y708	10	>HEL_4607Contig2	55	5	TCAGCACCTATCATCCTCATGCAAG	NC_035442.2	165708894	25M	25	0	1	0
11	1973219	5.2284	HA_X55_Y417	11	>HEL_EL466018.1	47	6	TGTATTGGAGGAAATCGATGGTCCC	NC_035443.2	1973207	25M	25	0	1	0
11	1973219	6.9519	HA_X55_Y418	11	>HEL_EE624314.1	48	5	TGTATTGGAGGAAATCGATGGTCCC	NC_035443.2	1973207	25M	25	0	1	0
11	10234746	35.0045	HA_X1251_Y28	11	>HEL_EE627063.1	63	0	TCACCATGAATCACCTATGCAGTTC	NC_035443.2	10234734	25M	25	0	1	0
11	10234746	35.5952	HA_X36_Y155	11	>HEL_EE627063.1	50	3	GAACTGCATAGGTGATTCATGGTGA	NC_035443.2	10234734	25M	25	0	1	0
11	10234759	33.6807	HA_X1217_Y1175	11	>HEL_EE627063.1	50	5	CCTATGCAGTTCAAGTGTTCAATCC	NC_035443.2	10234747	25M	25	0	1	0
11	10234759	35.0045	HA_X1238_Y14	11	>HEL_EE627063.1	52	1	GGATTGAACACTTGAACTGCATAGG	NC_035443.2	10234747	25M	25	0	1	0
11	175875795	56.937	HA_X241_Y545	11	>HEL_EL456837.1	61	1	AATCAAGGATGCCATCAGAGCCCGG	NC_035443.2	175875783	25M	25	0	1	0
11	175875795	58.3349	HA_X241_Y543	11	>HEL_EL435505.1	60	3	AATCAAGGATGCCATCAGAGCCCGG	NC_035443.2	175875783	25M	25	0	1	0
12	13004300	32.3432	HA_X703_Y348	12	>HEL_CF093057.1	50	7	TAAGAGCAACTTGAAACGATTACAA	NC_035444.2	13004288	25M	25	0	1	0
12	13004300	32.8959	HA_X502_Y334	12	>HEL_CF093057.1	56	1	TTGTAATCGTTTCAAGTTGCTCTTA	NC_035444.2	13004288	25M	25	0	1	0
12	23256143	39.7085	HA_X1413_Y984	12	>HEL_EL492373.1	49	5	CAGGCGACTGCAATGTAAAATGGAA	NC_035444.2	23256131	25M	25	0	1	0
12	23256143	44.4609	HA_X408_Y852	12	>HEL_EL492373.1	39	4	TTCCATTTTACATTGCAGTCGCCTG	NC_035444.2	23256131	25M	25	0	1	0
12	23720941	39.7085	HA_X826_Y1177	12	>HEL_EE626023.1	52	5	TCAACGGCGCTGTTAGTCATTGCTA	NC_035444.2	23720929	25M	25	0	1	0
12	23720941	44.2189	HA_X906_Y229	12	>HEL_EE626023.1	58	1	TAGCAATGACTAACAGCGCCGTTGA	NC_035444.2	23720929	25M	25	0	1	0
12	68235092	59.6924	HA_X1073_Y527	12	>HEL_AJ828807.1	52	5	TTGGCTCTCTGACCTTTCTCTTTGA	NC_035444.2	68235080	25M	25	0	1	0
12	68235092	59.8718	HA_X1073_Y532	12	>HEL_CD854596.1	50	4	TTGGCTCTCTGACCTTTCTCTTTGA	NC_035444.2	68235080	25M	25	0	1	0
12	68235099	54.934	HA_X603_Y587	12	>HEL_AJ828807.1	47	5	TCTTCCTTTGGCTCTCTGACCTTTC	NC_035444.2	68235087	25M	25	0	1	0
12	68235099	59.6924	HA_X603_Y588	12	>HEL_AJ829181.1	52	3	TCTTCCTTTGGCTCTCTGACCTTTC	NC_035444.2	68235087	25M	25	0	1	0
12	68235496	54.0731	HA_X48_Y168	12	>HEL_CD852192.1	46	3	GCCGCATACGGAGATGATTCATCTC	NC_035444.2	68235484	25M	25	0	1	0
12	68235496	54.934	HA_X48_Y164	12	>HEL_CD854596.1	45	2	GCCGCATACGGAGATGATTCATCTC	NC_035444.2	68235484	25M	25	0	1	0
12	68235496	56.5491	HA_X48_Y163	12	>HEL_CD854470.1	45	6	GCCGCATACGGAGATGATTCATCTC	NC_035444.2	68235484	25M	25	0	1	0
12	68235496	59.6924	HA_X48_Y165	12	>HEL_CD851110.1	44	5	GCCGCATACGGAGATGATTCATCTC	NC_035444.2	68235484	25M	25	0	1	0
12	68235496	59.8718	HA_X48_Y162	12	>HEL_CD848805.1	47	3	GCCGCATACGGAGATGATTCATCTC	NC_035444.2	68235484	25M	25	0	1	0
12	68235508	52.0913	HA_X226_Y538	12	>HEL_CD854596.1	54	6	GCTGCAAGCATAGCCGCATACGGAG	NC_035444.2	68235496	25M	25	0	1	0
12	68235508	59.6924	HA_X226_Y539	12	>HEL_CD854470.1	49	1	GCTGCAAGCATAGCCGCATACGGAG	NC_035444.2	68235496	25M	25	0	1	0
12	68235511	59.6924	HA_X1147_Y6	12	>HEL_CD851110.1	48	5	TGTGCTGCAAGCATAGCCGCATACG	NC_035444.2	68235499	25M	25	0	1	0
12	68235511	59.8718	HA_X1147_Y9	12	>HEL_CD851466.1	44	4	TGTGCTGCAAGCATAGCCGCATACG	NC_035444.2	68235499	25M	25	0	1	0
12	160438700	66.5137	HA_X1311_Y424	12	>HEL_BU019098.1	57	1	CTAGTAATAATTAAAACAGCGGCAG	NC_035444.2	160438688	25M	25	0	1	0
12	160438700	67.0842	HA_X1311_Y423	12	>HEL_246Contig1	62	2	CTAGTAATAATTAAAACAGCGGCAG	NC_035444.2	160438688	25M	25	0	1	0
13	6297116	0	HA_X545_Y1398	13	>HEL_CX945465.1	45	6	GAGGTTTGTTTATCGGCCCGTTATG	NC_035445.2	6297104	25M	25	0	1	0
13	6297116	1.8122	HA_X218_Y1197	13	>HEL_CX945465.1	42	4	CATAACGGGCCGATAAACAAACCTC	NC_035445.2	6297104	25M	25	0	1	0
13	154957892	46.1318	HA_X1369_Y1410	13	>HEL_EE626142.1	43	2	TTTTTTATCTGCAACACGGGCTATG	NC_035445.2	154957880	25M	25	0	1	0
13	154957892	48.5387	HA_X553_Y1025	13	>HEL_EE626142.1	62	0	CATAGCCCGTGTTGCAGATAAAAAA	NC_035445.2	154957880	25M	25	0	1	0
13	160685435	50.9456	HA_X1085_Y1241	13	>HEL_EE612462.1	47	5	TCAGAGTCAGAAGGAGGAATGTCAC	NC_035445.2	160685423	25M	25	0	1	0
13	160685435	53.3334	HA_X747_Y944	13	>HEL_EE612462.1	54	0	GTGACATTCCTCCTTCTGACTCTGA	NC_035445.2	160685423	25M	25	0	1	0
14	111718155	15.7865	HA_X369_Y605	14	>HEL_EE605953.1	53	1	CGAAGCTTTTTGTCACTCTGAAGTC	NC_035446.2	111718143	25M	25	0	1	0
14	111718155	16.4476	HA_X369_Y606	14	>HEL_EE607747.1	50	3	CGAAGCTTTTTGTCACTCTGAAGTC	NC_035446.2	111718143	25M	25	0	1	0
14	111718365	16.4476	HA_X1175_Y63	14	>HEL_EL439401.1	51	3	GCATCTGTGGTGAGATATTTACTGG	NC_035446.2	111718353	25M	25	0	1	0
14	111718365	16.8925	HA_X1175_Y64	14	>HEL_EL451991.1	49	5	GCATCTGTGGTGAGATATTTACTGG	NC_035446.2	111718353	25M	25	0	1	0
14	140083958	26.3813	HA_X598_Y692	14	>HEL_DY912320.1	45	4	TGGCACTCTTGTCAATAGCTTTAGT	NC_035446.2	140083946	25M	25	0	1	0
14	140083958	27.7993	HA_X598_Y691	14	>HEL_DY912320.1	43	2	TGGCACTCTTGTCAATAGCTTTAGT	NC_035446.2	140083946	25M	25	0	1	0
14	140084152	24.9634	HA_X709_Y1506	14	>HEL_EL468786.1	49	3	ACCTCTGCACCTACCAACGTGTTGG	NC_035446.2	140084140	25M	25	0	1	0
14	140084152	26.3813	HA_X709_Y1507	14	>HEL_EE613556.1	54	3	ACCTCTGCACCTACCAACGTGTTGG	NC_035446.2	140084140	25M	25	0	1	0
14	140084152	27.7993	HA_X709_Y1504	14	>HEL_EL434270.1	49	1	ACCTCTGCACCTACCAACGTGTTGG	NC_035446.2	140084140	25M	25	0	1	0
14	140084152	28.3329	HA_X709_Y1516	14	>HEL_DY924971.1	48	3	ACCTCTGCACCTACCAACGTGTTGG	NC_035446.2	140084140	25M	25	0	1	0
14	140086817	26.3813	HA_X1286_Y20	14	>HEL_EL426353.1	62	1	ACGATAAACAGAGTATCAGCACACA	NC_035446.2	140086805	25M	25	0	1	0
14	140086817	27.7993	HA_X1286_Y21	14	>HEL_DY925276.1	57	1	ACGATAAACAGAGTATCAGCACACA	NC_035446.2	140086805	25M	25	0	1	0
14	140086818	24.9634	HA_X1161_Y14	14	>HEL_EL428983.1	59	0	CGATAAACAGAGTATCAGCACACAC	NC_035446.2	140086806	25M	25	0	1	0
14	140086818	26.3813	HA_X1161_Y21	14	>HEL_DY942692.1	61	0	CGATAAACAGAGTATCAGCACACAC	NC_035446.2	140086806	25M	25	0	1	0
14	140086818	27.7993	HA_X1161_Y16	14	>HEL_DY942315.1	61	1	CGATAAACAGAGTATCAGCACACAC	NC_035446.2	140086806	25M	25	0	1	0
14	140086819	24.9634	HA_X1161_Y15	14	>HEL_EE626303.1	49	2	GATAAACAGAGTATCAGCACACACA	NC_035446.2	140086807	25M	25	0	1	0
14	140086819	26.3813	HA_X1161_Y22	14	>HEL_DY952340.1	58	2	GATAAACAGAGTATCAGCACACACA	NC_035446.2	140086807	25M	25	0	1	0
14	140086819	27.7993	HA_X1161_Y23	14	>HEL_EL513128.1	58	1	GATAAACAGAGTATCAGCACACACA	NC_035446.2	140086807	25M	25	0	1	0
14	140086820	26.3813	HA_X544_Y760	14	>HEL_EL425273.1	56	0	ATAAACAGAGTATCAGCACACACAG	NC_035446.2	140086808	25M	25	0	1	0
14	140086820	27.7993	HA_X544_Y761	14	>HEL_EL428983.1	54	2	ATAAACAGAGTATCAGCACACACAG	NC_035446.2	140086808	25M	25	0	1	0
14	140086820	28.3329	HA_X544_Y766	14	>HEL_DY942315.1	59	1	ATAAACAGAGTATCAGCACACACAG	NC_035446.2	140086808	25M	25	0	1	0
14	140086821	24.9634	HA_X544_Y769	14	>HEL_EE617126.1	52	4	TAAACAGAGTATCAGCACACACAGA	NC_035446.2	140086809	25M	25	0	1	0
14	140086821	26.3813	HA_X544_Y772	14	>HEL_EL428983.1	49	4	TAAACAGAGTATCAGCACACACAGA	NC_035446.2	140086809	25M	25	0	1	0
14	140086821	27.7993	HA_X544_Y771	14	>HEL_EE626303.1	53	2	TAAACAGAGTATCAGCACACACAGA	NC_035446.2	140086809	25M	25	0	1	0
14	140086821	28.3329	HA_X544_Y1578	14	>HEL_EE641210.1	47	2	TAAACAGAGTATCAGCACACACAGA	NC_035446.2	140086809	25M	25	0	1	0
14	140086822	24.9634	HA_X1373_Y840	14	>HEL_EL425273.1	43	4	AAACAGAGTATCAGCACACACAGAG	NC_035446.2	140086810	25M	25	0	1	0
14	140086822	26.3813	HA_X1373_Y836	14	>HEL_EE640952.1	49	2	AAACAGAGTATCAGCACACACAGAG	NC_035446.2	140086810	25M	25	0	1	0
14	140086822	27.7993	HA_X1373_Y835	14	>HEL_DY945107.1	56	5	AAACAGAGTATCAGCACACACAGAG	NC_035446.2	140086810	25M	25	0	1	0
15	15772795	31.1774	HA_X1474_Y1225	15	>HEL_1Contig920	66	0	GAAAATCTGCATTCCTCCTCTGAGC	NC_035447.2	15772783	25M	25	0	1	0
15	15772795	31.3568	HA_X1474_Y1224	15	>HEL_1Contig587	67	0	GAAAATCTGCATTCCTCCTCTGAGC	NC_035447.2	15772783	25M	25	0	1	0
15	15772819	31.1774	HA_X1431_Y1027	15	>HEL_1Contig888	47	2	CCTGAGCACAAGATGAAGGGTTGAC	NC_035447.2	15772807	25M	25	0	1	0
15	15772819	31.3568	HA_X1431_Y1025	15	>HEL_1Contig920	51	6	CCTGAGCACAAGATGAAGGGTTGAC	NC_035447.2	15772807	25M	25	0	1	0
15	15890144	30.998	HA_X756_Y392	15	>HEL_1Contig920	54	4	TGTATCAGAACTCTCGACCTCAAGA	NC_035447.2	15890132	25M	25	0	1	0
15	15890144	31.3568	HA_X756_Y391	15	>HEL_1Contig650	59	1	TGTATCAGAACTCTCGACCTCAAGA	NC_035447.2	15890132	25M	25	0	1	0
15	49991302	39.3556	HA_X1015_Y1360	15	>HEL_EE649616.1	47	4	AAGCTGAGTGCGAACCCACAAGCCA	NC_035447.2	49991290	25M	25	0	1	0
15	49991302	44.6008	HA_X1015_Y1359	15	>HEL_EE657283.1	49	5	AAGCTGAGTGCGAACCCACAAGCCA	NC_035447.2	49991290	25M	25	0	1	0
15	49992021	39.3556	HA_X478_Y222	15	>HEL_EL428864.1	51	3	CCTCATTTTTCAGTCCAACCAAAAG	NC_035447.2	49992009	25M	25	0	1	0
15	49992021	44.6008	HA_X478_Y216	15	>HEL_CD853369.1	52	5	CCTCATTTTTCAGTCCAACCAAAAG	NC_035447.2	49992009	25M	25	0	1	0
15	49992021	45.5593	HA_X478_Y217	15	>HEL_EE649616.1	55	4	CCTCATTTTTCAGTCCAACCAAAAG	NC_035447.2	49992009	25M	25	0	1	0
15	49992022	39.3556	HA_X1289_Y1005	15	>HEL_CD853318.1	52	4	CTCATTTTTCAGTCCAACCAAAAGT	NC_035447.2	49992010	25M	25	0	1	0
15	49992022	44.6008	HA_X1289_Y1001	15	>HEL_CD854161.1	49	3	CTCATTTTTCAGTCCAACCAAAAGT	NC_035447.2	49992010	25M	25	0	1	0
15	49992022	45.5593	HA_X1289_Y1000	15	>HEL_EL428864.1	60	4	CTCATTTTTCAGTCCAACCAAAAGT	NC_035447.2	49992010	25M	25	0	1	0
15	114829324	60.9848	HA_X173_Y170	15	>HEL_EL434524.1	53	4	TACAATTGCACCAGGAACAAACCCA	NC_035447.2	114829312	25M	25	0	1	0
15	114829324	61.1663	HA_X173_Y171	15	>HEL_DY952053.1	54	2	TACAATTGCACCAGGAACAAACCCA	NC_035447.2	114829312	25M	25	0	1	0
15	114829342	61.1663	HA_X1304_Y1100	15	>HEL_DY952053.1	51	2	AAACCCAGCAGAATACAAGTCCTGT	NC_035447.2	114829330	25M	25	0	1	0
15	114829342	63.1588	HA_X1304_Y1099	15	>HEL_EL465349.1	55	2	AAACCCAGCAGAATACAAGTCCTGT	NC_035447.2	114829330	25M	25	0	1	0
15	114829789	59.8519	HA_X307_Y1257	15	>HEL_EE623257.1	44	4	TGGTGATTCTCGATCTACTAGCTGC	NC_035447.2	114829777	25M	25	0	1	0
15	114829789	60.4184	HA_X307_Y1256	15	>HEL_EE617062.1	49	2	TGGTGATTCTCGATCTACTAGCTGC	NC_035447.2	114829777	25M	25	0	1	0
15	114829789	61.1663	HA_X307_Y1255	15	>HEL_EE626261.1	51	6	TGGTGATTCTCGATCTACTAGCTGC	NC_035447.2	114829777	25M	25	0	1	0
15	124728782	63.1588	HA_X1187_Y1609	15	>HEL_CF079515.1	51	4	TGGCATCGACCAAATTACACTATTG	NC_035447.2	124728770	25M	25	0	1	0
15	124728782	65.0819	HA_X1311_Y1159	15	>HEL_CF079515.1	52	3	CAATAGTGTAATTTGGTCGATGCCA	NC_035447.2	124728770	25M	25	0	1	0
16	1323210	0	HA_X1296_Y1428	16	>HEL_DY920665.1	52	6	TACGCATCGACAGCGATCTTCGGGA	NC_035448.2	1323198	25M	25	0	1	0
16	1323210	0.3148	HA_X1296_Y1434	16	>HEL_DY920665.1	55	1	TACGCATCGACAGCGATCTTCGGGA	NC_035448.2	1323198	25M	25	0	1	0
16	1323210	0.4722	HA_X1296_Y1435	16	>HEL_EL417481.1	55	2	TACGCATCGACAGCGATCTTCGGGA	NC_035448.2	1323198	25M	25	0	1	0
16	1323213	0	HA_X1067_Y185	16	>HEL_EL418732.1	61	2	ACATACGCATCGACAGCGATCTTCG	NC_035448.2	1323201	25M	25	0	1	0
16	1323213	0.3148	HA_X1067_Y187	16	>HEL_EL429487.1	54	2	ACATACGCATCGACAGCGATCTTCG	NC_035448.2	1323201	25M	25	0	1	0
16	132573116	47.0939	HA_X130_Y302	16	>HEL_EE618941.1	49	2	GCAATTAGCCCTATTTTAGTCCACA	NC_035448.2	132573104	25M	25	0	1	0
16	132573116	47.8763	HA_X838_Y87	16	>HEL_EE618941.1	47	2	TGTGGACTAAAATAGGGCTAATTGC	NC_035448.2	132573104	25M	25	0	1	0
16	137483513	48.7989	HA_X903_Y262	16	>HEL_EL487001.1	62	1	TTTCGCCTAAAAACACACTCTCGTC	NC_035448.2	137483501	25M	25	0	1	0
16	137483513	49.335	HA_X673_Y1506	16	>HEL_EL487001.1	53	4	GACGAGAGTGTGTTTTTAGGCGAAA	NC_035448.2	137483501	25M	25	0	1	0
16	167839990	54.3749	HA_X1055_Y267	16	>HEL_EE621394.1	45	6	TACTTCCGACGGTACAATCTTTCCC	NC_035448.2	167839978	25M	25	0	1	0
16	167839990	55.6759	HA_X1055_Y268	16	>HEL_EE610864.1	46	1	TACTTCCGACGGTACAATCTTTCCC	NC_035448.2	167839978	25M	25	0	1	0
16	167840353	54.3749	HA_X194_Y1513	16	>HEL_EL461626.1	56	4	AAAGCGCTTCCTGATCGTGTCAATA	NC_035448.2	167840341	25M	25	0	1	0
16	167840353	55.2374	HA_X194_Y1514	16	>HEL_EE638892.1	51	2	AAAGCGCTTCCTGATCGTGTCAATA	NC_035448.2	167840341	25M	25	0	1	0
16	167840355	55.2374	HA_X778_Y722	16	>HEL_DY951314.1	58	4	TTAAAGCGCTTCCTGATCGTGTCAA	NC_035448.2	167840343	25M	25	0	1	0
16	167840355	55.6759	HA_X778_Y711	16	>HEL_EL424556.1	47	7	TTAAAGCGCTTCCTGATCGTGTCAA	NC_035448.2	167840343	25M	25	0	1	0
16	167840356	47.0939	HA_X344_Y246	16	>HEL_DY951314.1	40	4	TTTAAAGCGCTTCCTGATCGTGTCA	NC_035448.2	167840344	25M	25	0	1	0
16	167840356	55.6759	HA_X344_Y247	16	>HEL_EE638892.1	49	6	TTTAAAGCGCTTCCTGATCGTGTCA	NC_035448.2	167840344	25M	25	0	1	0
16	191427255	65.6463	HA_X477_Y920	16	>HEL_EL491426.1	53	2	AGCTGCCGGTTCAACAAACTTCCAG	NC_035448.2	191427243	25M	25	0	1	0
16	191427255	70.22	HA_X609_Y362	16	>HEL_EL491426.1	46	6	CTGGAAGTTTGTTGAACCGGCAGCT	NC_035448.2	191427243	25M	25	0	1	0
16	191991679	65.6463	HA_X908_Y236	16	>HEL_13043Contig1	55	1	GGGACAGCTAAGCACTGCATCGGAA	NC_035448.2	191991667	25M	25	0	1	0
16	191991679	68.2799	HA_X908_Y237	16	>HEL_DY959041.1	59	1	GGGACAGCTAAGCACTGCATCGGAA	NC_035448.2	191991667	25M	25	0	1	0
16	193476386	65.6463	HA_X687_Y58	16	>HEL_EL475109.1	43	5	ACAAGCAGTCCTTTAAAGCTCTAAA	NC_035448.2	193476374	25M	25	0	1	0
16	193476386	74.9966	HA_X384_Y170	16	>HEL_EL475109.1	45	6	TTTAGAGCTTTAAAGGACTGCTTGT	NC_035448.2	193476374	25M	25	0	1	0
17	10014597	28.6378	HA_X1265_Y466	17	>HEL_EE611348.1	51	5	AAATTCGTGCAAATCCTGCTTGAAG	NC_035449.2	10014585	25M	25	0	1	0
17	10014597	33.6323	HA_X1265_Y467	17	>HEL_EE661192.1	51	1	AAATTCGTGCAAATCCTGCTTGAAG	NC_035449.2	10014585	25M	25	0	1	0
17	23532256	43.7047	HA_X227_Y825	17	>HEL_EE610149.1	45	5	AATTGGAAGCCTAAATTGGACTTGG	NC_035449.2	23532244	25M	25	0	1	0
17	23532256	44.0677	HA_X1317_Y1202	17	>HEL_EE610149.1	49	1	CCAAGTCCAATTTAGGCTTCCAATT	NC_035449.2	23532244	25M	25	0	1	0
17	23532712	42.9871	HA_X1396_Y1113	17	>HEL_EE610149.1	48	5	CAGGGAGATCTGATAACTGCTTTTA	NC_035449.2	23532700	25M	25	0	1	0
17	23532712	43.7047	HA_X521_Y1118	17	>HEL_EE610149.1	47	4	TAAAAGCAGTTATCAGATCTCCCTG	NC_035449.2	23532700	25M	25	0	1	0
17	123578991	47.2056	HA_X172_Y406	17	>HEL_EE648441.1	44	5	AATTTTCACCAAGCGTTCGATAAAC	NC_035449.2	123578979	25M	25	0	1	0
17	123578991	48.5887	HA_X172_Y407	17	>HEL_CD850997.1	43	4	AATTTTCACCAAGCGTTCGATAAAC	NC_035449.2	123578979	25M	25	0	1	0
17	123579484	48.1413	HA_X382_Y959	17	>HEL_EL423245.1	50	5	TGACTGGCCTTTCAAACCAAGGAAT	NC_035449.2	123579472	25M	25	0	1	0
17	123579484	48.5887	HA_X382_Y955	17	>HEL_EE648929.1	54	2	TGACTGGCCTTTCAAACCAAGGAAT	NC_035449.2	123579472	25M	25	0	1	0
17	124890358	48.365	HA_X816_Y1041	17	>HEL_CD848902.1	66	1	GCATCCGGCATCTGTTAAGCAGTTA	NC_035449.2	124890346	25M	25	0	1	0
17	124890358	48.5887	HA_X894_Y1128	17	>HEL_CD848902.1	61	3	TAACTGCTTAACAGATGCCGGATGC	NC_035449.2	124890346	25M	25	0	1	0
17	162603459	48.5887	HA_X343_Y18	17	>HEL_DY945869.1	48	7	CCCCGATGGCGCCACTTTCTTAACC	NC_035449.2	162603447	25M	25	0	1	0
17	162603459	51.0773	HA_X343_Y17	17	>HEL_2Contig48	49	4	CCCCGATGGCGCCACTTTCTTAACC	NC_035449.2	162603447	25M	25	0	1	0
17	181292034	53.1561	HA_X497_Y1226	17	>HEL_617Contig1	57	0	TAAGACGGTTCTGTAATCCGGCGGC	NC_035449.2	181292022	25M	25	0	1	0
17	181292034	54.1955	HA_X497_Y1225	17	>HEL_617Contig4	55	2	TAAGACGGTTCTGTAATCCGGCGGC	NC_035449.2	181292022	25M	25	0	1	0
